date,geo,population,revenue,competitor_index,tv_spend,tv_impressions,ooh_spend,ooh_impressions,social_spend,social_impressions,display_spend,display_impressions,search_spend,search_impressions
2023-01-02,geo_1,14000000,1861016.43,107.379,36773.22,3128080,11935.85,1931939,22015.91,2659095,16125.05,3439033,45850.01,1868675
2023-01-09,geo_1,14000000,1629024.14,103.257,48117.42,3829719,12614.17,2285781,26401.48,3411482,14840.69,3176031,48262.42,2024785
2023-01-16,geo_1,14000000,1681307.46,103.017,39439.11,3363658,11994.9,2078707,22716.28,3088238,16218.42,2687920,41078.88,1699338
2023-01-23,geo_1,14000000,1981093.72,101.376,45916.94,3925044,42080.05,7486370,19084.0,2384380,17037.51,3470374,50808.21,2000388
2023-01-30,geo_1,14000000,1824957.39,99.45,46636.06,3952506,45324.1,8088787,50704.92,6389562,20196.89,3506579,48184.9,1921016
2023-02-06,geo_1,14000000,1936175.6,98.085,41502.5,3368932,38493.26,6022041,55066.56,6572098,42616.81,8066641,50912.32,1880548
2023-02-13,geo_1,14000000,2004298.06,98.131,51787.0,4397400,50697.39,9466318,64231.81,8399076,38350.21,7559626,52600.84,2267948
2023-02-20,geo_1,14000000,1998353.59,96.423,41903.05,3579373,12773.23,2268478,19208.32,2517041,39940.11,8149285,41605.83,1642390
2023-02-27,geo_1,14000000,2180977.99,94.693,158980.91,14461802,51819.15,7692254,22383.13,2709014,16272.92,3047161,44816.71,1886491
2023-03-06,geo_1,14000000,2150441.19,96.543,165579.45,14114052,41584.91,7498731,24172.71,2965500,23519.6,4025735,34447.22,1291393
2023-03-13,geo_1,14000000,2037299.17,98.114,172035.9,13521098,49354.9,8173477,17709.32,2184241,18249.76,3443998,39502.52,1623820
2023-03-20,geo_1,14000000,2129378.88,98.247,135891.19,11508183,40854.3,7454431,26274.8,3353812,22654.97,4412744,37596.13,1420738
2023-03-27,geo_1,14000000,2063344.95,97.958,37143.92,3167944,9785.22,1638775,20329.17,2648074,15515.8,2806365,49080.42,1955873
2023-04-03,geo_1,14000000,1913965.09,98.866,34410.27,2863253,8717.5,1464900,20077.23,2898535,17771.32,3638094,50567.26,1880049
2023-04-10,geo_1,14000000,1834842.77,101.39,30498.08,2583976,9158.73,1467023,19310.94,2617328,23336.68,4239730,47557.17,1735304
2023-04-17,geo_1,14000000,2045700.98,102.772,44781.17,3747522,13940.44,2380440,53801.24,6958634,19652.98,3570400,44797.35,1858516
2023-04-24,geo_1,14000000,1744195.75,103.016,47680.21,4465163,12940.5,2058052,55944.95,6501517,25994.92,4734735,53973.19,1976361
2023-05-01,geo_1,14000000,1940977.2,102.104,181932.87,15012731,15559.5,2633942,55413.27,5666132,21794.1,4084084,46667.54,1818269
2023-05-08,geo_1,14000000,1898307.09,101.654,121466.71,10804242,11129.1,1851813,30234.48,4118581,23146.56,4449566,39779.89,1389141
2023-05-15,geo_1,14000000,2125665.66,99.801,157614.48,13247764,14805.22,2750490,15976.6,2114895,15455.49,2894169,48239.11,2107542
2023-05-22,geo_1,14000000,2056548.46,102.502,160577.0,11673766,13205.25,2140538,20458.46,2417532,46996.02,9402855,96396.66,4239641
2023-05-29,geo_1,14000000,1821746.95,100.244,35095.83,3055780,38777.61,6037745,19745.32,2314639,42998.74,8466791,91759.98,3542736
2023-06-05,geo_1,14000000,1752135.91,99.166,41748.82,3375275,52063.98,8729732,22272.35,2469711,57199.84,10160302,32182.2,1269528
2023-06-12,geo_1,14000000,1726011.93,98.68,34319.67,2787781,39674.84,6771591,21833.18,2685563,18383.28,3763160,37518.8,1518917
2023-06-19,geo_1,14000000,1914358.51,98.675,36095.61,3097363,36360.12,6577711,23620.83,3056972,18761.1,3386662,85896.71,3303268
2023-06-26,geo_1,14000000,1981919.04,100.71,37561.49,3120453,10146.98,1569233,23927.28,2903758,16626.06,3163428,78393.04,3095667
2023-07-03,geo_1,14000000,1753526.56,101.017,38074.23,2936773,10746.35,1613214,21825.09,2800647,14646.37,2881766,67097.09,2399321
2023-07-10,geo_1,14000000,1842654.97,99.201,36690.06,3259862,10770.9,1724687,61745.68,7673285,19033.0,3776600,77988.89,3308837
2023-07-17,geo_1,14000000,1888025.83,97.479,45887.87,4067428,13271.79,2226560,44550.98,5344890,41085.54,8341857,36506.16,1390032
2023-07-24,geo_1,14000000,1899872.6,98.216,147540.88,12197240,11005.43,1905836,50227.91,6281658,45831.44,9057512,43336.55,1787112
2023-07-31,geo_1,14000000,2182804.2,100.691,155030.07,13402923,13036.69,2339290,21193.33,2476719,38592.1,7084230,43203.49,1866169
2023-08-07,geo_1,14000000,1981667.2,100.207,151474.4,12700368,8843.34,1491399,26442.71,3159270,17921.47,3589152,48268.23,2001636
2023-08-14,geo_1,14000000,1821778.59,99.822,208258.1,18778158,12701.68,2112951,18886.32,2408924,16227.86,3374352,37060.26,1425930
2023-08-21,geo_1,14000000,1981897.1,100.004,35350.84,3110778,13414.45,2258623,20204.25,2369545,15457.28,3086900,44520.76,1627088
2023-08-28,geo_1,14000000,1900547.31,99.665,44462.33,3461888,11385.52,1837294,26117.26,3053447,17217.57,3388130,35151.2,1516344
2023-09-04,geo_1,14000000,1805363.78,101.582,51040.62,4567524,11671.17,1858684,24628.48,2973869,15312.02,2780076,42262.62,1735710
2023-09-11,geo_1,14000000,1515792.81,101.538,35742.88,3051324,10066.87,1797611,20219.15,2727935,17308.43,3628908,40307.57,1847903
2023-09-18,geo_1,14000000,1479642.82,102.617,37778.3,3155200,9890.69,1630470,27076.76,3343498,14398.38,3007105,38840.13,1632077
2023-09-25,geo_1,14000000,1628637.63,102.217,42805.45,3675975,10791.41,1576973,24469.41,3033972,15487.7,3150005,39339.14,1683869
2023-10-02,geo_1,14000000,1733575.49,101.467,35652.8,3248196,11829.99,1894287,22926.2,2893264,19615.24,3868142,38238.6,1484061
2023-10-09,geo_1,14000000,1488407.18,102.978,47885.58,4031976,10224.18,1801503,22907.21,3007350,15863.76,3220009,43649.02,1731479
2023-10-16,geo_1,14000000,1642698.24,101.705,40227.06,3051200,10332.6,1715313,24485.5,2878444,14228.88,2847503,40899.91,1577515
2023-10-23,geo_1,14000000,1592194.9,101.65,47967.8,4076196,14562.29,2438908,55333.67,7779739,48890.37,9814875,41722.71,1805326
2023-10-30,geo_1,14000000,1666505.73,104.487,180844.41,14766362,47829.42,8446499,61360.91,7086809,44055.98,7967972,38029.83,1561872
2023-11-06,geo_1,14000000,1777357.02,105.223,161598.31,13432360,46506.89,7285086,64666.78,8914078,39476.75,8015914,38244.35,1556158
2023-11-13,geo_1,14000000,1821874.8,104.038,185249.35,16546693,47465.25,7782729,20540.1,2729964,17114.24,3322111,32464.73,1538226
2023-11-20,geo_1,14000000,2272056.59,103.167,156962.15,14530186,50022.36,8913474,19673.03,2492286,21486.22,4150818,31078.52,1088596
2023-11-27,geo_1,14000000,1906226.19,101.644,49198.94,3840672,11979.9,2097447,71495.21,9218091,18040.3,3316676,37291.73,1427627
2023-12-04,geo_1,14000000,2011342.0,101.268,149326.77,12941930,46936.9,8300749,53692.85,6357086,17013.98,3319159,102448.68,4153174
2023-12-11,geo_1,14000000,1906953.73,101.734,160739.75,13073274,42699.14,6972255,73084.45,9006927,21489.84,4358366,80955.87,3104919
2023-12-18,geo_1,14000000,1885477.93,102.065,197576.29,17662243,47582.45,7881859,23647.61,2759306,20659.29,3989687,35837.11,1368132
2023-12-25,geo_1,14000000,2350561.65,99.813,136351.09,10743327,36304.18,5472337,15951.63,2042260,21285.28,3974368,31449.57,1335150
2024-01-01,geo_1,14000000,1732650.72,99.741,46609.08,4006243,13797.83,2345830,23607.75,2803153,19598.01,3755303,44282.0,1998297
2024-01-08,geo_1,14000000,1987632.58,100.783,42510.8,3475771,12548.33,2085982,20957.08,2666540,20401.39,4164358,38003.45,1418300
2024-01-15,geo_1,14000000,1976622.88,99.376,40802.39,3562063,11695.37,1908178,17128.21,2178889,16773.28,3777594,39157.94,1605133
2024-01-22,geo_1,14000000,2132521.61,97.54,41540.03,3472006,12288.56,1962861,22240.28,2718543,17613.8,3385072,89919.15,3396156
2024-01-29,geo_1,14000000,2026526.09,97.208,53489.03,4622661,12412.16,2263765,18976.59,2347425,42722.37,7384408,91969.25,3968173
2024-02-05,geo_1,14000000,2207232.39,96.364,145728.53,11824063,49071.95,8341553,20524.94,2407093,42765.36,9096963,48940.06,1960696
2024-02-12,geo_1,14000000,2290259.97,96.146,189377.03,15789690,55819.89,9901183,25252.92,3209408,50517.07,9427172,47729.54,2120846
2024-02-19,geo_1,14000000,2115441.62,96.325,179362.14,14914471,52259.69,8573977,59837.02,7264536,20582.78,3743957,45941.08,1936781
2024-02-26,geo_1,14000000,2271522.31,96.74,160214.39,13976407,45511.02,8287188,55155.84,7287771,16810.07,3340556,41307.36,1711740
2024-03-04,geo_1,14000000,2133294.64,97.884,40754.33,3750649,13032.9,2355038,54294.51,6775585,17017.63,3488635,36596.9,1681550
2024-03-11,geo_1,14000000,1973297.65,98.863,45281.03,3751762,10618.87,1844999,21041.0,2516207,20182.5,3867181,40108.65,1680567
2024-03-18,geo_1,14000000,1911280.79,101.724,39102.44,3292272,10417.49,1765257,19271.97,2472423,21133.81,4376318,44906.5,1685182
2024-03-25,geo_1,14000000,1896375.12,101.791,34876.84,2833897,9971.22,1716739,19129.1,2195063,19703.36,4044749,32677.33,1390674
2024-04-01,geo_1,14000000,1847239.16,100.824,42830.44,3322833,11753.59,2049888,21859.19,2689869,18321.78,3447111,40877.36,1699572
2024-04-08,geo_1,14000000,2000874.8,97.688,37861.72,3331029,11010.75,2023533,23621.21,3025962,20269.99,3799676,46441.68,1948831
2024-04-15,geo_1,14000000,1946515.71,97.782,39764.75,3465966,10045.0,1648222,20581.69,2435512,22937.14,4819918,43611.22,1845429
2024-04-22,geo_1,14000000,1763929.75,98.568,41280.92,3442924,10353.86,1756352,22128.49,2728105,24977.89,4740140,36610.03,1442847
2024-04-29,geo_1,14000000,1861972.91,98.825,45618.62,4149930,13146.05,2352933,22654.83,2528794,18743.99,3466338,35794.77,1527237
2024-05-06,geo_1,14000000,1739091.4,99.538,54195.16,4473801,12165.01,2115990,19500.97,2444140,17091.15,3427703,39042.81,1569100
2024-05-13,geo_1,14000000,1996077.01,97.147,47317.92,3946974,37197.72,5915928,61786.28,8325590,19265.41,3815137,35867.88,1341134
2024-05-20,geo_1,14000000,1968003.93,97.754,46341.18,3690943,31250.49,5581484,64626.51,7740557,40553.38,7723447,38944.75,1675313
2024-05-27,geo_1,14000000,2173725.44,97.678,49499.85,3862356,35186.46,5904261,59210.79,7267335,42814.53,7998683,44024.65,1781829
2024-06-03,geo_1,14000000,1885173.99,99.06,45421.23,4395105,40373.43,6594795,20639.24,2551512,39491.62,7879601,38369.99,1511257
2024-06-10,geo_1,14000000,2075433.06,99.895,35474.78,3022354,9868.66,1589190,18972.19,2296952,18901.35,3939564,36162.58,1463437
2024-06-17,geo_1,14000000,2026637.3,98.747,41093.5,3417243,9012.54,1502683,16279.5,1768964,20511.93,4046466,40785.99,1840303
2024-06-24,geo_1,14000000,1746318.69,97.544,38337.73,3131741,9867.49,1670550,25379.59,2771419,22135.75,3870864,39511.14,1522309
2024-07-01,geo_1,14000000,1934701.54,99.216,47392.53,4092550,12076.12,1870058,22649.06,2529690,20610.88,3965633,38812.18,1503160
2024-07-08,geo_1,14000000,1749482.25,99.783,51363.02,4158488,12279.94,2137572,20537.77,2475097,18741.75,3391854,33056.36,1494696
2024-07-15,geo_1,14000000,1873366.49,102.411,44128.07,3272137,11926.56,2170373,49148.82,6051554,16582.47,3284617,49801.98,2251234
2024-07-22,geo_1,14000000,1838223.79,100.007,36979.0,3428667,12120.87,2079164,57721.46,6866661,48175.94,8525493,103193.87,4337489
2024-07-29,geo_1,14000000,1830154.56,99.277,46098.71,3954375,11689.53,1899975,65372.83,8735553,40887.97,8193569,85163.18,3612196
2024-08-05,geo_1,14000000,1859977.07,100.057,38198.58,3099342,9167.21,1534925,23652.05,3115420,36973.61,7385983,42123.85,1690022
2024-08-12,geo_1,14000000,1825503.03,100.393,44026.46,3613841,11537.54,2114148,19849.42,2342679,17415.84,3581222,44274.07,1676764
2024-08-19,geo_1,14000000,1665032.33,100.135,36576.04,2955072,9516.95,1597742,32726.49,3946220,16153.79,3131953,43587.11,1879420
2024-08-26,geo_1,14000000,1754468.58,102.924,137621.4,12286920,38778.1,6662104,60333.99,6854425,23140.09,5186996,50085.57,2085551
2024-09-02,geo_1,14000000,1738535.57,100.011,133263.3,11865013,41318.87,7015240,50001.57,6440507,21096.16,3876478,46011.86,1873855
2024-09-09,geo_1,14000000,1805400.48,100.65,152257.36,12647727,47320.04,7556269,59496.3,6525390,21780.41,4495428,41054.24,1808390
2024-09-16,geo_1,14000000,1985505.94,99.224,137354.6,11174645,44999.69,7477676,22050.09,2724772,18227.06,3533123,45369.96,1710012
2024-09-23,geo_1,14000000,1866366.33,97.207,38393.13,3110571,14133.66,2222658,23136.8,2971628,18137.99,3560666,46635.06,2029831
2024-09-30,geo_1,14000000,1796034.47,96.564,30540.83,2534482,11885.23,1955515,21629.88,2548206,19895.99,3671232,47319.89,2050114
2024-10-07,geo_1,14000000,1634495.37,97.209,38214.12,3225431,14769.86,2662309,18080.82,2348417,18102.16,3413952,42456.05,1514559
2024-10-14,geo_1,14000000,1682951.25,96.223,33122.45,2900159,12550.61,1882967,22785.77,2696778,21219.57,4190716,38049.03,1645960
2024-10-21,geo_1,14000000,1771650.68,96.382,41394.11,3600185,14156.78,2335256,19604.57,2261997,21803.96,3934128,51328.48,2285928
2024-10-28,geo_1,14000000,1789696.24,96.404,41573.38,3577163,13088.4,2143279,21946.87,2684739,19159.12,3587134,44046.48,1821230
2024-11-04,geo_1,14000000,1546826.93,97.279,35811.53,3051237,12494.69,2337238,20730.45,2428105,20226.38,3753740,44860.57,1921496
2024-11-11,geo_1,14000000,1713543.8,97.212,35793.55,3387575,11918.28,2155536,22633.0,2883003,23868.51,4680780,51816.97,2275227
2024-11-18,geo_1,14000000,1776966.7,98.823,35856.9,2737644,12183.89,2141374,22764.34,3001497,20484.5,3728463,41652.98,1697222
2024-11-25,geo_1,14000000,2047663.86,99.188,35945.23,3009561,12677.96,2207132,21969.73,2775320,15488.93,2789295,40399.65,1606508
2024-12-02,geo_1,14000000,1749307.92,98.591,34847.4,2718814,13299.01,2431573,77442.38,8853091,16201.8,3039990,43201.96,1694968
2024-12-09,geo_1,14000000,1997624.6,97.673,176071.24,14572349,48149.39,7374690,50739.3,6036222,17030.93,3534317,36577.36,1514727
2024-12-16,geo_1,14000000,2092920.2,96.065,143668.38,12546592,47503.26,7956961,51541.1,6105250,17358.22,3272347,35769.71,1421866
2024-12-23,geo_1,14000000,2518299.06,97.05,123908.34,10272521,35102.66,6451908,23051.02,2724364,43859.12,8871053,34633.98,1284549
2024-12-30,geo_1,14000000,2119658.87,98.097,167997.33,12673054,45167.28,8428246,22767.0,2684502,38093.39,8041399,40653.53,1680611
2025-01-06,geo_1,14000000,2117103.01,98.816,41774.85,3164685,13187.74,2284567,25080.75,3110285,51070.57,9530506,31326.5,1267479
2025-01-13,geo_1,14000000,2243306.72,96.74,48136.22,3773031,12616.32,2081186,46589.49,5988388,17858.91,3305422,75199.68,2911020
2025-01-20,geo_1,14000000,2038693.8,98.318,48239.0,3945314,10310.12,1600971,52655.07,7050230,43517.67,8223544,71538.37,2673059
2025-01-27,geo_1,14000000,2025869.72,97.547,46184.54,3718437,12379.98,2077990,65690.99,7001259,36880.2,7029550,40723.32,1663371
2025-02-03,geo_1,14000000,2193058.19,95.246,43690.53,3313405,11361.4,1995685,22651.82,2738212,30902.11,5749709,32889.77,1420901
2025-02-10,geo_1,14000000,2069379.91,94.463,41394.96,3528763,10884.48,1866518,22446.22,2385519,17307.7,3392339,37948.27,1566724
2025-02-17,geo_1,14000000,1984489.98,98.611,36997.72,3445687,10359.42,1844157,18429.6,2240366,18569.03,3501558,37694.02,1478266
2025-02-24,geo_1,14000000,2259461.27,97.971,35400.84,2953758,11066.27,1950258,18042.87,2343544,19281.21,3687944,37131.95,1555989
2025-03-03,geo_1,14000000,1824782.55,99.922,142374.67,11531689,10026.09,1678313,20537.83,2769460,16363.75,3111299,39432.41,1531488
2025-03-10,geo_1,14000000,1872744.24,97.78,156724.04,14552540,12894.52,2172582,23401.17,2853870,16462.15,3086591,28197.46,1200638
2025-03-17,geo_1,14000000,2152690.64,98.32,121383.34,10246695,10708.61,1567389,24975.52,3318640,14229.31,2841127,34633.14,1289626
2025-03-24,geo_1,14000000,2114234.14,97.826,151381.45,13667184,12747.16,2093640,24559.62,3284133,12497.33,2463360,31604.42,1257246
2025-03-31,geo_1,14000000,2173935.07,97.101,34273.3,3122606,13406.57,2138111,18365.44,2214120,36941.79,7038260,32201.16,1470377
2025-04-07,geo_1,14000000,2067543.05,97.55,150369.41,12040327,39279.22,6234357,23206.1,2535332,41055.16,7344828,40297.84,1721640
2025-04-14,geo_1,14000000,2333879.56,94.37,145645.52,12706000,41998.63,7250814,22957.47,2801541,40265.52,7341467,33114.87,1272414
2025-04-21,geo_1,14000000,2285366.22,95.077,161955.38,13266316,45117.74,7882081,20791.86,2424422,18728.46,3355375,33676.0,1307279
2025-04-28,geo_1,14000000,2139305.22,97.209,155538.64,12723340,40198.42,7211255,21574.82,2628908,19440.18,3599071,41665.62,1707378
2025-05-05,geo_1,14000000,2200827.58,96.818,46084.14,3781608,12349.49,1971384,51689.43,6818008,18876.19,3325778,31236.64,1262807
2025-05-12,geo_1,14000000,1995454.87,97.609,39583.72,3243443,11069.22,1846450,54661.83,6253748,20055.54,3630981,43261.67,1768378
2025-05-19,geo_1,14000000,2113488.3,98.278,41651.48,3477312,12250.53,1990780,43833.33,5166813,19529.08,4057195,32718.25,1311007
2025-05-26,geo_1,14000000,2039002.59,99.32,41133.18,3236930,12573.97,2165476,27790.05,3315794,16522.98,3281222,45088.02,2040127
2025-06-02,geo_1,14000000,2049010.98,100.874,32724.35,2716777,12302.89,2396348,24748.02,2716712,14682.47,2797096,33472.42,1353326
2025-06-09,geo_1,14000000,2004323.39,100.603,35500.31,3336544,11575.45,1797581,30044.87,3598636,18835.83,3951804,78919.23,2921900
2025-06-16,geo_1,14000000,1906608.63,100.952,48881.86,4054919,13871.41,2303472,22894.4,2986148,20813.34,4216972,83218.57,3634988
2025-06-23,geo_1,14000000,2043743.15,99.274,44514.6,3703287,12839.61,2266058,19495.67,2521998,19706.52,4199940,41222.15,1618803
2025-06-30,geo_1,14000000,1859551.34,100.041,41907.67,3631469,12425.79,2329996,74189.58,9026059,54623.72,9692101,43807.74,1835225
2025-07-07,geo_1,14000000,1835125.69,100.319,48259.46,3728530,14177.73,2463710,43442.1,5059084,47171.25,9224064,41775.77,1719513
2025-07-14,geo_1,14000000,1938994.9,100.297,42507.77,3001494,12943.24,2140264,48376.62,6295490,34063.74,7212211,43280.65,1767309
2025-07-21,geo_1,14000000,2098704.42,101.181,163795.77,14144778,46283.66,7954175,23931.98,2664730,20177.46,4082522,39928.79,1559481
2025-07-28,geo_1,14000000,1943457.29,100.54,161411.77,12841713,42149.93,7835324,25679.0,3311184,37380.56,7028588,32831.57,1327646
2025-08-04,geo_1,14000000,2035723.86,101.514,133362.45,10528435,34807.71,5519154,49223.2,6276852,41611.72,7874299,31011.76,1250533
2025-08-11,geo_1,14000000,2143562.96,97.781,194410.72,17091449,50011.59,8668430,53178.36,6256383,40306.09,7567781,51038.85,2139653
2025-08-18,geo_1,14000000,2049472.25,98.473,40660.72,3134618,12035.9,2143138,52853.58,6588138,18933.08,3650955,65310.78,2576287
2025-08-25,geo_1,14000000,1870193.41,98.815,41366.98,3366969,12102.22,1811534,23696.61,3028933,54298.3,9703253,87521.24,4041448
2025-09-01,geo_1,14000000,2077784.86,98.141,158601.01,13828397,40486.87,6785587,19364.33,2208532,52692.08,10411675,38546.35,1607045
2025-09-08,geo_1,14000000,1849305.81,98.653,158596.27,12615269,45588.93,7918641,23591.86,3129541,38581.37,7576106,39367.2,1647055
2025-09-15,geo_1,14000000,1984398.86,97.971,128684.64,10862912,38867.31,6864614,62140.14,7409243,20637.51,3617335,79170.82,3203990
2025-09-22,geo_1,14000000,2043535.03,97.203,177732.58,15092763,45362.92,7969281,56991.0,7167931,17666.97,3168725,111300.22,4339057
2025-09-29,geo_1,14000000,1648481.12,97.154,57661.89,4771428,15146.22,2578004,58101.47,6691398,22417.79,4674722,46955.27,1988464
2025-10-06,geo_1,14000000,2045709.35,95.936,190823.14,15740051,46159.09,7910769,31087.78,3370653,21979.96,4318230,36549.39,1462299
2025-10-13,geo_1,14000000,2109291.92,97.648,160751.52,13067153,43658.36,7257669,24401.66,2999750,16943.91,2921046,45616.44,2025252
2025-10-20,geo_1,14000000,1976442.47,99.034,143750.8,12021944,34297.35,5592839,20321.29,2507037,21437.79,3924815,91387.31,3813179
2025-10-27,geo_1,14000000,1950309.17,99.173,161037.18,13470308,41743.56,7335372,23121.49,2990754,23421.89,4564645,107395.28,4340587
2025-11-03,geo_1,14000000,2022819.11,99.183,40916.53,3281448,14714.24,2378612,60160.13,6992400,22810.71,4401833,43332.9,1688129
2025-11-10,geo_1,14000000,1906501.77,99.864,39630.62,3514599,11350.99,1752274,49210.79,5842017,23661.45,4585283,35117.88,1510688
2025-11-17,geo_1,14000000,1848170.04,99.013,43464.08,3436978,14041.74,2230732,46573.94,5711223,20313.18,4494826,48985.88,2105778
2025-11-24,geo_1,14000000,2341685.64,98.146,35509.64,2931242,11249.12,1845441,24347.59,2991559,48832.32,9190464,50081.54,2097889
2025-12-01,geo_1,14000000,2246489.14,99.617,167071.3,16033751,12855.08,2266904,24138.1,2931377,44186.48,7619752,48596.47,1936088
2025-12-08,geo_1,14000000,1926343.46,101.677,153318.52,11959916,12307.34,2085964,63345.92,7493045,46061.8,8793866,44175.14,1837916
2025-12-15,geo_1,14000000,2092596.98,103.058,141387.75,12017759,10482.11,2051636,61762.26,7458796,19029.36,3736430,34047.26,1534717
2025-12-22,geo_1,14000000,2227158.4,102.668,140109.35,11159415,11599.6,1883516,43253.23,4913875,14503.38,2847512,37529.51,1429548
2023-01-02,geo_2,9000000,1005403.92,107.379,25064.69,2194448,8506.33,1389290,13960.18,2142191,13122.28,2515947,27035.76,954385
2023-01-09,geo_2,9000000,1056804.99,103.257,31111.17,2541550,9301.94,1509214,16566.06,2896053,10908.12,2029567,30251.2,1099699
2023-01-16,geo_2,9000000,1109853.48,103.017,22977.71,1809447,8443.65,1201298,14349.58,2141232,11173.46,2019330,24033.16,1069130
2023-01-23,geo_2,9000000,1153498.26,101.376,26235.63,2167552,27077.35,4133654,13492.77,2209720,11499.89,2037647,29589.72,1309774
2023-01-30,geo_2,9000000,1278788.17,99.45,23722.23,1893419,29371.69,4809675,35672.42,5104189,12734.58,2259997,29076.61,1093995
2023-02-06,geo_2,9000000,1210985.5,98.085,22392.14,1699797,24017.46,3978120,35025.59,5424892,29536.47,5171928,30529.14,1193575
2023-02-13,geo_2,9000000,1314527.64,98.131,27163.62,1863719,28301.99,4498432,41142.39,6672157,27012.13,5336447,31520.74,1217744
2023-02-20,geo_2,9000000,1260612.32,96.423,22748.7,1884252,7056.33,1184013,12569.56,1835627,29155.39,5651046,25416.28,1130308
2023-02-27,geo_2,9000000,1388462.04,94.693,82104.01,6560448,28804.7,4367208,15953.79,2249396,11225.04,2143755,27484.55,1108739
2023-03-06,geo_2,9000000,1340200.09,96.543,85463.11,7003912,26259.58,4203648,19224.05,3067483,15635.76,2900158,22756.48,946699
2023-03-13,geo_2,9000000,1339173.03,98.114,90821.44,7373686,32180.91,5718956,12993.71,1973456,11692.38,2066471,24987.09,993534
2023-03-20,geo_2,9000000,1328705.55,98.247,75021.21,6188081,26287.94,4257349,19662.68,3383060,15285.52,2772358,24683.05,969270
2023-03-27,geo_2,9000000,1224333.12,97.958,19720.73,1421639,6198.85,1004670,14618.64,2171572,10432.36,2070438,28895.84,1097126
2023-04-03,geo_2,9000000,1238317.96,98.866,19078.97,1622744,6270.89,998251,15785.17,2419757,10891.03,2068365,28458.64,1156363
2023-04-10,geo_2,9000000,1267091.4,101.39,18631.08,1555065,6700.36,1049303,13907.1,2275487,13785.3,2495503,28191.02,1155671
2023-04-17,geo_2,9000000,1190650.21,102.772,27460.83,2167604,9905.22,1441778,38496.21,5973868,11142.69,2085093,27928.34,1133015
2023-04-24,geo_2,9000000,1199326.91,103.016,29363.01,2350213,9292.74,1432640,39050.89,6944533,14383.5,2802826,34696.78,1370321
2023-05-01,geo_2,9000000,1214529.2,102.104,113064.37,8667997,10198.93,1504752,40856.41,6641983,12110.01,2211837,31965.61,1249316
2023-05-08,geo_2,9000000,1181115.96,101.654,83588.25,6366042,6733.26,1122927,21551.07,3265491,13425.17,2570019,27870.87,1110646
2023-05-15,geo_2,9000000,1410521.05,99.801,111321.31,8893379,9272.42,1403661,11659.11,1808537,9669.6,1895540,34101.46,1411490
2023-05-22,geo_2,9000000,1273123.2,102.502,120709.39,9522351,8919.72,1360963,14028.74,2245016,27881.11,5117936,73438.1,2539929
2023-05-29,geo_2,9000000,1315913.66,100.244,25362.81,1881328,27639.32,4052212,12011.01,2072478,25707.08,4991004,69409.34,2941132
2023-06-05,geo_2,9000000,1248460.39,99.166,30100.78,2275255,35708.42,5975848,14027.11,2069441,31835.19,6303438,24047.4,903213
2023-06-12,geo_2,9000000,1262019.62,98.68,21755.69,1687124,26951.61,4034861,12848.08,2111467,10471.25,1795023,27285.81,1015155
2023-06-19,geo_2,9000000,1268592.92,98.675,21027.81,1646836,26363.47,4155271,13191.71,1796467,12372.48,2368279,64785.8,2403757
2023-06-26,geo_2,9000000,1131775.58,100.71,20999.64,1527124,7757.01,1193050,14296.13,2338510,10868.87,2050789,62792.0,2292048
2023-07-03,geo_2,9000000,1201494.59,101.017,22399.72,1802799,7797.27,1126451,13586.85,2124347,9703.43,1729454,53616.19,1944178
2023-07-10,geo_2,9000000,1281985.93,99.201,21552.64,1900964,8244.28,1414190,41132.75,6136312,12855.58,2309199,64713.52,2410365
2023-07-17,geo_2,9000000,1191626.21,97.479,26868.0,1895452,9674.74,1426196,30625.53,4115252,26033.86,5020483,26100.41,1060337
2023-07-24,geo_2,9000000,1139118.24,98.216,84026.68,6211651,8304.94,1341754,34791.41,5508160,28544.23,5047571,27320.07,964789
2023-07-31,geo_2,9000000,1167463.15,100.691,91557.41,7420979,9757.89,1487611,14869.16,2287919,23816.61,4502749,27177.82,1019767
2023-08-07,geo_2,9000000,1224835.43,100.207,88218.94,6874099,6284.87,999105,16879.23,2733159,11229.96,2171178,31596.01,1251362
2023-08-14,geo_2,9000000,1098311.11,99.822,120905.18,8602526,8723.42,1559636,12297.37,1882882,10382.87,1835167,25455.94,1078850
2023-08-21,geo_2,9000000,1128199.07,100.004,21044.1,1684049,8668.92,1311860,12912.75,2011952,10872.9,1867894,31051.23,1169199
2023-08-28,geo_2,9000000,1103966.53,99.665,25698.4,2043289,7652.72,1163891,15377.38,2421413,11359.89,2064995,25734.58,876301
2023-09-04,geo_2,9000000,1168687.09,101.582,31104.9,2401497,7778.23,1199259,14654.8,2336043,10382.18,2037039,33395.11,1308580
2023-09-11,geo_2,9000000,1026154.36,101.538,21458.77,1775324,6912.01,1128699,11922.93,1871892,11816.91,2207048,29841.01,1255027
2023-09-18,geo_2,9000000,1023251.45,102.617,23585.59,2012312,7208.38,1040520,16826.34,2540080,9619.63,1712752,30424.56,1304383
2023-09-25,geo_2,9000000,1000033.06,102.217,24111.56,1999469,7696.07,1293076,15574.41,2742712,10187.07,2037764,30393.92,1110078
2023-10-02,geo_2,9000000,936688.74,101.467,22707.88,1656412,9572.87,1507023,13817.03,1961650,12369.71,2021888,29239.34,1235082
2023-10-09,geo_2,9000000,1081870.32,102.978,29920.05,2256068,8463.42,1278012,13327.06,1824059,9293.32,1827112,32942.56,1298720
2023-10-16,geo_2,9000000,1032692.05,101.705,22579.61,1662159,7899.02,1335580,13847.48,2067098,8201.62,1485587,34082.9,1438102
2023-10-23,geo_2,9000000,1039111.02,101.65,26244.28,2288325,10466.23,1583855,34823.58,6065065,29320.69,5752062,36121.4,1397734
2023-10-30,geo_2,9000000,1105535.64,104.487,102520.43,8120455,33056.57,5080687,39258.42,5840361,24904.33,4493408,31759.09,1251318
2023-11-06,geo_2,9000000,1066279.66,105.223,98714.01,8236872,31998.81,5360679,39005.53,6474429,21492.63,4109208,34226.39,1316591
2023-11-13,geo_2,9000000,1073928.19,104.038,108595.23,8707547,31067.76,4851332,13184.36,2078811,8895.28,1592356,28622.71,1060856
2023-11-20,geo_2,9000000,1327545.9,103.167,96305.47,7593275,32648.67,4984044,12285.56,1870032,10282.93,2015747,26446.89,1203361
2023-11-27,geo_2,9000000,1037478.84,101.644,28963.07,2160361,8197.68,1142990,43088.87,6309185,8286.88,1561835,33566.52,1337302
2023-12-04,geo_2,9000000,1244397.98,101.268,83529.88,6969454,29290.68,4523218,33935.56,5273907,8308.36,1690239,85932.36,3237373
2023-12-11,geo_2,9000000,1242715.45,101.734,91168.88,8034511,27088.38,4270476,43874.63,7582142,10893.4,1911905,67369.95,2632051
2023-12-18,geo_2,9000000,1255028.16,102.065,124284.69,9570884,29482.15,4391663,14779.71,2325286,10408.23,1686432,29300.71,1226986
2023-12-25,geo_2,9000000,1467757.85,99.813,79173.76,5912854,24449.38,4128080,10568.95,1528867,11041.47,2229795,23443.78,826344
2024-01-01,geo_2,9000000,1298979.76,99.741,27156.34,2139556,8890.49,1378588,15205.89,2191362,9410.14,1871716,33866.79,1410790
2024-01-08,geo_2,9000000,1195656.18,100.783,23765.26,1890796,7123.25,1104461,12738.07,1978887,10852.15,2101189,28965.9,993997
2024-01-15,geo_2,9000000,1218636.94,99.376,22559.12,1767866,6602.01,1101834,10834.69,1698354,9438.83,1576323,30176.1,1249245
2024-01-22,geo_2,9000000,1304194.34,97.54,21064.36,1643184,6982.42,1116228,13921.15,2123207,10074.83,1892840,63815.68,2470106
2024-01-29,geo_2,9000000,1217192.91,97.208,27601.14,2371255,6969.89,1166149,12228.87,1962602,26713.72,4685016,65987.06,2618467
2024-02-05,geo_2,9000000,1375150.27,96.364,81513.87,6732853,26763.56,3888311,14408.2,2119915,28212.95,5309025,36722.47,1378642
2024-02-12,geo_2,9000000,1336836.29,96.146,109569.54,9041657,34805.23,5464686,16060.84,2587003,30312.6,5648805,33837.49,1303155
2024-02-19,geo_2,9000000,1394581.75,96.325,111409.48,9565950,32318.72,5226586,38149.0,6068504,12748.26,2332712,31460.17,1206502
2024-02-26,geo_2,9000000,1394496.86,96.74,98887.26,8530436,29667.13,4764255,36562.15,5379527,11072.45,2007254,29551.98,1084821
2024-03-04,geo_2,9000000,1402219.83,97.884,26292.52,2094092,8171.45,1326858,37103.6,5976105,12054.14,2503417,25787.43,1063708
2024-03-11,geo_2,9000000,1364546.09,98.863,29856.83,2371866,7911.89,1389290,15473.54,2470812,14201.21,2736919,28447.2,1203328
2024-03-18,geo_2,9000000,1298105.91,101.724,24292.3,1908515,7771.6,1204215,13700.67,2104385,13974.48,2578278,31759.81,1188302
2024-03-25,geo_2,9000000,1183448.11,101.791,20840.81,1672207,7613.62,1168134,13103.24,1977611,12975.94,2519532,22077.44,813778
2024-04-01,geo_2,9000000,1265713.95,100.824,25659.2,1798204,8688.24,1431717,13664.6,2331494,11208.75,2221524,27329.63,1033417
2024-04-08,geo_2,9000000,1169593.62,97.688,21460.34,1728931,8532.65,1304552,15319.64,2398563,12043.85,2232943,33888.63,1239032
2024-04-15,geo_2,9000000,1306223.53,97.782,23095.7,2127373,7762.79,1219730,13688.21,2115852,12550.45,2183032,31984.81,1162387
2024-04-22,geo_2,9000000,1220992.05,98.568,24689.72,1953601,7819.79,1117492,13321.03,2077609,12885.05,2341912,28601.14,1077867
2024-04-29,geo_2,9000000,1164593.67,98.825,26295.57,2018002,9423.56,1509603,14307.21,2157546,10037.24,1934386,29096.07,1184615
2024-05-06,geo_2,9000000,1230160.77,99.538,27300.14,2314699,8962.27,1573510,12696.22,1948945,10208.33,1895583,32016.82,1440598
2024-05-13,geo_2,9000000,1386186.04,97.147,22512.86,1892439,28273.11,3954386,38109.37,5412157,11339.41,2075242,28589.13,1163654
2024-05-20,geo_2,9000000,1303437.07,97.754,21258.12,1645915,23508.0,3624788,40631.99,6400771,24408.3,4567846,31684.74,1223344
2024-05-27,geo_2,9000000,1173672.04,97.678,23215.71,1662647,26623.33,4298747,32430.64,5052403,27292.19,4684507,35918.59,1521460
2024-06-03,geo_2,9000000,1088326.96,99.06,22108.7,1807113,29387.82,4342129,11803.41,2015542,24863.1,4777897,30489.59,1118595
2024-06-10,geo_2,9000000,1117205.8,99.895,18548.57,1527088,7010.42,1199459,9644.13,1461453,12421.09,2373794,30096.27,1048533
2024-06-17,geo_2,9000000,1182655.99,98.747,22414.84,1881123,6421.26,1043749,9176.82,1286413,11868.42,2166246,35386.97,1410119
2024-06-24,geo_2,9000000,1220593.75,97.544,20211.47,1670209,7645.32,1181356,15717.83,2067909,13821.67,2449200,31706.08,1235446
2024-07-01,geo_2,9000000,1201838.64,99.216,25556.49,2252778,9226.72,1382346,14083.7,2148549,14392.18,2776034,26452.73,1040980
2024-07-08,geo_2,9000000,1157356.58,99.783,27060.91,2439763,8578.75,1401630,13283.73,1903201,11831.78,2443976,23812.14,880564
2024-07-15,geo_2,9000000,1105954.59,102.411,24805.03,1974399,8754.29,1381158,29008.01,4091577,10424.32,1877219,33961.73,1407698
2024-07-22,geo_2,9000000,1223501.3,100.007,22575.14,1940210,9474.0,1454527,34443.12,5397100,29630.32,5384447,70321.19,2926934
2024-07-29,geo_2,9000000,1093008.47,99.277,28649.35,2272059,8503.51,1293277,41752.19,5714500,26265.78,4159898,55158.61,1934706
2024-08-05,geo_2,9000000,1232545.35,100.057,23401.25,1947592,6931.74,1108685,14932.04,2201179,25169.5,5174182,30379.68,1215680
2024-08-12,geo_2,9000000,1066313.05,100.393,26268.94,2033877,8476.77,1391657,11717.16,1877248,12239.27,2418563,27866.87,1098155
2024-08-19,geo_2,9000000,1230693.69,100.135,21875.81,1652197,7295.56,1121154,19514.98,3213450,10546.53,1970912,29684.65,1257896
2024-08-26,geo_2,9000000,1172956.14,102.924,86054.59,7233150,29516.92,4392346,34281.43,4652591,16359.35,3074977,34157.68,1203611
2024-09-02,geo_2,9000000,1192963.5,100.011,88518.61,7271510,30431.11,5019752,26661.45,3761082,14705.04,2788837,30221.36,1041878
2024-09-09,geo_2,9000000,1292755.67,100.65,113725.91,9442193,35566.56,5151184,33313.25,4697672,15524.91,2759249,28548.6,1114233
2024-09-16,geo_2,9000000,1216960.64,99.224,108663.71,9295808,31126.27,5223140,13670.22,2110684,12101.94,2353789,27909.16,1112863
2024-09-23,geo_2,9000000,1250098.04,97.207,30553.7,2782898,9932.52,1624711,14160.66,2238567,12590.78,2088002,27541.08,1082016
2024-09-30,geo_2,9000000,1102589.51,96.564,24358.65,1958511,8034.05,1219709,14303.19,2294818,12394.74,2289397,28867.0,1135144
2024-10-07,geo_2,9000000,1094954.29,97.209,30184.58,2540381,9485.87,1636187,12020.17,1850353,12080.28,2393576,26308.85,1065837
2024-10-14,geo_2,9000000,1131691.1,96.223,27842.0,2120697,8186.7,1200587,15114.58,2408582,12346.2,2372098,25370.17,961161
2024-10-21,geo_2,9000000,1185832.54,96.382,37172.48,2830247,8635.04,1355553,13261.83,2191705,12961.85,2335035,32800.79,1232396
2024-10-28,geo_2,9000000,1186506.66,96.404,34689.17,2958054,8346.48,1267518,15192.14,2320408,11521.36,2328211,29692.93,1215313
2024-11-04,geo_2,9000000,1172922.58,97.279,28533.45,2419044,8138.71,1210254,15648.48,2653338,12749.91,2353263,29860.12,1117812
2024-11-11,geo_2,9000000,1167683.16,97.212,30677.08,2623748,7904.71,1158823,16685.81,2444304,14034.84,2594906,35772.81,1474671
2024-11-18,geo_2,9000000,1187740.17,98.823,31885.66,2735181,8351.64,1413199,15364.71,2213373,11900.24,2194102,28893.27,1086379
2024-11-25,geo_2,9000000,1364699.95,99.188,33875.48,2980708,8640.41,1346546,13769.92,2002282,9786.27,1683739,28902.24,1115256
2024-12-02,geo_2,9000000,1320723.29,98.591,31993.37,2623736,8839.93,1375084,48717.14,7357321,11447.5,2139632,29666.14,1165278
2024-12-09,geo_2,9000000,1218759.48,97.673,146244.54,11655447,32394.54,5247895,33335.07,5387229,11530.74,2186592,25924.47,1031815
2024-12-16,geo_2,9000000,1387277.74,96.065,121070.39,9108222,30282.88,4515386,31440.08,4918590,11617.17,2256411,24172.05,992206
2024-12-23,geo_2,9000000,1567209.09,97.05,96208.9,7767468,23014.38,3682531,14648.13,2364029,30142.16,5466682,22729.18,1047442
2024-12-30,geo_2,9000000,1376387.72,98.097,127084.5,9542611,30478.61,4992508,15243.72,2502073,26229.02,4779067,27652.1,1072887
2025-01-06,geo_2,9000000,1292042.47,98.816,29238.48,2233813,9282.63,1459459,15780.28,2584348,34460.43,6367956,22836.14,890379
2025-01-13,geo_2,9000000,1425490.76,96.74,31867.46,2265631,9491.26,1576225,29405.65,4344471,11751.34,2188068,55912.49,2185970
2025-01-20,geo_2,9000000,1363130.88,98.318,29542.04,2585585,7227.19,1130354,33262.57,5104980,31074.93,5958526,55809.34,2219187
2025-01-27,geo_2,9000000,1270191.16,97.547,28695.28,2123647,7711.0,1147024,40917.8,6554123,24922.58,4887408,32148.77,1272876
2025-02-03,geo_2,9000000,1404090.47,95.246,29601.95,2201330,7907.76,1278840,16483.6,2338909,22158.24,4040295,28171.46,1029764
2025-02-10,geo_2,9000000,1386342.87,94.463,31160.25,2441839,7396.73,1145415,17024.16,2753320,13124.47,2279562,31949.05,1180634
2025-02-17,geo_2,9000000,1264183.31,98.611,26859.68,2200572,6733.86,1031465,13908.24,2158124,13041.13,2374505,30478.24,1200503
2025-02-24,geo_2,9000000,1270723.79,97.971,24191.69,1795731,7215.83,1052125,13862.38,2055529,13135.51,2608817,30205.31,1141549
2025-03-03,geo_2,9000000,1297834.52,99.922,104907.29,8056228,7475.2,1320750,13809.61,2089512,11877.62,2094166,33994.73,1428984
2025-03-10,geo_2,9000000,1426198.43,97.78,115399.86,8107679,9401.04,1303221,15381.58,2541284,12023.09,2284988,24667.69,970201
2025-03-17,geo_2,9000000,1409172.95,98.32,88909.99,7471558,8018.68,1244074,16334.28,2255619,10524.59,1875909,32375.15,1316985
2025-03-24,geo_2,9000000,1413660.11,97.826,111331.52,9535428,8543.01,1276064,16916.84,2317564,9422.85,1676923,29938.44,1140900
2025-03-31,geo_2,9000000,1341580.71,97.101,25559.17,1988605,8442.04,1346399,12169.2,1798639,27813.8,5321514,28658.23,1229432
2025-04-07,geo_2,9000000,1391740.77,97.55,116540.75,9194347,24109.41,3897590,15194.81,2141230,27954.5,5028511,32431.27,1223178
2025-04-14,geo_2,9000000,1400624.01,94.37,98519.33,8029906,28032.25,4098910,15406.75,2140218,28669.18,5367921,27704.51,1006518
2025-04-21,geo_2,9000000,1334084.91,95.077,113618.85,10015611,32872.77,5234678,14555.02,2076141,12681.0,2207616,27217.73,1159466
2025-04-28,geo_2,9000000,1408168.01,97.209,115323.68,9836766,28701.66,4420077,13298.94,2087056,13098.73,2782605,31428.3,1273668
2025-05-05,geo_2,9000000,1355077.39,96.818,34609.27,2653034,8412.26,1382095,31465.64,4527025,12918.3,2437333,21194.75,800791
2025-05-12,geo_2,9000000,1484170.35,97.609,28474.11,2058533,7007.43,1028774,36586.93,5646042,12400.92,2139890,29601.23,1156532
2025-05-19,geo_2,9000000,1301670.63,98.278,27571.76,2440956,7411.91,1130552,26302.8,4175390,12260.58,2420348,22893.92,928449
2025-05-26,geo_2,9000000,1266916.13,99.32,30459.4,2592878,7201.79,1055698,16190.62,2508782,11556.28,2115399,29992.32,1148424
2025-06-02,geo_2,9000000,1224652.91,100.874,23930.39,2036149,6710.77,959183,13860.56,2183866,9118.46,1936264,23316.68,964366
2025-06-09,geo_2,9000000,1237279.37,100.603,25176.56,2068804,6829.77,1109284,16380.1,2410733,11809.4,2216826,56722.22,2336273
2025-06-16,geo_2,9000000,1238478.18,100.952,34106.86,2601556,7964.26,1369194,12526.35,1857585,14164.2,2697612,54244.15,2363492
2025-06-23,geo_2,9000000,1120616.65,99.274,30201.3,2246248,7243.91,1238465,11158.54,1756812,12203.99,2220786,25749.97,945389
2025-06-30,geo_2,9000000,1291555.15,100.041,28298.27,2318042,6518.74,1042720,40685.57,5876764,34032.47,6363891,27570.69,1058183
2025-07-07,geo_2,9000000,1213867.82,100.319,32453.67,2705000,7780.46,1024681,24281.63,3476758,28887.88,5334175,26366.69,960907
2025-07-14,geo_2,9000000,1252265.52,100.297,25740.5,1915275,8242.24,1187604,27342.0,4587916,21407.53,3749218,30061.8,1180289
2025-07-21,geo_2,9000000,1235739.96,101.181,106155.08,8067210,28125.7,4402964,13662.95,2206700,13807.7,2750689,29357.86,1222752
2025-07-28,geo_2,9000000,1270916.6,100.54,100050.07,7674813,22737.48,3622675,14602.01,2143670,26246.06,4873406,22960.46,863462
2025-08-04,geo_2,9000000,1267621.3,101.514,83961.03,7228425,20038.2,3146203,27519.95,4274968,27574.35,5394237,21226.4,847140
2025-08-11,geo_2,9000000,1232996.16,97.781,117728.46,9008719,28623.55,4570758,29791.04,4854441,26516.75,4639697,35129.88,1362521
2025-08-18,geo_2,9000000,1266804.44,98.473,27089.96,2207774,6857.36,1130838,29167.05,3998166,11663.16,2135613,46515.82,1917864
2025-08-25,geo_2,9000000,1188608.85,98.815,25841.87,2009171,7073.31,1040052,13066.74,2201062,36662.83,7235842,60352.04,2307942
2025-09-01,geo_2,9000000,1353470.74,98.141,98828.63,7503369,21898.49,3508211,11076.91,1790191,33214.87,6465470,29056.71,1093260
2025-09-08,geo_2,9000000,1090075.92,98.653,96654.31,8551980,25215.83,3889205,13711.05,2042393,23606.37,3861137,27756.3,1036603
2025-09-15,geo_2,9000000,1235835.94,97.971,85299.94,5734062,23742.84,3461144,35458.11,5236460,12590.66,2401059,58632.73,2308998
2025-09-22,geo_2,9000000,1344720.79,97.203,115357.79,8864603,24700.04,4248801,31038.4,4756614,11239.44,2289707,71071.24,2769128
2025-09-29,geo_2,9000000,1254297.08,97.154,34482.87,2658775,8266.66,1413338,31465.67,4416348,14664.98,2449018,28456.3,943186
2025-10-06,geo_2,9000000,1342500.44,95.936,119244.93,9820006,25756.11,3920715,16248.05,2598331,15392.54,2546413,23319.95,845789
2025-10-13,geo_2,9000000,1190980.26,97.648,99294.4,7359319,25301.25,4158533,13190.57,2152773,12535.26,2396364,28206.23,1249696
2025-10-20,geo_2,9000000,1257199.45,99.034,96396.45,7807652,20668.07,3440329,12127.69,1850721,14421.66,2376591,53868.14,1984353
2025-10-27,geo_2,9000000,1202975.66,99.173,110855.79,9305926,27907.26,4280568,15910.95,2310116,14079.86,2840543,64696.99,2327773
2025-11-03,geo_2,9000000,1163840.78,99.183,27622.54,2114522,9936.91,1555516,38510.41,5591747,13400.26,2286721,25089.56,898980
2025-11-10,geo_2,9000000,1013632.94,99.864,25663.11,1948487,8319.71,1364562,30547.6,4674590,14104.73,2775303,21259.2,777210
2025-11-17,geo_2,9000000,1198840.44,99.013,30155.85,2605996,9594.13,1536955,30700.54,4574512,12963.38,2498289,31652.9,1260154
2025-11-24,geo_2,9000000,1402223.63,98.146,23433.82,2096030,7811.59,1262693,17278.71,2588380,32849.86,5904711,33223.06,1381921
2025-12-01,geo_2,9000000,1318712.63,99.617,123420.48,10450763,8703.35,1407480,16944.27,2826904,31366.56,6456579,35170.85,1536062
2025-12-08,geo_2,9000000,1357979.35,101.677,109066.67,8798109,8572.52,1454143,41081.13,5956016,29742.24,5519657,31518.64,1294049
2025-12-15,geo_2,9000000,1336084.17,103.058,99619.17,8250762,8002.48,1282638,43814.72,6567127,12690.31,2412752,23155.69,938489
2025-12-22,geo_2,9000000,1479096.85,102.668,101820.19,8498273,9213.93,1542900,30039.95,4247020,10374.81,1911207,25484.29,927488
2023-01-02,geo_3,7000000,821407.36,107.379,18640.07,1519106,5863.1,1034442,10112.07,1499464,7739.0,1860748,20326.89,756771
2023-01-09,geo_3,7000000,805105.67,103.257,22512.63,1924657,6334.59,1114893,11619.4,1487854,6699.48,1665626,21865.15,903287
2023-01-16,geo_3,7000000,972912.71,103.017,17432.72,1307513,6302.22,1001659,10165.03,1515580,7729.51,1886137,19658.91,713744
2023-01-23,geo_3,7000000,951997.2,101.376,20339.46,1606820,21402.55,3362650,8539.49,1113462,8074.12,1958456,24515.57,887006
2023-01-30,geo_3,7000000,861163.86,99.45,20068.96,1806301,21286.04,3442020,22090.26,2987620,8674.76,2093027,24623.28,920680
2023-02-06,geo_3,7000000,966581.07,98.085,18247.65,1635130,18383.86,3063499,23913.99,3145733,18147.53,4287478,25588.18,915539
2023-02-13,geo_3,7000000,952571.91,98.131,24144.79,1880548,22324.11,3554651,26620.12,4125937,17149.28,3944791,27120.21,1006937
2023-02-20,geo_3,7000000,951691.62,96.423,20897.25,1844561,5527.83,869546,8267.63,1187659,18159.61,3859495,24458.6,926064
2023-02-27,geo_3,7000000,1052098.35,94.693,79164.2,5427109,23311.75,4053367,9762.35,1374917,6831.35,1455609,26443.2,867302
2023-03-06,geo_3,7000000,967572.27,96.543,82264.97,6877092,19310.15,3621098,10934.47,1580725,10085.34,2364622,20839.61,714948
2023-03-13,geo_3,7000000,961769.64,98.114,89865.51,8241107,24403.87,4511344,7556.98,1157737,7388.09,1511884,21807.51,727440
2023-03-20,geo_3,7000000,977455.37,98.247,70090.11,5545455,17989.44,2989250,11396.15,1500811,10150.94,2466429,20562.14,767761
2023-03-27,geo_3,7000000,1004384.01,97.958,19336.98,1636509,4517.06,782468,9112.95,1273273,7260.8,1629584,24294.47,857642
2023-04-03,geo_3,7000000,967308.26,98.866,18068.66,1511266,4468.82,804131,10049.48,1380926,7601.03,1695545,22725.84,829625
2023-04-10,geo_3,7000000,929121.73,101.39,16676.61,1418336,4853.65,750375,10274.12,1507602,10570.45,2474397,22838.93,955722
2023-04-17,geo_3,7000000,912996.19,102.772,24127.37,1957716,6819.26,1109262,28346.75,4056256,8916.68,2163149,23724.03,928350
2023-04-24,geo_3,7000000,866374.43,103.016,24474.46,2040835,6906.02,1079104,30975.18,4394814,11323.66,2683136,27350.7,1075068
2023-05-01,geo_3,7000000,942745.51,102.104,94435.44,8557664,8077.7,1262620,30037.35,4665953,9800.65,2289772,23091.98,785038
2023-05-08,geo_3,7000000,961305.04,101.654,71231.56,5912360,5293.87,849023,16119.88,2461409,10441.07,2309540,20298.18,759225
2023-05-15,geo_3,7000000,1063306.08,99.801,93761.5,7002878,6660.17,1254630,7781.23,1110036,7564.12,1757640,25951.16,1003526
2023-05-22,geo_3,7000000,1013261.54,102.502,96078.05,7645280,5979.94,999214,9917.66,1588570,22127.16,5421363,58324.68,2275846
2023-05-29,geo_3,7000000,992315.24,100.244,21331.2,1857971,18356.91,3109132,8726.72,1250260,22404.06,5820091,54820.72,1933131
2023-06-05,geo_3,7000000,1026173.69,99.166,23583.66,1882593,23505.52,3997274,10081.06,1476614,29536.65,7213564,18602.66,647359
2023-06-12,geo_3,7000000,955582.67,98.68,19303.39,1511388,17379.29,2677301,9402.93,1365287,9398.1,2049839,19828.69,684110
2023-06-19,geo_3,7000000,986842.53,98.675,18750.1,1641622,15438.63,2859944,10238.84,1463414,9380.77,2318288,47712.43,1885576
2023-06-26,geo_3,7000000,913945.99,100.71,18433.83,1585691,4724.63,807568,10081.09,1570963,8373.26,2029434,41111.96,1528205
2023-07-03,geo_3,7000000,906806.84,101.017,18366.09,1626787,5226.35,752945,9325.88,1360280,7906.11,2068612,36111.86,1367768
2023-07-10,geo_3,7000000,956704.42,99.201,17835.05,1660360,5507.35,964844,29759.99,4291296,10198.36,2401832,41812.33,1647472
2023-07-17,geo_3,7000000,884954.85,97.479,22136.88,1972816,7053.4,1265036,21878.7,3389212,20921.13,5017946,18533.71,639268
2023-07-24,geo_3,7000000,957441.52,98.216,70112.15,5512377,5769.13,920790,24036.27,3594010,20791.87,5087671,20178.65,767250
2023-07-31,geo_3,7000000,934985.03,100.691,73429.69,6353951,7606.36,1264410,10586.99,1483531,18508.85,4311293,21941.42,760031
2023-08-07,geo_3,7000000,912325.17,100.207,75554.36,5839959,4818.6,789378,12750.77,1724618,9435.71,1998943,24778.45,959610
2023-08-14,geo_3,7000000,902664.59,99.822,110514.94,10100245,7268.32,1329898,9382.77,1453113,8455.34,1799692,19195.78,740167
2023-08-21,geo_3,7000000,970547.17,100.004,19820.01,1697334,7464.9,1211612,8960.94,1273188,9487.19,2405092,23988.15,1006844
2023-08-28,geo_3,7000000,793689.23,99.665,23031.24,1898653,6277.21,1074809,11185.46,1463785,10844.82,2507534,19307.33,716673
2023-09-04,geo_3,7000000,975429.7,101.582,27286.65,2307219,5811.8,1054211,10119.04,1346889,9937.68,2379562,23427.07,889881
2023-09-11,geo_3,7000000,751163.93,101.538,18032.2,1476964,4846.97,860992,8543.17,1333858,11550.36,2690996,23576.11,769715
2023-09-18,geo_3,7000000,867903.08,102.617,19380.75,1484554,5025.61,803249,12461.57,1801855,9167.72,1869461,24006.51,966034
2023-09-25,geo_3,7000000,842517.82,102.217,20460.3,1739354,5669.16,925858,10164.66,1414622,10104.88,2507918,22981.53,976276
2023-10-02,geo_3,7000000,845803.95,101.467,17893.33,1466574,6618.02,1134133,9681.19,1276859,12424.69,3000711,18561.38,683473
2023-10-09,geo_3,7000000,852549.45,102.978,23213.95,1769691,6146.1,1125216,10063.97,1474185,9243.04,2164611,20042.03,705539
2023-10-16,geo_3,7000000,814772.9,101.705,19623.7,1556463,5485.02,885655,11099.37,1611024,8022.1,1909311,21068.77,778743
2023-10-23,geo_3,7000000,782473.78,101.65,23744.29,1896577,7566.38,1210634,26450.27,3983521,27604.58,6904111,23659.3,876373
2023-10-30,geo_3,7000000,907343.25,104.487,83726.34,6815993,24823.08,4149660,26626.04,4084736,23448.89,5807445,21338.58,756723
2023-11-06,geo_3,7000000,870504.92,105.223,85501.66,7495999,22557.45,3424379,25156.39,4086701,20377.57,5014816,20619.01,723988
2023-11-13,geo_3,7000000,948770.86,104.038,99337.63,8595137,22729.93,3790215,8845.78,1361295,7766.15,1836795,17445.37,642850
2023-11-20,geo_3,7000000,1114740.57,103.167,84319.32,6358300,23436.9,3768093,8459.77,1107817,10137.17,2611685,16182.41,565230
2023-11-27,geo_3,7000000,956752.74,101.644,23724.77,2120994,5684.48,1030551,33207.69,4324075,8241.26,2018140,19011.63,745435
2023-12-04,geo_3,7000000,1096701.67,101.268,72386.29,6310439,21677.92,3831249,27256.24,3678090,7194.23,1659585,49687.95,1957845
2023-12-11,geo_3,7000000,970093.68,101.734,76092.6,6097024,21627.63,3750950,34875.3,4472842,10095.7,2528611,39166.3,1640441
2023-12-18,geo_3,7000000,947183.48,102.065,93936.0,8087142,23757.84,3947512,11424.49,1485489,9414.77,2251948,18026.88,687234
2023-12-25,geo_3,7000000,1175297.03,99.813,63195.38,5582740,17401.68,3143916,8563.0,1318423,10184.04,2350501,14535.7,537775
2024-01-01,geo_3,7000000,1033198.12,99.741,20708.66,1534745,6449.35,1136503,12623.59,1663752,8330.49,2152131,19685.77,776109
2024-01-08,geo_3,7000000,1037266.5,100.783,18946.47,1504458,6068.04,998564,10998.59,1641197,9429.72,2174026,17318.38,638188
2024-01-15,geo_3,7000000,983130.85,99.376,19270.55,1715564,5263.94,864854,9124.22,1377191,7889.08,1959190,17119.07,633369
2024-01-22,geo_3,7000000,1039841.43,97.54,19784.42,1588278,5602.74,1009647,12261.86,1755407,8744.87,2212456,39934.8,1584084
2024-01-29,geo_3,7000000,958635.09,97.208,24949.14,2025109,6290.4,1039614,10900.53,1527187,21529.92,4733504,42011.48,1377453
2024-02-05,geo_3,7000000,1124803.33,96.364,73906.75,6230287,22885.47,4213191,11709.42,1594937,20593.46,4613964,24286.33,882433
2024-02-12,geo_3,7000000,1094090.1,96.146,102866.19,8098359,27871.72,4977591,14515.76,1977456,22436.01,5616900,22744.94,850474
2024-02-19,geo_3,7000000,1133156.77,96.325,99794.18,8496989,25457.38,4513787,33615.23,4770664,8746.33,2096140,21153.37,811203
2024-02-26,geo_3,7000000,1148513.16,96.74,86276.65,7730654,20956.46,3476096,29544.19,4204966,7179.37,1574690,19402.78,661043
2024-03-04,geo_3,7000000,1083913.88,97.884,22414.21,2006342,5816.48,961150,29007.54,4110474,7411.76,1748978,16571.79,617294
2024-03-11,geo_3,7000000,1027770.03,98.863,24384.44,2163703,5379.7,1007108,10520.71,1428443,8412.43,1682967,19313.8,617850
2024-03-18,geo_3,7000000,1011130.94,101.724,21981.0,1803370,5234.98,892191,9901.39,1298398,9836.06,2452379,22490.33,852005
2024-03-25,geo_3,7000000,993991.4,101.791,20296.55,1670708,5036.31,824733,9649.78,1314907,8421.44,2023968,17079.51,679546
2024-04-01,geo_3,7000000,900051.07,100.824,25560.12,2204710,5642.64,1022012,9680.97,1276068,7211.62,1734414,21101.46,807680
2024-04-08,geo_3,7000000,910757.06,97.688,22400.3,1846329,5846.75,1002942,9998.67,1420795,8034.28,1695459,25269.6,997065
2024-04-15,geo_3,7000000,913661.88,97.782,23436.29,2004272,5572.7,897000,8869.27,1130766,9114.57,2353230,21959.67,806348
2024-04-22,geo_3,7000000,920780.95,98.568,25627.87,2169900,5500.05,899155,10100.49,1343876,9270.95,2134889,19961.02,753975
2024-04-29,geo_3,7000000,957500.15,98.825,27136.54,2546575,7119.39,1197677,10319.6,1424575,7758.96,1914476,20142.46,804198
2024-05-06,geo_3,7000000,964817.47,99.538,30900.72,2649633,6381.83,1203544,9112.13,1273049,7702.57,1945150,22951.1,844840
2024-05-13,geo_3,7000000,996159.11,97.147,25620.15,2056662,20637.83,3385752,30242.57,4490125,8552.29,1997137,21020.02,754359
2024-05-20,geo_3,7000000,968053.02,97.754,23876.49,2073012,18331.28,3163816,30400.6,4056364,19680.37,4630234,22225.7,833808
2024-05-27,geo_3,7000000,976206.07,97.678,27001.62,2221896,21999.79,3513290,26117.55,3414018,22401.92,5394852,25769.2,923409
2024-06-03,geo_3,7000000,957650.16,99.06,25165.0,2032754,21930.63,3613246,9017.34,1341974,19111.59,4229846,20282.24,723477
2024-06-10,geo_3,7000000,928223.33,99.895,19292.23,1560708,5602.78,920428,7533.64,1126457,9567.85,2302025,20528.64,815790
2024-06-17,geo_3,7000000,831750.51,98.747,20779.66,1722535,4562.81,829457,7387.2,1128300,9640.1,2482120,25324.66,967100
2024-06-24,geo_3,7000000,968225.06,97.544,20115.48,1710734,5045.52,861296,11294.61,1661011,10836.75,2502331,24835.67,837527
2024-07-01,geo_3,7000000,967888.7,99.216,24193.82,2127098,5844.47,971441,10124.97,1484093,9919.38,2164463,21151.46,766652
2024-07-08,geo_3,7000000,936800.09,99.783,24649.59,2115390,5515.47,955746,9729.46,1305399,8945.32,2038432,19130.76,686278
2024-07-15,geo_3,7000000,896745.58,102.411,23255.0,2083470,5324.29,894283,22364.93,3300469,8095.99,1796332,26375.88,983416
2024-07-22,geo_3,7000000,942079.39,100.007,19391.52,1557249,5126.35,882567,27361.34,3869331,23486.59,6169314,57605.37,1954796
2024-07-29,geo_3,7000000,874881.1,99.277,24099.21,2147351,5036.05,858005,30298.23,4637502,18998.1,4582909,48295.53,1908447
2024-08-05,geo_3,7000000,865464.62,100.057,19851.22,1655986,4240.39,728506,12126.61,1811564,17342.87,4417744,23709.84,893436
2024-08-12,geo_3,7000000,882308.78,100.393,23846.42,2059475,5238.7,869053,11011.84,1471905,8423.77,2155715,22130.3,800043
2024-08-19,geo_3,7000000,935612.17,100.135,19310.18,1536388,4803.62,723982,18344.2,2245528,6982.95,1707876,22591.03,923406
2024-08-26,geo_3,7000000,891961.42,102.924,71102.42,5927706,19513.57,3569548,34199.15,5888617,9477.98,2339129,26154.1,942960
2024-09-02,geo_3,7000000,937546.63,100.011,74202.79,6158913,21300.57,3337688,26858.62,3652410,8833.59,2005521,23855.67,916975
2024-09-09,geo_3,7000000,865836.87,100.65,87680.08,7399878,23632.82,3953757,34749.02,4822857,9021.48,2136281,22855.63,858150
2024-09-16,geo_3,7000000,829356.76,99.224,82709.51,6723707,20417.11,3474992,13818.17,1865939,6521.9,1506987,21968.62,778681
2024-09-23,geo_3,7000000,1023850.93,97.207,24268.98,1819053,6762.58,1150994,14904.76,2245030,6893.33,1446244,20735.87,742429
2024-09-30,geo_3,7000000,824831.62,96.564,20570.09,1733150,5030.67,831307,13950.03,2011164,6982.87,1601212,22847.31,792548
2024-10-07,geo_3,7000000,907035.03,97.209,23831.47,1906194,6049.62,1047627,11812.76,1908033,6218.6,1702136,21270.04,841602
2024-10-14,geo_3,7000000,949952.04,96.223,20103.13,1556056,5307.16,809340,13413.59,2007823,6726.16,1482846,21988.8,830313
2024-10-21,geo_3,7000000,843039.62,96.382,22964.69,1979717,6361.76,1055303,11443.89,1642066,7262.74,1563410,26648.4,977565
2024-10-28,geo_3,7000000,890205.96,96.404,23053.55,1866294,5595.78,1062738,12159.35,1776617,6540.69,1554969,24717.46,999420
2024-11-04,geo_3,7000000,890046.34,97.279,20390.34,1842697,5277.75,823914,12404.98,1932428,7461.56,1656761,26281.18,904771
2024-11-11,geo_3,7000000,916133.34,97.212,21343.58,1798022,5062.33,924173,12982.87,1821328,8956.05,2318333,28868.07,1045791
2024-11-18,geo_3,7000000,852304.2,98.823,23281.02,1864407,5843.09,1001592,10931.6,1556623,8035.83,1999115,22755.05,911699
2024-11-25,geo_3,7000000,1140236.36,99.188,22807.08,1775784,6451.7,1080067,10008.2,1409583,6332.12,1414584,22542.88,882996
2024-12-02,geo_3,7000000,927117.06,98.591,19126.54,1508861,6922.56,1123089,35599.63,4763104,6922.41,1665670,23634.29,788218
2024-12-09,geo_3,7000000,983184.77,97.673,86834.87,6888455,23300.95,4370464,27680.28,4038770,7041.07,1596253,20954.04,806224
2024-12-16,geo_3,7000000,1007704.89,96.065,73255.1,6674193,23153.58,4033372,28728.5,4026651,7908.51,1860291,21532.96,744554
2024-12-23,geo_3,7000000,1191259.06,97.05,58529.24,5017593,17493.71,2844044,12833.93,1634210,19246.01,5032825,23281.58,785526
2024-12-30,geo_3,7000000,1083687.25,98.097,72023.99,6403110,20922.24,3763257,12447.61,1734838,16959.78,3651788,26723.14,1089619
2025-01-06,geo_3,7000000,988807.52,98.816,17476.03,1417450,6659.39,1180150,13718.09,1962677,22982.66,4961365,21536.32,815901
2025-01-13,geo_3,7000000,1050806.49,96.74,18765.03,1619557,6382.78,1111388,24498.44,3446400,7747.13,1854172,49822.39,1733257
2025-01-20,geo_3,7000000,1166099.19,98.318,18144.13,1510480,5024.65,835244,27028.54,4056459,19227.04,4836814,50714.95,1727617
2025-01-27,geo_3,7000000,1062913.77,97.547,16270.72,1190069,5982.0,988852,33124.95,4754634,17198.22,3935411,29909.96,1036707
2025-02-03,geo_3,7000000,1053347.21,95.246,17024.1,1334736,5925.81,1048282,11999.38,1597905,15519.79,4032121,23546.23,880467
2025-02-10,geo_3,7000000,1055579.0,94.463,17412.22,1302526,4766.92,803437,11897.93,1640497,9544.42,2305620,28395.13,1091624
2025-02-17,geo_3,7000000,956897.64,98.611,16836.39,1436643,3900.72,610777,9480.03,1329502,9904.19,2370926,29711.19,1113192
2025-02-24,geo_3,7000000,1030743.5,97.971,15551.13,1270058,3682.31,630322,9347.46,1316574,10589.47,2588063,29175.42,1133108
2025-03-03,geo_3,7000000,1064161.21,99.922,66290.75,5657301,4277.14,764349,10341.82,1532596,9352.57,1931965,31227.52,1134966
2025-03-10,geo_3,7000000,1047579.27,97.78,72198.88,5291716,5382.41,1007599,11501.27,1660187,9780.3,2482433,23213.97,900800
2025-03-17,geo_3,7000000,1104803.0,98.32,58071.72,5376361,4411.32,819266,12652.44,1790442,9146.46,2296517,29316.15,1239580
2025-03-24,geo_3,7000000,1063774.24,97.826,65830.47,6037100,5291.31,857966,12879.74,1740326,8769.44,2118834,26360.35,992822
2025-03-31,geo_3,7000000,1109405.75,97.101,17174.29,1578870,5372.6,964862,8279.69,1159140,24652.58,6340616,27210.61,1038096
2025-04-07,geo_3,7000000,1046308.2,97.55,76925.52,6077689,15339.17,2702062,10451.32,1531144,24942.1,5661944,30721.88,1063419
2025-04-14,geo_3,7000000,1171483.59,94.37,68070.51,5474331,19236.01,3262155,10898.76,1619663,25771.76,6921097,25040.67,995682
2025-04-21,geo_3,7000000,1030154.47,95.077,71871.74,5674761,23310.25,4035652,10237.94,1410786,10743.57,2870641,24208.5,806881
2025-04-28,geo_3,7000000,1169129.89,97.209,69470.86,5259792,20930.99,3976562,10574.34,1697436,11228.11,2839718,29627.95,1124353
2025-05-05,geo_3,7000000,1047635.79,96.818,21045.51,1612849,6081.09,1009914,23590.38,3562398,11545.19,2735235,20765.88,799971
2025-05-12,geo_3,7000000,1179385.49,97.609,16690.53,1365592,5454.43,869049,25591.51,3715526,11131.39,2647252,28549.02,1124066
2025-05-19,geo_3,7000000,908287.44,98.278,17504.41,1414351,6114.5,1096382,20513.9,2868809,10332.68,2239258,23921.9,901615
2025-05-26,geo_3,7000000,1092660.89,99.32,18192.7,1566863,6101.07,948246,12809.07,1914076,9388.01,2313925,31329.25,1206151
2025-06-02,geo_3,7000000,947766.09,100.874,14580.53,1166330,6608.82,1162274,10906.88,1370071,7306.1,1849249,23498.84,918069
2025-06-09,geo_3,7000000,982739.06,100.603,16347.07,1370553,6442.09,1111232,12690.17,1942805,9837.57,2431130,57512.12,1839292
2025-06-16,geo_3,7000000,905169.03,100.952,23007.99,1728673,7639.92,1258261,9811.42,1383137,12252.93,2992621,52733.01,1795671
2025-06-23,geo_3,7000000,996053.42,99.274,19913.07,1537938,7038.41,1315336,9437.88,1210169,10806.97,2437473,24684.01,908509
2025-06-30,geo_3,7000000,971667.22,100.041,18583.96,1395915,6001.93,944277,36712.69,5439117,29401.67,7378542,24333.25,864310
2025-07-07,geo_3,7000000,948054.8,100.319,21239.63,1806741,6919.75,1211708,23657.88,3356254,25947.63,6036465,22140.83,751058
2025-07-14,geo_3,7000000,891039.97,100.297,18887.26,1690011,6596.15,1094027,26240.3,4035098,18322.54,4667141,27152.98,933092
2025-07-21,geo_3,7000000,950002.12,101.181,76490.42,6357641,23453.7,4006900,13548.19,1976763,11745.43,2759791,27068.01,1060916
2025-07-28,geo_3,7000000,1013781.65,100.54,82161.28,6873290,19251.51,3595046,13968.3,2092886,21434.66,5559917,20432.25,794482
2025-08-04,geo_3,7000000,863833.68,101.514,72805.62,6388191,16528.72,2652071,28434.59,3804833,24274.2,5115404,17540.89,555083
2025-08-11,geo_3,7000000,1099080.62,97.781,94396.56,7584580,26407.09,4331339,29971.36,4544935,22628.32,5356967,31238.62,1126851
2025-08-18,geo_3,7000000,1060702.73,98.473,20208.3,1777450,6055.92,972254,29039.15,4106285,9611.37,2262058,38980.41,1523436
2025-08-25,geo_3,7000000,991470.66,98.815,21011.38,1680613,6166.34,980448,12150.22,1845291,26652.82,5809586,44334.98,1562211
2025-09-01,geo_3,7000000,941291.17,98.141,83068.02,7663832,19974.57,3367778,10503.58,1444243,25105.65,5658889,18098.09,686968
2025-09-08,geo_3,7000000,994416.98,98.653,78075.01,6775597,22079.39,3559121,11566.73,1619696,19613.54,4904672,18951.32,728338
2025-09-15,geo_3,7000000,973100.93,97.971,64722.55,5275410,19968.96,3594296,31431.67,4063243,10414.49,2878382,38244.09,1528878
2025-09-22,geo_3,7000000,948663.88,97.203,84377.69,7423403,21005.02,3310974,27024.39,4150709,8859.48,2086522,55807.13,2053351
2025-09-29,geo_3,7000000,886698.89,97.154,27583.94,2383157,6777.37,1064364,27958.93,3408452,11474.65,2653306,25104.46,1025801
2025-10-06,geo_3,7000000,1023941.61,95.936,93645.81,8370315,19521.22,3423342,15559.2,2182764,12444.68,3055748,20930.47,785196
2025-10-13,geo_3,7000000,952436.96,97.648,81900.71,6915748,19721.45,3492997,11867.62,1603880,9814.68,2487238,24023.95,995761
2025-10-20,geo_3,7000000,966998.17,99.034,77125.68,7127400,16231.86,2661720,11709.1,1651866,11342.41,3186827,47154.74,1739862
2025-10-27,geo_3,7000000,996643.52,99.173,85023.97,7320304,20869.69,3798828,14124.23,1895084,10978.18,2721238,59023.9,2318861
2025-11-03,geo_3,7000000,960383.48,99.183,22733.09,2046467,7259.99,1140265,35504.37,5187753,10766.52,2578683,23802.07,953065
2025-11-10,geo_3,7000000,893914.94,99.864,21569.56,1803014,5782.19,1095598,28303.63,3683486,11506.25,2735850,20208.1,769166
2025-11-17,geo_3,7000000,974549.3,99.013,24753.92,2093906,6634.96,1105504,29087.99,4135603,9774.96,2204580,28855.51,1039927
2025-11-24,geo_3,7000000,1173358.45,98.146,19281.36,1617440,5249.35,895657,14459.28,2039216,24617.17,5813227,27926.89,1030777
2025-12-01,geo_3,7000000,1020718.14,99.617,103912.7,8326064,5954.36,1086922,13356.25,1921871,22917.17,5606216,29321.85,1113342
2025-12-08,geo_3,7000000,994082.5,101.677,86742.03,8197369,5378.48,962410,33346.03,5047669,22740.36,5082146,25321.49,931751
2025-12-15,geo_3,7000000,1026901.09,103.058,82571.66,6925299,4963.09,866331,34723.31,5066781,9642.95,2314851,19872.99,701191
2025-12-22,geo_3,7000000,1245286.84,102.668,86886.93,7966190,5982.42,1028594,25425.95,3780709,7254.35,1724850,21592.4,839857
2023-01-02,geo_4,5500000,622484.86,107.379,13891.96,1147336,4569.93,834785,9526.01,1565095,7001.79,1425367,19033.7,704894
2023-01-09,geo_4,5500000,717432.58,103.257,18420.57,1510699,5156.64,869952,10941.67,1670657,5983.73,1350796,20333.3,707669
2023-01-16,geo_4,5500000,693025.65,103.017,14273.77,1333523,5074.93,734920,9844.4,1499697,6367.2,1387428,16667.85,663166
2023-01-23,geo_4,5500000,671846.91,101.376,17228.99,1489932,17168.95,2703888,8514.65,1277828,7108.05,1598828,21363.38,863533
2023-01-30,geo_4,5500000,808704.8,99.45,15874.41,1290450,18073.86,2926446,22685.57,3259261,7434.92,1605924,20136.49,771631
2023-02-06,geo_4,5500000,720868.08,98.085,15168.97,1407496,14659.36,2629322,26447.39,3331946,16019.1,3488798,20915.58,767596
2023-02-13,geo_4,5500000,826411.17,98.131,21806.88,1796595,18645.4,2810860,28317.98,4161316,14652.23,3552222,20530.26,764412
2023-02-20,geo_4,5500000,712318.25,96.423,18467.02,1539927,5093.47,846787,8715.97,1119324,15791.41,3502192,17053.02,650942
2023-02-27,geo_4,5500000,786887.37,94.693,67822.84,5506268,20430.07,3475892,10388.28,1707459,6276.01,1328116,18870.88,675228
2023-03-06,geo_4,5500000,826296.24,96.543,66817.58,5977100,17386.82,2769082,11821.15,1818757,8717.05,1895198,14676.62,506078
2023-03-13,geo_4,5500000,762900.13,98.114,69115.57,6342521,21707.32,3308312,8080.7,1230130,6456.32,1328338,16272.15,560679
2023-03-20,geo_4,5500000,782787.68,98.247,51882.34,4836951,16062.35,2420836,10632.13,1609319,8762.48,1799316,15247.16,536590
2023-03-27,geo_4,5500000,762599.58,97.958,14956.54,1254500,3776.81,607730,8398.43,1218683,5897.97,1189494,18144.15,685800
2023-04-03,geo_4,5500000,776113.82,98.866,14902.58,1260689,3658.54,550708,9097.46,1462759,6060.33,1244851,17453.12,599669
2023-04-10,geo_4,5500000,695679.35,101.39,12530.72,1102664,3613.83,623527,8407.14,1185158,7862.12,1751392,17408.72,706610
2023-04-17,geo_4,5500000,701622.26,102.772,18152.06,1497692,5235.48,841978,25203.47,3795081,6127.82,1462301,16481.71,584819
2023-04-24,geo_4,5500000,658992.95,103.016,19350.7,1980330,5272.12,926840,25963.35,3768148,8367.35,1727042,19813.0,702167
2023-05-01,geo_4,5500000,806906.15,102.104,77405.19,7007015,5593.49,811196,25422.95,3638416,7111.17,1594803,18155.35,707301
2023-05-08,geo_4,5500000,808995.82,101.654,51750.9,4437690,3889.11,656318,13344.04,1990035,7214.09,1537346,16313.46,599270
2023-05-15,geo_4,5500000,788792.48,99.801,67104.25,6150335,4908.45,829412,6832.64,1009987,5498.58,1286687,20243.96,765143
2023-05-22,geo_4,5500000,790987.09,102.502,66535.08,5789580,4627.59,771682,8905.78,1188489,15683.12,3291272,41174.88,1432290
2023-05-29,geo_4,5500000,760962.87,100.244,14031.23,1089404,13740.11,2290958,7835.02,1287626,14726.53,3335492,36217.63,1374362
2023-06-05,geo_4,5500000,754243.26,99.166,17600.88,1524230,18677.44,3243807,9305.75,1501794,17177.55,3496963,13149.13,419681
2023-06-12,geo_4,5500000,755538.64,98.68,13306.94,1103452,13804.17,2364788,8409.84,1225158,5712.66,1267935,15159.35,551437
2023-06-19,geo_4,5500000,747993.27,98.675,13529.81,988108,13186.46,2082615,8693.18,1214209,5706.13,1205999,35610.25,1304231
2023-06-26,geo_4,5500000,686889.46,100.71,14584.44,1266801,3840.98,587630,9059.86,1366193,5561.23,1221697,34148.18,1212931
2023-07-03,geo_4,5500000,690554.74,101.017,13906.39,1145534,4005.63,664334,8526.98,1393105,5156.21,1097119,30929.79,1081773
2023-07-10,geo_4,5500000,765042.14,99.201,13211.68,1267364,4158.07,683639,26993.64,3627810,7031.15,1620418,38283.22,1390933
2023-07-17,geo_4,5500000,817160.39,97.479,18365.16,1641589,5250.25,863884,20565.55,2999909,15323.11,3290993,16722.56,675844
2023-07-24,geo_4,5500000,762924.41,98.216,57736.1,4674820,4559.27,741224,22067.08,3617644,16952.48,3966251,17669.61,739646
2023-07-31,geo_4,5500000,837395.8,100.691,66883.82,6164015,5495.99,876518,9020.93,1242821,14538.33,3376267,17891.35,743459
2023-08-07,geo_4,5500000,834503.2,100.207,68313.43,5873927,3607.59,621682,10344.95,1501314,6964.29,1368787,20199.63,772002
2023-08-14,geo_4,5500000,698673.57,99.822,102139.99,8274172,5694.03,882080,7323.75,1006714,6686.89,1416191,16012.83,565176
2023-08-21,geo_4,5500000,686313.67,100.004,17333.76,1516100,6294.99,1111833,6638.68,1076432,7089.48,1425710,20713.36,696216
2023-08-28,geo_4,5500000,728507.06,99.665,19515.29,1564610,5198.7,786472,8412.93,1310716,7829.45,1601483,18024.17,673048
2023-09-04,geo_4,5500000,646359.87,101.582,22756.61,1839609,5218.12,870987,7880.84,1177815,7598.75,1665710,20912.0,849826
2023-09-11,geo_4,5500000,655533.35,101.538,15788.4,1289991,4058.09,623153,6538.45,984533,8690.21,1931664,20778.31,832051
2023-09-18,geo_4,5500000,633665.91,102.617,15927.14,1205297,4079.62,659281,9250.02,1270840,7019.81,1369547,20310.61,696823
2023-09-25,geo_4,5500000,603662.89,102.217,16085.99,1396256,4531.05,732860,7895.89,1141981,7952.07,1658859,18941.9,679113
2023-10-02,geo_4,5500000,649915.73,101.467,14657.89,1430088,4983.84,807048,7439.11,1108607,9652.83,2037341,17304.53,606975
2023-10-09,geo_4,5500000,606160.56,102.978,20088.62,1688518,4429.17,675525,7603.2,1204967,7520.86,1530523,19407.83,710810
2023-10-16,geo_4,5500000,638658.63,101.705,15632.83,1180860,4142.05,754433,8059.01,1171220,6237.47,1362640,20799.83,773970
2023-10-23,geo_4,5500000,639628.03,101.65,18571.43,1610339,5851.23,911086,19200.63,2834640,20037.93,4584357,22042.07,748654
2023-10-30,geo_4,5500000,696659.02,104.487,71097.31,6843639,17601.63,3013549,22947.69,3619436,15660.34,3385316,21301.32,793628
2023-11-06,geo_4,5500000,712273.73,105.223,63879.8,5628427,16751.52,2710135,22764.76,3659929,14171.76,2905667,20435.47,812348
2023-11-13,geo_4,5500000,705517.82,104.038,68037.3,5745690,16671.58,2579430,7955.13,1046200,5930.51,1378507,17101.65,615315
2023-11-20,geo_4,5500000,861084.22,103.167,58080.73,4762864,17629.76,2812232,7078.36,1077538,7290.59,1711787,15688.34,598519
2023-11-27,geo_4,5500000,726441.96,101.644,16798.72,1421011,4730.24,706694,26685.71,3725942,6083.91,1468351,18574.26,682905
2023-12-04,geo_4,5500000,786177.31,101.268,51691.41,4270430,17009.96,2762528,20355.32,3052508,5809.86,1200146,46938.02,1803101
2023-12-11,geo_4,5500000,826787.35,101.734,55956.96,4450547,17088.4,2714116,27002.36,3824505,7825.91,1588845,36183.32,1292190
2023-12-18,geo_4,5500000,796421.23,102.065,69979.18,6346899,18690.48,3236763,8890.07,1415962,7404.13,1651513,15401.85,599155
2023-12-25,geo_4,5500000,958998.36,99.813,49715.38,4150080,14587.67,2355416,6082.63,865105,7465.04,1616424,13021.79,508697
2024-01-01,geo_4,5500000,843672.87,99.741,17488.83,1362792,5693.78,892840,7720.11,1069677,6045.97,1179630,17981.24,619680
2024-01-08,geo_4,5500000,790061.66,100.783,15814.97,1426935,5037.8,763300,6793.67,984640,7075.58,1415628,14764.36,554525
2024-01-15,geo_4,5500000,769862.53,99.376,16270.44,1419097,4293.28,657687,6068.96,880347,5965.38,1284317,16609.56,593693
2024-01-22,geo_4,5500000,765214.83,97.54,16062.55,1405730,4354.59,711527,8156.98,1309830,6481.9,1490235,37258.11,1310530
2024-01-29,geo_4,5500000,741783.25,97.208,19764.54,1817956,4379.13,682509,7004.31,1009652,18095.33,3793044,38854.1,1521509
2024-02-05,geo_4,5500000,812044.31,96.364,57304.24,4398220,16444.98,2761895,7759.22,1067575,18334.5,3997265,22545.04,822045
2024-02-12,geo_4,5500000,802731.78,96.146,75756.19,6415336,18991.36,2967719,9271.06,1479329,19265.5,4518951,21124.81,802398
2024-02-19,geo_4,5500000,941315.51,96.325,69370.22,6216128,19059.17,3146665,22565.95,3584067,7816.07,1888803,19556.79,687571
2024-02-26,geo_4,5500000,862778.64,96.74,65938.63,4932105,16130.15,2742133,20141.63,3047776,6144.38,1275613,18888.65,697189
2024-03-04,geo_4,5500000,809197.39,97.884,16201.13,1421627,4771.09,842314,21502.45,2785418,6459.03,1468801,17207.99,604904
2024-03-11,geo_4,5500000,813885.67,98.863,17469.63,1524569,3996.06,722148,9426.39,1377503,7820.18,1637756,18536.76,718249
2024-03-18,geo_4,5500000,769232.88,101.724,14297.44,1178984,4587.64,772190,8604.86,1353679,9427.98,2264663,20285.24,830123
2024-03-25,geo_4,5500000,658060.59,101.791,13177.16,1103093,4274.7,755562,8253.83,1216829,8438.72,1761132,14426.8,516654
2024-04-01,geo_4,5500000,713884.07,100.824,15841.89,1286867,4874.94,762129,9101.4,1338971,7812.56,1672289,17196.39,620510
2024-04-08,geo_4,5500000,788794.06,97.688,13992.19,1350045,4899.5,813053,9378.53,1410317,8286.74,1597513,19389.73,760586
2024-04-15,geo_4,5500000,773841.07,97.782,15125.66,1219691,4611.87,785906,8871.77,1340288,9727.25,2105848,17700.43,641206
2024-04-22,geo_4,5500000,743601.48,98.568,16397.08,1334414,4496.67,830678,8893.68,1283691,9099.59,1962562,15426.98,548476
2024-04-29,geo_4,5500000,821675.52,98.825,18422.05,1747352,5610.34,848000,9076.68,1538269,7636.68,1875463,15664.75,635203
2024-05-06,geo_4,5500000,711238.34,99.538,20664.16,1892974,5241.77,845228,8359.07,1263022,7138.2,1535972,17235.21,612331
2024-05-13,geo_4,5500000,843102.23,97.147,16720.83,1388083,18279.95,2609053,26250.77,4259995,8209.79,1717438,16388.72,627359
2024-05-20,geo_4,5500000,760545.6,97.754,16399.25,1322785,15359.27,2303173,24944.87,3503168,17477.79,3836958,17499.66,632740
2024-05-27,geo_4,5500000,797254.76,97.678,16800.79,1714326,16693.01,2867660,22624.34,3538643,18135.53,3896263,18714.03,704793
2024-06-03,geo_4,5500000,719999.49,99.06,16273.19,1530747,17110.86,2712963,8245.56,1138415,16353.88,3601783,14836.08,581294
2024-06-10,geo_4,5500000,677326.71,99.895,12195.17,968885,4096.45,613674,7583.35,952244,8018.81,1773293,13633.4,523066
2024-06-17,geo_4,5500000,718340.85,98.747,13757.47,1090480,3551.29,556249,7028.67,1080474,8210.93,1802188,16803.86,572935
2024-06-24,geo_4,5500000,733941.97,97.544,12916.2,1117062,4050.0,626023,10446.16,1466733,8555.62,1927553,15458.22,525161
2024-07-01,geo_4,5500000,721950.35,99.216,17527.88,1391281,5005.0,725408,9368.78,1275241,8544.62,1952313,13184.68,497643
2024-07-08,geo_4,5500000,687294.24,99.783,18408.83,1552422,4551.64,685091,8393.26,1136282,7905.84,1732403,12465.44,478162
2024-07-15,geo_4,5500000,706588.61,102.411,16459.31,1324336,4761.55,766537,16910.38,2623742,6367.65,1477825,18114.62,655384
2024-07-22,geo_4,5500000,692594.7,100.007,14616.08,1325658,5032.92,831833,19183.42,2397520,17871.46,4102263,36384.67,1392228
2024-07-29,geo_4,5500000,730540.13,99.277,18252.52,1468915,4585.41,697985,21314.91,3458635,14514.75,3333211,30099.72,1086470
2024-08-05,geo_4,5500000,726168.18,100.057,14248.63,1412905,3654.44,644142,8126.58,1146777,11923.47,2851508,15199.44,515005
2024-08-12,geo_4,5500000,747672.47,100.393,16952.18,1541395,4539.06,728189,7126.95,1183842,5772.47,1225630,15311.61,534562
2024-08-19,geo_4,5500000,720927.57,100.135,14309.42,1154995,3785.97,611041,11686.58,1708045,5492.57,1270431,15721.89,608383
2024-08-26,geo_4,5500000,711929.5,102.924,58413.08,5303939,13739.01,2099830,22552.28,3292646,8319.33,1907847,16890.82,622926
2024-09-02,geo_4,5500000,742199.27,100.011,61128.46,5560507,15218.94,2624207,18597.14,3012180,7883.05,1930752,15174.3,508326
2024-09-09,geo_4,5500000,723610.11,100.65,70825.06,6112382,16378.33,2600761,22698.73,3154794,8064.85,1736798,14957.99,601483
2024-09-16,geo_4,5500000,733366.37,99.224,63205.85,6026102,14989.74,2251988,9601.69,1454180,6857.66,1576868,17991.13,719918
2024-09-23,geo_4,5500000,763723.15,97.207,17559.61,1633373,5154.34,823395,9861.24,1514525,6822.61,1524117,16512.8,682703
2024-09-30,geo_4,5500000,746433.17,96.564,14448.15,1284495,4091.95,740367,9870.82,1391374,6757.03,1455879,18353.93,694788
2024-10-07,geo_4,5500000,653284.99,97.209,18848.31,1735586,4886.9,859483,7853.54,1083562,6456.95,1263964,17506.76,621369
2024-10-14,geo_4,5500000,644143.23,96.223,16580.5,1264668,4345.75,721515,9257.28,1485938,6119.99,1363142,16981.32,706595
2024-10-21,geo_4,5500000,660482.18,96.382,21056.64,1713172,5104.67,873268,8325.33,1110613,6596.69,1409234,22555.22,848854
2024-10-28,geo_4,5500000,687279.57,96.404,20235.61,1759407,4530.65,714035,9639.27,1399146,5793.45,1335854,20159.36,777932
2024-11-04,geo_4,5500000,727723.69,97.279,17746.6,1577578,4353.85,691095,9394.19,1422883,6041.68,1333141,19548.46,701119
2024-11-11,geo_4,5500000,742991.89,97.212,18566.74,1649836,4479.83,692828,10771.25,1665492,7064.86,1382529,22825.84,761477
2024-11-18,geo_4,5500000,712624.54,98.823,17362.23,1583511,4574.14,729755,9819.7,1367825,6231.59,1262035,17403.18,661787
2024-11-25,geo_4,5500000,900633.88,99.188,17602.39,1629095,4740.91,746093,9829.17,1546817,4997.8,1141855,16398.39,637121
2024-12-02,geo_4,5500000,664628.51,98.591,15470.99,1424861,5214.62,851269,36434.29,5695553,5719.44,1304832,17852.04,660648
2024-12-09,geo_4,5500000,800238.76,97.673,73155.15,6281441,17813.75,2803235,24272.1,3588321,5903.1,1284322,15651.38,585608
2024-12-16,geo_4,5500000,841768.75,96.065,62237.2,5360933,17438.94,2875589,23645.78,3556605,5888.54,1228687,17877.54,655442
2024-12-23,geo_4,5500000,952276.4,97.05,52920.2,4813011,13472.93,2061561,10465.28,1462494,15179.72,3335192,16778.14,623265
2024-12-30,geo_4,5500000,876973.45,98.097,69527.64,5971392,17521.71,2914881,10408.88,1574679,13607.96,2899327,19620.19,745682
2025-01-06,geo_4,5500000,858941.67,98.816,16649.54,1637182,5472.54,872598,10863.78,1571356,18460.9,3582151,15468.8,543504
2025-01-13,geo_4,5500000,841716.63,96.74,18815.61,1546830,5342.16,881633,20139.51,3237502,6232.04,1270078,39942.37,1474109
2025-01-20,geo_4,5500000,797945.65,98.318,18047.68,1630217,4390.3,781140,22603.15,3644627,16742.76,3366372,37833.89,1321229
2025-01-27,geo_4,5500000,785554.28,97.547,16496.65,1547123,4660.32,786377,25820.82,3780542,14739.16,2936417,20002.2,753526
2025-02-03,geo_4,5500000,816806.14,95.246,16550.6,1573489,4714.59,873909,8734.93,1245758,12784.89,2781733,16264.57,631755
2025-02-10,geo_4,5500000,812543.51,94.463,16906.5,1358920,4202.69,691112,8509.19,1388112,7473.95,1580137,17900.31,718433
2025-02-17,geo_4,5500000,851285.99,98.611,15811.35,1458434,3594.93,568866,7005.76,1006138,7993.12,1767929,17986.29,688772
2025-02-24,geo_4,5500000,743466.71,97.971,14291.28,1224146,3743.51,606615,7092.36,1020375,7297.74,1460722,18853.67,712181
2025-03-03,geo_4,5500000,857944.65,99.922,61701.78,5460084,4060.84,652257,8056.91,1220250,6463.24,1465979,19940.37,746592
2025-03-10,geo_4,5500000,846122.33,97.78,68641.35,6014969,4730.7,699904,9143.05,1431143,6674.92,1459198,15095.58,545955
2025-03-17,geo_4,5500000,755594.33,98.32,50022.34,3901693,3866.52,614135,9422.27,1422447,6016.88,1496969,17974.85,620916
2025-03-24,geo_4,5500000,821014.71,97.826,65395.46,5582514,4572.42,724364,9573.97,1455478,5454.17,1135476,16444.8,632245
2025-03-31,geo_4,5500000,764883.66,97.101,16233.86,1371846,4322.39,680785,6043.57,841767,15096.1,3084881,15891.11,571608
2025-04-07,geo_4,5500000,773639.01,97.55,74138.11,6041016,12204.09,1820040,7420.4,1182856,16075.24,3529929,19408.02,737711
2025-04-14,geo_4,5500000,918126.23,94.37,65913.33,5763086,13693.49,2207554,7314.45,1114449,16117.17,3731517,16020.09,622734
2025-04-21,geo_4,5500000,869146.61,95.077,68332.1,5581562,15574.21,2357566,7441.65,1149138,6972.82,1614962,16233.68,616281
2025-04-28,geo_4,5500000,820951.85,97.209,64832.28,5235348,14085.67,2224264,8192.28,1129755,7079.64,1612237,19844.54,798600
2025-05-05,geo_4,5500000,856790.46,96.818,18794.33,1684606,4246.46,649827,17989.99,2564391,6770.25,1715215,14373.99,549526
2025-05-12,geo_4,5500000,912928.05,97.609,15664.36,1221370,3738.5,584457,18620.72,2752658,6884.97,1575945,20075.81,748256
2025-05-19,geo_4,5500000,803322.2,98.278,15038.27,1214444,4229.62,655705,15381.36,2248051,6551.6,1450871,16430.85,635683
2025-05-26,geo_4,5500000,808225.91,99.32,15409.03,1339041,4165.81,687886,9800.35,1440818,5986.41,1306584,22153.38,758618
2025-06-02,geo_4,5500000,782440.64,100.874,12873.96,1116560,4176.11,726305,8702.99,1280455,5116.85,1031409,16253.0,594646
2025-06-09,geo_4,5500000,733453.19,100.603,14221.21,1172643,4308.73,746611,9934.41,1560379,6558.2,1494294,38354.22,1422057
2025-06-16,geo_4,5500000,702257.67,100.952,18375.7,1667632,5201.42,851545,7372.06,1091033,7406.5,1775591,37709.44,1338882
2025-06-23,geo_4,5500000,800827.94,99.274,17044.91,1375965,4895.39,776509,6525.52,939731,6757.77,1551156,17341.5,683923
2025-06-30,geo_4,5500000,804307.51,100.041,16030.9,1331361,4123.79,714556,25838.74,3729948,20581.04,4781746,18183.53,697153
2025-07-07,geo_4,5500000,780771.47,100.319,17589.56,1587655,4954.17,755215,16842.86,2474778,18377.43,4316040,16675.92,581239
2025-07-14,geo_4,5500000,753514.22,100.297,15492.75,1182002,4742.68,761227,19671.05,3200201,13449.02,2962016,19234.27,737156
2025-07-21,geo_4,5500000,717023.89,101.181,62769.09,5122729,16730.06,2601026,10368.58,1436686,8380.0,1745359,18237.66,686443
2025-07-28,geo_4,5500000,802043.24,100.54,59908.62,5174195,14089.45,2243763,11320.26,1696839,14892.31,3399775,14844.48,529563
2025-08-04,geo_4,5500000,694961.12,101.514,48971.87,4239060,12586.36,2047600,22136.71,3242765,17434.88,3963533,13756.65,467353
2025-08-11,geo_4,5500000,769633.43,97.781,68561.8,5394627,19947.46,3100997,22866.59,3209752,16765.4,3416535,21523.94,791003
2025-08-18,geo_4,5500000,753518.66,98.473,14909.98,1322959,4919.89,743951,22823.53,3354884,7260.61,1640856,27159.64,1006164
2025-08-25,geo_4,5500000,703242.36,98.815,16226.91,1391455,5079.33,790957,10238.28,1538557,19969.72,4493265,34801.71,1251647
2025-09-01,geo_4,5500000,759015.19,98.141,62230.18,4938514,17102.02,2875911,8952.72,1385948,18524.46,4223060,16336.25,597489
2025-09-08,geo_4,5500000,766858.17,98.653,59817.92,4941533,19774.19,3064588,11257.1,1587033,13767.26,3036076,16135.04,627108
2025-09-15,geo_4,5500000,823013.05,97.971,46944.68,3880563,17453.09,2816457,27918.83,3958901,6847.59,1421610,31822.95,1324821
2025-09-22,geo_4,5500000,753394.64,97.203,62366.97,5546695,18087.8,2948164,23530.56,3645234,6250.33,1282655,46706.22,1772918
2025-09-29,geo_4,5500000,794689.18,97.154,19446.61,1620944,5754.18,962847,24304.26,4079349,7745.28,1593502,20406.23,727088
2025-10-06,geo_4,5500000,766117.89,95.936,65736.02,5254199,17464.25,2575517,12237.16,1761123,8394.9,1687571,16368.05,616652
2025-10-13,geo_4,5500000,693353.93,97.648,55058.25,4474765,17268.8,2621734,9914.96,1440579,6559.39,1307015,19177.8,682359
2025-10-20,geo_4,5500000,786684.22,99.034,53830.05,4477304,13691.01,2490524,9091.68,1244377,7757.35,1870435,39224.72,1399188
2025-10-27,geo_4,5500000,825442.86,99.173,58048.86,5496994,17305.43,2883382,11269.81,1693157,8408.13,1905172,47957.27,1825491
2025-11-03,geo_4,5500000,766915.49,99.183,15770.29,1281036,6248.52,1067935,29520.78,4393989,8167.33,1697280,18937.77,739665
2025-11-10,geo_4,5500000,699190.12,99.864,15645.63,1421418,5238.28,816866,22959.4,3829632,8041.17,1815329,15575.1,533231
2025-11-17,geo_4,5500000,773137.95,99.013,17104.53,1544104,6370.68,983906,21436.83,3096167,6653.94,1502504,21738.67,833988
2025-11-24,geo_4,5500000,920754.48,98.146,14042.02,1153767,4843.85,829976,12044.21,1835606,17677.7,4014539,21811.38,862373
2025-12-01,geo_4,5500000,755199.52,99.617,71826.63,6459325,5723.57,955614,11598.5,1578898,17210.59,3727141,21897.5,870702
2025-12-08,geo_4,5500000,769397.73,101.677,63611.06,5371163,5296.66,895362,30159.97,4535153,18270.6,3921138,19176.4,895444
2025-12-15,geo_4,5500000,884811.21,103.058,60139.71,5558767,4625.54,728014,31458.62,5235747,7298.22,1638240,13614.1,543276
2025-12-22,geo_4,5500000,883203.57,102.668,61905.44,5607059,4876.46,813941,22576.77,3260890,5665.17,1209805,14303.2,545095
2023-01-02,geo_5,4500000,480736.77,107.379,10280.62,865670,4111.85,713376,6926.11,975553,5943.59,1247005,11787.61,454094
2023-01-09,geo_5,4500000,542169.76,103.257,13553.04,1067309,4805.92,682370,8194.9,1060878,5048.75,1260493,11948.37,441356
2023-01-16,geo_5,4500000,574971.84,103.017,11020.19,940708,4864.97,776636,7456.71,1040630,5385.59,1246611,10886.32,409642
2023-01-23,geo_5,4500000,604016.44,101.376,13298.72,915908,17306.59,3081685,6412.37,799552,5472.65,1085648,13874.47,492075
2023-01-30,geo_5,4500000,632625.04,99.45,12341.95,988318,17549.4,3171913,17012.88,2269201,5934.74,1357808,13627.91,532838
2023-02-06,geo_5,4500000,569988.21,98.085,10741.73,810819,14562.27,2498759,20732.73,2811094,12126.49,2671335,13014.01,483611
2023-02-13,geo_5,4500000,629520.62,98.131,14546.7,1248359,16628.0,2336419,22733.44,3146789,11191.32,2652752,14245.89,570668
2023-02-20,geo_5,4500000,635376.09,96.423,12254.39,1009614,4010.84,665692,6963.25,877955,12651.08,3226176,11775.22,454429
2023-02-27,geo_5,4500000,708529.91,94.693,48337.77,3938276,16163.33,2678732,8338.35,1187978,4557.25,1094979,13219.21,501038
2023-03-06,geo_5,4500000,643265.04,96.543,51343.24,4139838,13344.83,2426064,9395.8,1288132,6726.5,1285616,11065.54,447147
2023-03-13,geo_5,4500000,650135.86,98.114,53573.45,4264256,16365.57,2615200,7005.93,985671,5290.37,1141601,12014.28,430678
2023-03-20,geo_5,4500000,674330.39,98.247,42366.95,3285015,13267.75,2212600,8760.47,1148060,6622.14,1484727,11896.47,415368
2023-03-27,geo_5,4500000,543006.1,97.958,11649.07,981912,3183.19,585969,7004.86,1070693,4081.78,957325,13998.64,439502
2023-04-03,geo_5,4500000,596740.83,98.866,10617.58,883003,3053.85,568777,7565.44,1089091,4078.41,844326,13267.44,448973
2023-04-10,geo_5,4500000,591601.27,101.39,9812.33,773799,3077.11,517606,7060.09,918631,5901.9,1316343,13352.96,491526
2023-04-17,geo_5,4500000,622364.87,102.772,14577.04,1285953,4618.95,720495,19873.29,2560480,4602.99,1009454,13532.5,503423
2023-04-24,geo_5,4500000,596280.33,103.016,16116.03,1311355,4360.18,669981,18239.01,2231615,6834.28,1429697,15524.21,597163
2023-05-01,geo_5,4500000,610348.25,102.104,60727.32,5075872,4858.84,724286,18740.02,2696581,6459.05,1371090,13014.61,525415
2023-05-08,geo_5,4500000,629625.39,101.654,40851.51,3701392,3434.57,571407,10244.37,1302390,6863.25,1522979,11675.04,433321
2023-05-15,geo_5,4500000,704728.5,99.801,56185.31,4587726,4554.06,781720,4896.88,633484,4978.89,1196549,15776.62,641155
2023-05-22,geo_5,4500000,721628.38,102.502,58479.75,5197451,3962.22,694597,6723.66,940328,14064.79,3393424,32508.98,1244537
2023-05-29,geo_5,4500000,711100.87,100.244,12797.56,1059643,12401.83,2100189,6273.7,845039,12438.26,2680911,28910.06,1061461
2023-06-05,geo_5,4500000,667956.95,99.166,14849.84,1317128,15229.93,2369934,6662.26,962171,15462.48,3717207,10718.12,386148
2023-06-12,geo_5,4500000,647316.9,98.68,11356.75,955733,11398.51,2023718,5886.41,786708,5610.08,1253173,12173.55,477284
2023-06-19,geo_5,4500000,657747.67,98.675,11259.56,958167,10749.83,1943033,6204.82,873555,6018.93,1294945,30198.44,1041399
2023-06-26,geo_5,4500000,586688.83,100.71,11845.92,913956,3276.74,535151,6647.14,895860,5460.44,1163549,28357.48,1070970
2023-07-03,geo_5,4500000,537384.18,101.017,12343.67,1174909,3399.7,520858,6591.3,935784,5071.89,986027,25096.41,940528
2023-07-10,geo_5,4500000,598607.23,99.201,12385.12,975856,3655.26,613016,20350.55,3247225,6681.85,1461509,30531.11,1367168
2023-07-17,geo_5,4500000,647918.15,97.479,15395.53,1224479,4695.42,869176,15698.52,2276839,13312.18,2765117,14128.02,597917
2023-07-24,geo_5,4500000,543402.68,98.216,48020.28,3449564,3784.21,610810,17604.47,2440935,14666.91,2959816,15201.32,573831
2023-07-31,geo_5,4500000,670721.47,100.691,49690.19,3934491,4693.68,812143,8023.49,1051413,13045.45,2892354,14134.32,474634
2023-08-07,geo_5,4500000,605674.7,100.207,47398.38,4156342,3041.89,441561,9027.73,1235665,5878.58,1427322,16453.86,596827
2023-08-14,geo_5,4500000,638622.07,99.822,66367.86,5655625,4389.99,685184,6285.35,822114,5335.84,1239985,13342.29,495049
2023-08-21,geo_5,4500000,579221.48,100.004,10928.69,899919,4453.56,783376,6230.61,926851,5635.82,1262490,15493.94,579015
2023-08-28,geo_5,4500000,620682.34,99.665,13065.13,1232820,3442.41,521055,7627.18,943810,5847.19,1249203,13397.49,526970
2023-09-04,geo_5,4500000,556779.63,101.582,16173.44,1340497,3758.0,593454,7334.61,1036015,5442.23,1037861,16409.94,550414
2023-09-11,geo_5,4500000,549938.34,101.538,11507.01,1042456,3191.99,506715,6488.23,847395,6180.04,1400470,15180.05,541988
2023-09-18,geo_5,4500000,446995.02,102.617,11284.69,964240,3260.83,543079,9063.78,1184725,5142.97,1167626,15478.55,533542
2023-09-25,geo_5,4500000,479102.45,102.217,11841.48,1084770,3466.63,596226,8399.02,1224009,5505.43,1161778,15047.97,490647
2023-10-02,geo_5,4500000,512362.13,101.467,10494.96,844339,3936.25,589764,7593.3,1061483,6427.81,1282558,13610.47,531921
2023-10-09,geo_5,4500000,461394.4,102.978,15116.14,1323911,3738.37,600245,7730.72,1129610,5332.58,1110480,13945.53,543501
2023-10-16,geo_5,4500000,522786.17,101.705,12118.59,972821,3497.93,574457,8243.23,1129368,4584.36,1001997,14378.71,606933
2023-10-23,geo_5,4500000,520758.45,101.65,14516.74,1215520,4686.15,805319,20235.18,2528405,15417.49,3258025,15417.9,518231
2023-10-30,geo_5,4500000,574751.74,104.487,55114.45,4768451,14219.1,2275939,21409.2,2884755,12807.15,2498318,14325.4,513449
2023-11-06,geo_5,4500000,648042.36,105.223,52889.2,4940327,13995.95,2202833,20011.97,2439201,12423.08,2769790,14671.95,597742
2023-11-13,geo_5,4500000,556890.99,104.038,58183.91,4526413,14644.97,2190838,6493.18,882553,5521.05,1146806,12249.46,438060
2023-11-20,geo_5,4500000,706315.4,103.167,48743.08,4105244,15354.22,2349442,5707.37,761835,6899.99,1619513,11051.1,364434
2023-11-27,geo_5,4500000,617836.89,101.644,13329.64,1063451,3605.28,529700,22118.04,3024022,5290.8,1156580,13731.43,475667
2023-12-04,geo_5,4500000,595688.66,101.268,38832.41,3662290,13703.77,2087878,16554.12,2270144,4478.07,1061863,33548.72,1134358
2023-12-11,geo_5,4500000,645885.02,101.734,40613.43,3254985,13664.12,2126605,21635.52,3066133,6098.52,1304327,26838.32,1037912
2023-12-18,geo_5,4500000,641919.8,102.065,52395.05,4054679,15751.46,2356857,7192.64,927544,5601.61,1067260,12707.77,415444
2023-12-25,geo_5,4500000,663081.87,99.813,31608.99,2315711,11082.9,1836799,4972.5,581327,5983.42,1303140,11085.86,447281
2024-01-01,geo_5,4500000,633316.31,99.741,12117.71,968622,4196.01,721592,7076.05,970488,5334.79,1129633,13987.93,475339
2024-01-08,geo_5,4500000,619386.26,100.783,10933.13,921322,3793.03,600625,5817.87,796223,6312.82,1381797,11912.78,427434
2024-01-15,geo_5,4500000,678766.98,99.376,11080.89,896622,3497.79,531797,5035.98,635359,5470.6,1103909,12652.2,484446
2024-01-22,geo_5,4500000,677238.34,97.54,10639.76,856954,3688.88,581218,6641.73,857005,5631.29,1353231,30158.01,1041819
2024-01-29,geo_5,4500000,690280.97,97.208,13133.66,1086861,3977.26,576165,6073.58,825010,13231.65,3052474,31703.06,1115149
2024-02-05,geo_5,4500000,663761.16,96.364,37553.5,2873508,14358.34,2323977,7041.27,986148,13250.16,2810103,16840.7,652592
2024-02-12,geo_5,4500000,699903.96,96.146,49539.11,4252358,17814.37,3167199,8339.28,1161660,13931.15,3312446,15245.85,556517
2024-02-19,geo_5,4500000,674783.55,96.325,48936.77,4067657,17670.69,2758461,20250.57,2659731,6228.67,1316492,14503.88,536873
2024-02-26,geo_5,4500000,749283.2,96.74,44028.41,3593397,15109.33,2342455,18781.02,2620425,5048.3,1111872,14065.43,533372
2024-03-04,geo_5,4500000,699865.21,97.884,11736.16,999580,4265.42,694526,18836.09,2448039,5246.61,1232316,12907.09,492282
2024-03-11,geo_5,4500000,638450.94,98.863,12772.34,1009837,3881.44,596140,7808.51,1038903,5874.29,1168411,13543.99,501359
2024-03-18,geo_5,4500000,622145.41,101.724,12109.9,947094,3674.59,591522,6910.45,962734,6335.78,1366262,16538.65,637220
2024-03-25,geo_5,4500000,573004.38,101.791,10549.66,888346,3125.91,474641,6557.94,823934,5898.58,1253671,11718.82,423613
2024-04-01,geo_5,4500000,581719.71,100.824,13491.45,1121185,3713.96,573473,6680.4,918486,5267.69,1146230,15167.46,578216
2024-04-08,geo_5,4500000,573367.94,97.688,12257.91,975169,3816.77,564005,7335.48,1054967,5747.0,1312855,17982.77,652342
2024-04-15,geo_5,4500000,613639.91,97.782,12397.66,973087,3533.14,537058,6449.2,788975,6291.16,1266154,18593.83,671460
2024-04-22,geo_5,4500000,588900.17,98.568,12605.45,999272,3557.58,567217,7202.84,1087558,6478.09,1412333,16358.41,599448
2024-04-29,geo_5,4500000,595330.93,98.825,13143.31,973580,4756.31,733191,7218.67,998318,5149.35,1072361,15705.08,645975
2024-05-06,geo_5,4500000,645480.89,99.538,15075.25,1247743,4601.56,753522,6829.72,911886,4867.87,1018497,17660.72,671232
2024-05-13,geo_5,4500000,706349.65,97.147,12852.46,1028537,15472.02,2262783,22147.2,2797058,5848.12,1436659,16947.83,585536
2024-05-20,geo_5,4500000,655081.39,97.754,13152.88,1137650,13990.26,2454654,23579.09,3129999,13025.88,2614111,18197.17,668403
2024-05-27,geo_5,4500000,634085.13,97.678,13846.95,1185937,15158.45,2217522,20886.2,2760175,13543.67,2910616,18932.95,693675
2024-06-03,geo_5,4500000,621015.83,99.06,12858.14,967577,15275.69,2560981,6651.07,800691,12644.05,2855190,13596.75,573098
2024-06-10,geo_5,4500000,606215.52,99.895,9842.2,819648,3897.34,614343,6665.07,951986,6039.42,1394274,13572.85,509788
2024-06-17,geo_5,4500000,605538.19,98.747,11415.22,869982,3220.43,508963,6763.88,1012806,5860.11,1260289,16148.34,628581
2024-06-24,geo_5,4500000,591221.86,97.544,9761.34,814942,3482.34,542886,10593.6,1560637,6567.92,1319151,15083.57,552849
2024-07-01,geo_5,4500000,554071.76,99.216,13262.62,1012588,3884.75,556252,8884.19,1265183,6408.2,1459974,13236.84,494103
2024-07-08,geo_5,4500000,539905.86,99.783,13965.36,1070347,3665.46,562459,7613.15,1070167,5769.13,1224704,10946.9,429955
2024-07-15,geo_5,4500000,617818.99,102.411,13083.28,1163057,3696.06,621606,16201.81,2196324,5101.11,1007522,16311.97,620830
2024-07-22,geo_5,4500000,614685.91,100.007,10640.96,911837,3731.58,578678,19047.53,2411571,15127.0,3357194,34426.22,1449378
2024-07-29,geo_5,4500000,664685.96,99.277,13363.2,1195812,3292.92,514990,21994.86,3255627,12481.1,2527272,27961.54,1016783
2024-08-05,geo_5,4500000,553750.27,100.057,10571.41,865530,2661.23,423624,8372.21,1021760,12399.91,2759790,14902.73,531257
2024-08-12,geo_5,4500000,627300.01,100.393,11943.94,988792,3266.0,603786,6857.48,981087,5804.37,1282591,14432.24,529097
2024-08-19,geo_5,4500000,497676.85,100.135,10935.8,830038,2991.93,485438,10991.42,1490938,4898.85,1013455,14386.58,528361
2024-08-26,geo_5,4500000,564037.48,102.924,46616.59,4027248,12183.21,1888062,19949.86,2833464,7175.37,1630762,15261.76,555332
2024-09-02,geo_5,4500000,615358.74,100.011,44538.93,3834030,12975.19,2027938,15557.47,2270216,6277.33,1471075,12735.31,462845
2024-09-09,geo_5,4500000,635965.79,100.65,52893.68,4338718,14872.2,2490879,18239.89,2293863,6423.19,1550430,12869.47,522994
2024-09-16,geo_5,4500000,623843.6,99.224,46967.14,3650323,13468.96,2110409,7525.34,1037055,5064.49,988851,13201.75,451145
2024-09-23,geo_5,4500000,568202.3,97.207,14169.7,1060280,4471.38,799608,7481.5,1016894,5570.54,1184562,13450.43,560668
2024-09-30,geo_5,4500000,608685.42,96.564,11790.18,927931,3499.4,603090,6898.99,902451,6117.79,1344927,13868.36,470521
2024-10-07,geo_5,4500000,538097.45,97.209,14587.85,1195136,4315.83,751769,5373.29,684355,6019.09,1371728,11869.83,437501
2024-10-14,geo_5,4500000,521820.9,96.223,12019.19,981550,3767.13,597581,6804.11,1026929,5911.54,1289288,11739.71,463304
2024-10-21,geo_5,4500000,560860.15,96.382,15083.98,1249582,4355.47,774752,5657.94,761814,6426.96,1414376,14288.04,540923
2024-10-28,geo_5,4500000,585404.26,96.404,14672.6,1122823,3844.43,616422,6218.81,879228,5232.23,1128593,12890.9,452419
2024-11-04,geo_5,4500000,577414.95,97.279,12721.8,1008484,3590.58,576379,6423.21,876626,5886.48,1269502,13667.26,499428
2024-11-11,geo_5,4500000,570041.03,97.212,13313.61,1085240,3305.23,524374,7244.2,1036006,7200.05,1689364,15955.72,598677
2024-11-18,geo_5,4500000,573791.22,98.823,13955.94,1005792,3271.63,505801,6935.65,891797,6677.48,1356747,13577.57,518939
2024-11-25,geo_5,4500000,676753.4,99.188,15035.73,1189482,3554.8,572151,6525.23,915330,5346.09,1266316,12981.94,509465
2024-12-02,geo_5,4500000,641202.92,98.591,13623.89,1104047,3714.23,623305,25498.99,3405715,6046.46,1335423,14261.04,495280
2024-12-09,geo_5,4500000,588288.43,97.673,66752.12,5714339,13931.42,2291128,17744.84,2724467,6328.83,1409758,12622.94,486409
2024-12-16,geo_5,4500000,661831.1,96.065,54271.99,4447927,13505.79,2342661,18064.48,2178487,6450.22,1525551,12873.36,499994
2024-12-23,geo_5,4500000,769926.23,97.05,45324.32,3773696,10013.02,1613016,7593.63,1110752,16958.74,3907630,12548.98,426687
2024-12-30,geo_5,4500000,675068.37,98.097,58222.21,5237031,13293.45,2326992,7861.67,1082206,14166.85,3240241,15276.12,574661
2025-01-06,geo_5,4500000,669944.18,98.816,13653.56,1062586,4083.37,657850,7936.58,1064207,19529.13,4446712,12264.71,478707
2025-01-13,geo_5,4500000,643206.48,96.74,15132.2,1090718,4062.56,676252,14727.94,2186920,6675.63,1382651,31806.93,1176234
2025-01-20,geo_5,4500000,725386.61,98.318,15623.42,1185408,3216.97,533011,14639.98,1887090,17597.29,4279663,28706.47,1021868
2025-01-27,geo_5,4500000,679490.47,97.547,14851.05,1247721,3718.25,592033,18521.19,2319247,14377.38,3066070,16412.88,620653
2025-02-03,geo_5,4500000,677343.93,95.246,14806.69,1208999,3631.48,558624,6708.94,893011,12172.02,2569062,13185.72,533114
2025-02-10,geo_5,4500000,698530.79,94.463,15081.26,1316090,3504.69,552003,6556.3,856782,6820.45,1487803,14035.23,494381
2025-02-17,geo_5,4500000,647496.21,98.611,14098.5,1175229,3092.18,516450,5178.33,687951,6816.73,1592072,13371.01,541006
2025-02-24,geo_5,4500000,671395.36,97.971,13455.56,1102218,3056.65,479485,5614.94,728872,7467.41,1610072,13112.33,487293
2025-03-03,geo_5,4500000,669997.71,99.922,54910.8,4743518,3158.55,548190,5938.74,812223,6784.45,1620774,13869.42,485468
2025-03-10,geo_5,4500000,722117.78,97.78,58552.41,4851292,3888.7,586586,7029.72,883437,6878.86,1428759,9955.16,346915
2025-03-17,geo_5,4500000,733529.5,98.32,41603.24,3274213,3357.06,572637,7495.65,1189362,6576.68,1588887,12557.35,539138
2025-03-24,geo_5,4500000,695139.62,97.826,55581.92,4598345,3923.02,617341,7966.92,1003025,5947.41,1151951,11799.44,429719
2025-03-31,geo_5,4500000,691518.88,97.101,13062.37,1044920,3749.47,620188,5968.75,773896,17647.03,4154594,12291.71,473256
2025-04-07,geo_5,4500000,680952.77,97.55,56772.28,5283271,10771.73,1760188,7582.63,1009770,18374.05,4520538,15152.15,663727
2025-04-14,geo_5,4500000,742608.8,94.37,54288.03,3900663,11855.31,1932175,7670.58,1223434,18346.33,4225983,12747.22,504963
2025-04-21,geo_5,4500000,753329.61,95.077,62218.47,5120138,13484.34,2075678,7445.87,1032671,8136.83,1614786,12738.31,453466
2025-04-28,geo_5,4500000,701774.29,97.209,56737.12,5304359,12024.77,2197416,7214.82,910215,7583.0,1592296,15278.01,595924
2025-05-05,geo_5,4500000,692344.92,96.818,17862.16,1405396,4035.32,636843,16981.0,2468094,7449.28,1630556,11640.62,411674
2025-05-12,geo_5,4500000,708163.14,97.609,14977.23,1101900,3485.08,505529,19168.01,2551327,7240.02,1467746,16902.83,616221
2025-05-19,geo_5,4500000,652881.01,98.278,15176.97,1212279,3778.21,580919,15429.98,1871054,6528.34,1467706,13016.25,460105
2025-05-26,geo_5,4500000,644378.0,99.32,15262.38,1135491,3620.14,553522,9181.11,1349514,6068.28,1267753,17235.2,701210
2025-06-02,geo_5,4500000,667750.39,100.874,12276.17,984020,3498.64,612274,8359.76,1143219,5231.59,1132982,13946.6,511020
2025-06-09,geo_5,4500000,661803.02,100.603,13723.08,1196959,3434.91,586747,9359.84,1179221,6760.43,1366630,34231.53,1186435
2025-06-16,geo_5,4500000,622654.41,100.952,18352.68,1640036,3847.59,564686,6707.66,1036339,6980.46,1597693,33128.33,1411210
2025-06-23,geo_5,4500000,565338.32,99.274,16544.41,1473391,3489.7,532648,6241.68,817355,6178.0,1301512,15148.14,645610
2025-06-30,geo_5,4500000,641496.77,100.041,16170.05,1418585,3251.12,497519,24180.23,3382832,16837.87,3633655,14796.43,545676
2025-07-07,geo_5,4500000,643959.56,100.319,17565.14,1349214,3966.98,626055,14792.83,2055653,14468.7,3177887,14344.21,594448
2025-07-14,geo_5,4500000,591279.01,100.297,14648.83,1045353,3929.57,597760,16286.95,2311784,10580.32,2451180,15907.32,612206
2025-07-21,geo_5,4500000,654027.8,101.181,54838.06,4099383,14549.75,2447718,9095.4,1171093,6113.85,1258385,15841.11,596490
2025-07-28,geo_5,4500000,683165.95,100.54,53751.91,4527344,11959.82,2064270,10270.97,1369074,11085.42,2367952,11942.74,413122
2025-08-04,geo_5,4500000,572332.94,101.514,44523.28,3424636,10054.22,1574230,20017.23,2603241,12550.99,3038242,10204.0,358400
2025-08-11,geo_5,4500000,641255.85,97.781,58415.44,4851365,15580.43,2584767,20909.24,2813539,11607.05,2776273,16950.68,590277
2025-08-18,geo_5,4500000,636961.71,98.473,12831.63,996755,3606.65,554050,20011.08,2593764,5386.43,1130199,24148.51,893555
2025-08-25,geo_5,4500000,636144.75,98.815,12452.16,1008402,3694.33,566619,8863.23,1123673,14833.45,3397876,29435.27,1196122
2025-09-01,geo_5,4500000,731723.38,98.141,47362.79,4067484,12600.07,2100492,7198.39,1115199,14733.87,3293281,13303.53,456681
2025-09-08,geo_5,4500000,650843.96,98.653,42580.48,3601121,15147.49,2494689,8628.48,1206403,10880.66,2470884,12835.28,470152
2025-09-15,geo_5,4500000,633045.99,97.971,36411.93,2768261,14194.1,2261651,21058.74,3151176,5976.31,1292302,26110.56,929108
2025-09-22,geo_5,4500000,624685.42,97.203,48930.98,4077918,15776.63,2619156,19367.24,2589944,5242.4,1107638,35684.88,1397712
2025-09-29,geo_5,4500000,596840.12,97.154,15738.13,1418376,5512.48,961595,19905.72,2489189,6312.52,1465469,15434.46,584279
2025-10-06,geo_5,4500000,593493.89,95.936,61688.35,5150798,15083.0,2202119,9922.79,1319713,6839.4,1373913,12995.83,499514
2025-10-13,geo_5,4500000,648927.39,97.648,53588.75,4809146,15432.21,2527277,7194.94,967423,5318.79,1206218,15109.59,530787
2025-10-20,geo_5,4500000,592046.62,99.034,46339.35,4416973,11534.48,1976405,6748.36,865512,6090.04,1318740,28466.47,1040177
2025-10-27,geo_5,4500000,679727.84,99.173,54148.68,4749099,14473.23,2263692,8191.68,1082998,5491.43,1140092,32008.62,1122537
2025-11-03,geo_5,4500000,634848.0,99.183,14428.52,1060278,5318.4,867007,21163.87,2993020,5338.28,1132120,12708.2,454919
2025-11-10,geo_5,4500000,630967.81,99.864,12936.59,1058141,4341.09,754382,16707.35,2456608,5370.23,1225039,11171.9,389461
2025-11-17,geo_5,4500000,645267.45,99.013,13660.92,1155552,5144.35,820482,15126.35,2191584,4868.61,1034985,15887.2,581418
2025-11-24,geo_5,4500000,748236.73,98.146,11045.6,899242,4046.48,652339,8068.34,1150825,12560.25,3024752,15509.28,688217
2025-12-01,geo_5,4500000,609718.13,99.617,56419.78,4439607,4302.93,633684,8163.7,1004568,12567.96,2853123,15648.27,602835
2025-12-08,geo_5,4500000,629360.3,101.677,53920.39,4172729,3658.18,598679,20368.44,2720641,12841.54,2669211,14209.72,495044
2025-12-15,geo_5,4500000,689729.54,103.058,47396.07,3801710,3341.64,505097,21704.62,2807312,5732.29,1224000,11028.97,398758
2025-12-22,geo_5,4500000,798391.41,102.668,50655.51,4405606,3748.61,662758,15713.76,2189442,4777.89,1092138,11481.23,383032
2023-01-02,geo_6,4000000,546347.63,107.379,11109.25,972155,3840.88,708916,6976.13,1060324,4468.42,1015046,12761.06,498350
2023-01-09,geo_6,4000000,530177.86,103.257,13689.87,1177463,4075.98,726605,8645.68,1229560,3885.04,859657,12639.44,476193
2023-01-16,geo_6,4000000,527474.36,103.017,11095.47,893085,3810.72,708928,7881.1,1173729,4106.91,855962,10631.84,442043
2023-01-23,geo_6,4000000,506467.33,101.376,12980.56,1056675,12934.74,2249499,6567.65,1029517,4375.45,963455,13353.91,451303
2023-01-30,geo_6,4000000,550262.6,99.45,10966.52,917511,13790.64,2459774,14944.6,2311019,4890.07,1038774,12653.74,513067
2023-02-06,geo_6,4000000,588004.79,98.085,9998.52,828857,10428.11,1968083,16244.28,2203056,10492.69,2299922,12758.33,519449
2023-02-13,geo_6,4000000,541845.36,98.131,14242.72,1247424,12793.39,2233139,17187.35,2543538,9591.97,2017176,14275.49,509494
2023-02-20,geo_6,4000000,558875.32,96.423,12578.83,1095439,3326.24,550511,5391.72,865907,10558.08,2090071,12233.12,480300
2023-02-27,geo_6,4000000,559173.31,94.693,48595.37,3963061,13746.31,2746663,6226.06,867793,4072.99,853563,12932.76,515547
2023-03-06,geo_6,4000000,558072.39,96.543,50809.71,4503413,11002.24,2012576,7569.2,1120884,5931.21,1282296,10282.73,396476
2023-03-13,geo_6,4000000,599368.84,98.114,51839.9,5067972,13396.78,2611904,5099.75,774181,4225.86,851489,10716.65,423914
2023-03-20,geo_6,4000000,584798.82,98.247,44297.81,3516884,10351.9,1675719,6932.09,1001475,5716.6,1336358,10346.74,411019
2023-03-27,geo_6,4000000,575160.54,97.958,11819.73,962505,2487.69,474654,5817.64,908650,3966.87,933933,13177.43,593894
2023-04-03,geo_6,4000000,529886.7,98.866,11538.81,1049229,2348.75,451296,6704.73,946123,4383.77,971671,12323.78,494653
2023-04-10,geo_6,4000000,601029.16,101.39,9956.49,872664,2740.24,561596,6505.76,886700,6405.78,1381589,12236.49,459262
2023-04-17,geo_6,4000000,565736.86,102.772,14130.73,1160166,4121.11,730604,18497.96,3067992,4742.81,931543,11872.92,490121
2023-04-24,geo_6,4000000,558686.32,103.016,15563.07,1491509,3758.01,676513,17469.09,2516470,6614.18,1371985,14952.78,656558
2023-05-01,geo_6,4000000,604375.08,102.104,61042.76,4842713,4515.31,745924,18245.73,2458795,5584.61,1167948,14754.02,656346
2023-05-08,geo_6,4000000,571334.0,101.654,42710.1,3238119,3051.39,552542,9433.82,1417291,6252.91,1192078,13402.54,525379
2023-05-15,geo_6,4000000,635124.19,99.801,51263.42,4489491,4244.86,829476,4994.67,816019,4183.67,943132,18079.99,638593
2023-05-22,geo_6,4000000,582140.38,102.502,53863.84,4808061,3861.32,693513,6665.29,995218,11052.19,2285643,35704.66,1413166
2023-05-29,geo_6,4000000,553127.95,100.244,11630.54,1009397,11397.92,2310509,5794.48,807030,11133.76,2502447,30618.81,1186002
2023-06-05,geo_6,4000000,551243.12,99.166,14558.84,1208437,13815.6,2577448,6826.87,1072241,12974.48,2743730,11054.55,452275
2023-06-12,geo_6,4000000,567898.58,98.68,11192.11,866349,10207.89,1929303,6319.91,866655,4713.17,967970,12941.94,560800
2023-06-19,geo_6,4000000,609177.94,98.675,10717.97,863180,9736.83,1807802,6709.82,986260,5179.36,1118228,30589.61,1234251
2023-06-26,geo_6,4000000,565269.2,100.71,11089.66,1002142,3084.81,600163,6725.21,1025764,5072.6,1075517,28324.27,1062314
2023-07-03,geo_6,4000000,522903.3,101.017,11249.5,961925,3216.07,590800,6271.65,918168,4479.54,892679,24745.37,963338
2023-07-10,geo_6,4000000,502247.88,99.201,10796.56,986075,3496.17,658341,19118.43,2902060,5940.37,1199367,28955.0,1137897
2023-07-17,geo_6,4000000,528195.29,97.479,13620.39,1162560,4098.43,731898,14514.25,1839333,12639.54,2647032,12435.78,471200
2023-07-24,geo_6,4000000,563219.21,98.216,41028.26,3302266,3582.23,738391,16842.42,2562920,13195.9,2453944,13818.11,514243
2023-07-31,geo_6,4000000,549706.36,100.691,45724.34,3862915,4153.53,799414,7402.83,1165023,11035.95,2038767,12831.45,528437
2023-08-07,geo_6,4000000,563183.49,100.207,43710.56,3939033,3142.0,536670,8173.49,1132330,5215.2,1083822,14353.37,575247
2023-08-14,geo_6,4000000,555490.72,99.822,61586.22,5192825,4534.73,736424,5697.39,753311,4552.0,892167,11280.73,443501
2023-08-21,geo_6,4000000,514169.19,100.004,10447.64,944297,4636.25,824717,5667.81,844146,4849.7,954400,13461.19,528019
2023-08-28,geo_6,4000000,552085.94,99.665,11532.82,1007783,3903.25,744042,6720.38,1081937,5169.79,1106335,10773.24,471163
2023-09-04,geo_6,4000000,472842.39,101.582,13922.32,1252310,3944.39,715305,6605.29,1009562,4880.23,994638,12882.67,486928
2023-09-11,geo_6,4000000,462594.03,101.538,10322.52,774879,3109.88,565276,5128.0,652345,5559.38,1220308,12052.16,494478
2023-09-18,geo_6,4000000,483241.58,102.617,10396.39,903930,3048.2,516382,6705.3,955400,4457.55,887972,11622.02,472040
2023-09-25,geo_6,4000000,470807.96,102.217,10636.53,865499,3090.89,535439,6073.94,899976,4935.62,967422,10595.45,399157
2023-10-02,geo_6,4000000,435855.1,101.467,10001.03,870316,3653.68,650218,6062.16,950672,6301.72,1354168,10106.34,354494
2023-10-09,geo_6,4000000,471980.48,102.978,14679.33,1392816,3324.28,651320,6063.69,815757,4637.33,963032,11515.97,416509
2023-10-16,geo_6,4000000,491642.84,101.705,12302.82,1085587,3151.85,600795,6192.38,1062457,4176.61,904491,12151.16,459848
2023-10-23,geo_6,4000000,501327.68,101.65,15283.89,1364686,4380.96,702078,13705.37,1992056,13924.53,2813619,13156.31,516317
2023-10-30,geo_6,4000000,496878.79,104.487,57709.59,5028938,13950.24,2345069,15615.93,2345233,10954.15,2492283,12558.46,574758
2023-11-06,geo_6,4000000,524543.16,105.223,53312.41,4543820,13932.38,2249224,15307.49,2354152,10004.15,1827900,12540.96,508251
2023-11-13,geo_6,4000000,519507.54,104.038,59561.44,5025096,13035.68,2331443,5374.23,896098,3931.46,850011,11730.85,416763
2023-11-20,geo_6,4000000,608520.48,103.167,50958.87,4200773,12846.61,2390461,5403.08,787705,4742.09,1080679,10698.88,433732
2023-11-27,geo_6,4000000,577953.93,101.644,14528.23,1215448,3313.66,599867,20052.4,2947350,3861.41,776661,13130.44,579520
2023-12-04,geo_6,4000000,578884.65,101.268,45099.61,3956761,12408.99,2486047,14655.09,2350435,3618.32,779161,32401.91,1173796
2023-12-11,geo_6,4000000,551022.65,101.734,46573.33,4033976,12614.18,2173756,18593.12,2791212,4868.24,979500,24527.45,901563
2023-12-18,geo_6,4000000,618536.15,102.065,58387.64,5345095,14844.92,3209734,6131.2,920394,4867.34,985620,11471.88,395750
2023-12-25,geo_6,4000000,660938.84,99.813,38939.03,3277620,10520.27,1815795,4595.6,691975,5259.99,1027497,9459.04,385122
2024-01-01,geo_6,4000000,574190.91,99.741,12386.81,999435,3818.02,739679,7036.62,1200191,4121.86,822262,12706.05,508600
2024-01-08,geo_6,4000000,540364.43,100.783,11302.12,942492,3337.51,610531,6477.61,963343,4945.37,1086549,10812.55,440192
2024-01-15,geo_6,4000000,550061.19,99.376,11357.68,1026537,3287.73,658419,5446.41,844424,4372.78,899164,10860.26,398692
2024-01-22,geo_6,4000000,575876.78,97.54,10932.35,819564,3421.86,567655,7102.44,1076279,4776.8,956471,24917.78,980851
2024-01-29,geo_6,4000000,576646.4,97.208,13345.01,1191763,3618.71,610504,6247.61,1035398,12035.53,2310211,26223.86,908055
2024-02-05,geo_6,4000000,561861.91,96.364,35225.49,3090194,13669.59,2536287,6542.91,922614,13038.75,2814904,13899.21,524094
2024-02-12,geo_6,4000000,608576.46,96.146,45251.45,3690345,15221.35,2923721,7196.81,1085816,14856.75,2662736,12557.87,555980
2024-02-19,geo_6,4000000,660787.42,96.325,42781.92,3966027,14206.7,2676921,16637.4,2527559,6378.67,1386946,12551.53,543865
2024-02-26,geo_6,4000000,659116.82,96.74,38059.33,3143246,11926.73,2109479,14642.4,2218066,4833.43,960235,11298.92,426068
2024-03-04,geo_6,4000000,571540.14,97.884,10645.41,905242,3403.96,607319,15027.69,2274294,5083.0,1046342,10350.75,382591
2024-03-11,geo_6,4000000,588890.35,98.863,11411.35,988007,3105.69,532464,5905.92,808598,5758.48,1228895,11577.77,476838
2024-03-18,geo_6,4000000,534300.11,101.724,9365.37,826215,3184.08,601412,5533.04,862332,5971.88,1208509,12971.22,488267
2024-03-25,geo_6,4000000,534801.52,101.791,8806.44,778457,2953.63,555150,5213.2,753174,5292.69,1139664,9697.6,335529
2024-04-01,geo_6,4000000,543300.83,100.824,11106.7,864384,3391.59,728017,5399.38,772688,4714.14,1067722,12139.45,516977
2024-04-08,geo_6,4000000,504362.99,97.688,10077.06,789186,3554.52,655619,5848.09,795813,4788.93,1042984,14423.46,527779
2024-04-15,geo_6,4000000,520827.78,97.782,10432.26,940866,3470.38,608281,5394.53,791276,5338.1,1097768,14015.39,574718
2024-04-22,geo_6,4000000,549763.24,98.568,10616.24,897187,3326.09,568815,6292.17,941117,5315.28,1043739,13532.09,512627
2024-04-29,geo_6,4000000,495252.92,98.825,12193.91,983811,4297.3,772447,6539.05,973519,4528.77,1009335,13106.33,502591
2024-05-06,geo_6,4000000,515240.91,99.538,14164.39,1158355,4179.43,824962,5741.76,915095,4603.88,963038,13815.3,516623
2024-05-13,geo_6,4000000,587617.76,97.147,11255.76,922166,13607.36,2440124,18878.74,3173658,5426.49,1184407,12242.87,483038
2024-05-20,geo_6,4000000,567398.65,97.754,10737.89,953301,12097.63,2196205,18543.56,2642475,11551.21,2295986,12492.04,560620
2024-05-27,geo_6,4000000,543154.83,97.678,12903.85,1031265,13180.67,2308970,16139.57,2038135,12110.99,2679872,14664.12,555434
2024-06-03,geo_6,4000000,550927.72,99.06,12005.44,1159007,13913.57,2610218,5553.13,796973,10730.93,2027517,11818.35,479895
2024-06-10,geo_6,4000000,542408.53,99.895,10259.88,812549,3440.65,662452,4615.86,719830,5378.44,1169675,11197.7,397625
2024-06-17,geo_6,4000000,521228.76,98.747,11585.85,934694,3178.59,523902,4613.25,658007,5525.69,1208216,13698.31,562369
2024-06-24,geo_6,4000000,492181.01,97.544,10886.05,947237,3661.88,629247,7002.03,904951,6778.19,1345799,11928.91,570476
2024-07-01,geo_6,4000000,517812.26,99.216,13725.38,1166720,4220.5,848790,6221.85,935300,6744.91,1424216,10571.31,399285
2024-07-08,geo_6,4000000,513791.93,99.783,15455.92,1415712,3992.76,781719,5226.33,692411,5831.27,1111211,9957.34,340304
2024-07-15,geo_6,4000000,475218.26,102.411,13750.51,1108792,3898.24,814129,11802.06,1928014,5415.01,1043185,14567.01,549321
2024-07-22,geo_6,4000000,509226.01,100.007,11326.58,956976,3947.1,682871,14037.54,2012960,16205.71,3275594,30435.94,1316537
2024-07-29,geo_6,4000000,510933.05,99.277,13710.63,1165317,3611.01,626658,15464.26,2125274,12382.38,2733387,26147.08,1087737
2024-08-05,geo_6,4000000,558304.85,100.057,10805.91,859515,2850.06,546468,6008.8,954233,10485.11,2128932,14462.08,572049
2024-08-12,geo_6,4000000,473597.27,100.393,12507.37,1146361,3447.65,554514,5141.73,658050,5783.59,1069594,12724.9,527458
2024-08-19,geo_6,4000000,549755.9,100.135,11273.78,967735,2934.48,547213,8596.38,1250280,4940.74,1023616,14066.91,567436
2024-08-26,geo_6,4000000,537225.48,102.924,45217.61,3815754,10541.95,1895966,15738.65,2200375,7401.91,1363022,15987.06,589661
2024-09-02,geo_6,4000000,595186.13,100.011,43643.43,3618494,11377.45,2133586,13218.73,1750031,6591.29,1298473,13318.43,555044
2024-09-09,geo_6,4000000,565551.47,100.65,51595.92,3650678,12316.11,2352359,15992.8,2435077,6521.18,1406612,12520.14,496844
2024-09-16,geo_6,4000000,603865.16,99.224,46702.22,4009866,11396.59,1896637,6551.12,1045881,5499.71,1056775,12989.18,556768
2024-09-23,geo_6,4000000,516381.2,97.207,13238.49,1014189,3822.44,645498,6852.14,932863,6107.69,1337914,12001.41,465165
2024-09-30,geo_6,4000000,502993.74,96.564,10022.74,825626,2990.63,563537,6096.65,952112,6413.66,1303566,13568.25,533545
2024-10-07,geo_6,4000000,555264.07,97.209,12519.44,1083384,3533.11,543150,4874.46,798176,5465.42,1159457,12003.5,426868
2024-10-14,geo_6,4000000,475029.66,96.223,10916.13,911115,3046.32,546451,6419.87,1011630,5305.73,1126624,11925.73,497128
2024-10-21,geo_6,4000000,500296.38,96.382,13354.38,1075564,3476.85,625874,5542.86,828693,5425.84,1121790,14837.7,606262
2024-10-28,geo_6,4000000,532091.09,96.404,13167.63,986964,2927.03,546217,6346.77,882085,4790.45,981799,13246.19,522303
2024-11-04,geo_6,4000000,519123.82,97.279,11615.86,961025,2936.37,553777,6022.9,886744,4894.19,1048473,12743.26,523575
2024-11-11,geo_6,4000000,512497.95,97.212,12199.09,1060834,2984.01,546260,6910.86,1017331,6024.8,1148659,14385.02,569022
2024-11-18,geo_6,4000000,453151.73,98.823,12414.28,1012860,2898.72,523821,6656.84,971307,5546.0,1194386,11286.28,454587
2024-11-25,geo_6,4000000,613776.87,99.188,13278.33,1178651,2898.96,500019,5976.62,786226,4357.27,885091,11264.26,502876
2024-12-02,geo_6,4000000,532621.68,98.591,12209.38,1065311,3055.15,563229,21120.33,3204665,4991.48,1041729,11954.24,493132
2024-12-09,geo_6,4000000,577121.62,97.673,52672.6,4263243,11169.04,2056274,14884.87,2140784,5151.46,1129607,10216.15,406249
2024-12-16,geo_6,4000000,576604.54,96.065,43445.74,3604976,10581.06,2181673,14661.31,1987755,5212.02,1087629,10161.26,381770
2024-12-23,geo_6,4000000,669789.93,97.05,40085.4,3483592,8362.59,1489867,6301.44,927904,13496.18,2647772,10494.53,405555
2024-12-30,geo_6,4000000,612109.43,98.097,49365.04,4580299,11017.03,1853257,6275.81,979531,12296.17,2693119,12531.16,524975
2025-01-06,geo_6,4000000,656045.72,98.816,11722.94,930315,3527.26,639548,6687.09,1052529,16847.6,3679322,9981.48,416238
2025-01-13,geo_6,4000000,654556.46,96.74,12753.32,1219485,3459.85,589639,12568.51,1852628,5677.46,1140000,23983.58,908224
2025-01-20,geo_6,4000000,616868.06,98.318,11721.63,938555,2809.22,549328,15820.41,2459499,14722.52,2810692,25285.75,1052055
2025-01-27,geo_6,4000000,631491.37,97.547,11400.25,965949,3259.42,569381,19565.92,3221572,12532.38,2455193,15017.42,578308
2025-02-03,geo_6,4000000,585359.91,95.246,11764.09,933330,3230.8,548011,7023.51,1142862,11017.44,2173562,13418.72,553356
2025-02-10,geo_6,4000000,564222.1,94.463,11180.64,955397,2911.94,600174,6996.27,984915,6215.66,1353728,15090.26,685377
2025-02-17,geo_6,4000000,575496.27,98.611,10281.91,849092,2693.1,519461,5453.15,795047,6679.27,1332099,14751.3,582507
2025-02-24,geo_6,4000000,604390.86,97.971,9887.04,870444,2720.62,525225,5261.98,746572,6797.84,1650285,14615.3,609481
2025-03-03,geo_6,4000000,623769.87,99.922,42397.15,3634516,2781.06,506310,5535.81,802043,5797.17,1221998,15216.63,633405
2025-03-10,geo_6,4000000,582412.85,97.78,44713.31,3927107,3680.02,630570,6441.58,998850,6206.36,1315263,10356.45,420195
2025-03-17,geo_6,4000000,600017.72,98.32,35604.35,3312369,3255.97,645450,6741.33,1115313,5077.38,1069837,12587.25,468804
2025-03-24,geo_6,4000000,597059.43,97.826,44679.54,3525927,3542.81,732346,7143.1,1153133,4740.29,907292,12548.24,506888
2025-03-31,geo_6,4000000,611271.74,97.101,9978.57,805949,3473.93,613581,5166.0,723393,13177.8,2695528,12425.24,509709
2025-04-07,geo_6,4000000,607779.97,97.55,43643.51,3887042,10397.73,1936734,5955.94,819594,13706.47,2955572,13882.25,502998
2025-04-14,geo_6,4000000,662445.8,94.37,41748.46,3533383,12013.2,1883950,6064.17,917851,13094.05,2800418,11734.68,414996
2025-04-21,geo_6,4000000,687601.14,95.077,47064.66,4409519,12791.9,2352877,5959.31,802039,6010.49,1300980,11156.49,481276
2025-04-28,geo_6,4000000,648878.62,97.209,44848.44,3731963,11597.56,2032889,5958.36,881472,5774.79,1264444,13668.46,576402
2025-05-05,geo_6,4000000,628369.14,96.818,14135.68,1125634,3537.81,663515,13037.19,1813856,5321.41,1125357,9617.82,398363
2025-05-12,geo_6,4000000,591178.19,97.609,11375.21,915867,3208.75,533165,15205.04,2466656,5369.96,1212684,13363.25,512898
2025-05-19,geo_6,4000000,594685.75,98.278,11354.92,852609,3877.48,682736,11409.81,1562303,4577.33,903873,10236.86,441221
2025-05-26,geo_6,4000000,581605.75,99.32,12117.36,964479,3895.61,766874,7624.28,1131829,4227.85,986055,14283.59,543103
2025-06-02,geo_6,4000000,545902.9,100.874,9504.1,805472,3917.29,698341,6317.39,954611,3777.84,793354,12149.35,510768
2025-06-09,geo_6,4000000,544169.41,100.603,10548.91,941125,3654.09,679431,7531.2,1115919,4695.05,1064600,26807.23,1060385
2025-06-16,geo_6,4000000,609303.67,100.952,13510.85,1117801,4155.33,806964,5373.22,755310,5639.41,1102678,24436.71,987810
2025-06-23,geo_6,4000000,563619.08,99.274,11642.41,896617,3523.87,674094,4717.75,660908,4873.6,1014330,11602.08,485731
2025-06-30,geo_6,4000000,543290.2,100.041,10929.64,990400,2989.6,531925,18229.5,2817116,14436.45,2772687,12355.12,518370
2025-07-07,geo_6,4000000,523933.78,100.319,11553.24,946952,3470.31,700695,11967.64,1834541,12562.14,2520721,12166.62,488081
2025-07-14,geo_6,4000000,602198.28,100.297,10141.65,736848,3840.2,774201,13857.55,2038837,9366.1,1806100,14173.66,611506
2025-07-21,geo_6,4000000,608980.86,101.181,42059.33,3132098,13736.05,2652617,7041.45,1028243,5779.29,1168368,12685.05,474772
2025-07-28,geo_6,4000000,564369.03,100.54,41769.76,3276377,12630.18,2348411,7946.12,1159164,11693.1,2588667,9452.48,357125
2025-08-04,geo_6,4000000,570927.46,101.514,34129.1,3000406,11404.73,2077337,15120.06,2177766,12682.08,2538281,8830.65,318852
2025-08-11,geo_6,4000000,626378.49,97.781,47812.5,4112322,16956.28,3269510,16277.04,2422745,12413.35,2401038,15102.99,583761
2025-08-18,geo_6,4000000,569811.46,98.473,10561.18,970677,3963.21,722182,17084.11,2515829,5361.64,1173994,19557.88,736795
2025-08-25,geo_6,4000000,543780.42,98.815,10862.62,876592,3998.24,678029,7429.25,1128107,15671.44,3078558,25063.03,964658
2025-09-01,geo_6,4000000,548438.35,98.141,43719.87,3577679,12529.51,2476439,5954.7,831505,14950.38,3020342,11338.71,409026
2025-09-08,geo_6,4000000,562869.99,98.653,41607.15,3224552,14774.35,2568694,7462.81,1119245,11232.43,2318864,11384.94,468201
2025-09-15,geo_6,4000000,563493.25,97.971,31367.74,2896474,12550.76,2426029,18497.07,2649877,5612.97,1250010,21537.22,850609
2025-09-22,geo_6,4000000,542789.66,97.203,38750.55,2808502,13042.18,2525183,16336.05,2430316,4977.43,984268,28849.25,1163581
2025-09-29,geo_6,4000000,527031.52,97.154,12952.82,1007476,4506.94,752023,16991.99,2466843,6162.87,1249502,13521.76,495486
2025-10-06,geo_6,4000000,485012.52,95.936,48376.33,3816602,12240.28,2298920,8695.65,1265755,5944.47,1151049,10883.52,467125
2025-10-13,geo_6,4000000,533976.52,97.648,42186.29,3683872,12675.94,2394633,6478.93,955343,4578.34,942912,13116.19,499913
2025-10-20,geo_6,4000000,580124.96,99.034,40799.54,3232048,9587.99,1979031,6086.54,863395,5331.44,1229500,26354.5,916105
2025-10-27,geo_6,4000000,591436.06,99.173,46424.4,3867254,11851.42,2080563,6941.55,986954,5117.76,1044482,30984.11,1148788
2025-11-03,geo_6,4000000,567066.96,99.183,12730.14,973890,4626.79,898178,17926.81,2557711,5168.1,1181489,12025.09,484888
2025-11-10,geo_6,4000000,566865.16,99.864,11654.36,905767,4070.11,716079,13452.8,1958101,5436.77,1155840,9612.14,386774
2025-11-17,geo_6,4000000,530143.54,99.013,13571.27,1035269,4488.06,819381,13547.02,2000125,4615.21,963219,13410.09,501745
2025-11-24,geo_6,4000000,640648.4,98.146,11781.55,1026087,3459.48,617912,7550.02,1068930,11691.26,2342976,14009.66,538779
2025-12-01,geo_6,4000000,581475.83,99.617,63873.55,5195872,3605.98,753511,7569.79,1200315,11890.29,2578800,13545.52,568606
2025-12-08,geo_6,4000000,555563.75,101.677,56869.92,4383752,3426.54,666562,18601.66,2721713,12309.33,2443578,11617.67,455997
2025-12-15,geo_6,4000000,574767.96,103.058,51496.26,4442278,3202.59,551598,20791.4,3240851,5097.86,1112337,8595.13,369613
2025-12-22,geo_6,4000000,705708.06,102.668,55554.2,4818526,3588.67,675358,15279.69,1959707,3967.23,821168,9181.4,367600
2023-01-02,geo_7,3500000,415591.73,107.379,9509.55,871648,3289.44,581884,4882.43,825186,4987.26,982463,9488.01,382371
2023-01-09,geo_7,3500000,389258.66,103.257,12036.19,1124471,3361.9,535589,5871.29,918313,4159.14,687573,9977.03,410691
2023-01-16,geo_7,3500000,412316.53,103.017,9572.44,771259,3401.06,574935,5041.78,899147,3982.07,728771,7931.3,321214
2023-01-23,geo_7,3500000,462973.51,101.376,11424.08,1199486,11706.59,1975523,4302.49,610026,3976.77,701655,10759.66,435411
2023-01-30,geo_7,3500000,468224.37,99.45,10981.98,963636,12722.83,1988351,11024.78,1918452,4390.09,805613,9762.14,403697
2023-02-06,geo_7,3500000,493297.34,98.085,10487.89,972368,10559.77,1703734,11797.98,2085399,9800.13,1498413,10025.72,401452
2023-02-13,geo_7,3500000,499462.02,98.131,14133.17,1360008,12751.63,2314449,14243.88,2321943,9267.27,1661663,10585.93,481235
2023-02-20,geo_7,3500000,481779.95,96.423,11144.79,1070487,3240.98,580354,4432.4,783184,10090.82,1880579,8079.57,355597
2023-02-27,geo_7,3500000,517090.32,94.693,42073.64,3695190,13438.31,2141596,5443.81,972098,4079.36,673989,8567.6,370575
2023-03-06,geo_7,3500000,562521.38,96.543,46145.41,4584795,10902.62,1641396,6247.4,970767,5606.08,989893,7086.03,289069
2023-03-13,geo_7,3500000,500170.58,98.114,48654.73,4118320,12645.48,2278867,4784.94,845928,3964.53,685359,8350.88,336600
2023-03-20,geo_7,3500000,537771.39,98.247,41244.62,3992678,9581.14,1466430,6801.4,1170597,4969.0,813081,8545.83,340549
2023-03-27,geo_7,3500000,491954.22,97.958,10982.44,964357,2449.74,391098,5218.77,860629,3589.46,624760,10317.42,411402
2023-04-03,geo_7,3500000,495488.22,98.866,10259.68,924225,2353.96,427907,5516.52,947146,4029.39,673145,10008.6,414597
2023-04-10,geo_7,3500000,476981.48,101.39,8997.51,822235,2535.5,459061,5193.9,823216,5379.03,869282,10639.75,455644
2023-04-17,geo_7,3500000,471979.1,102.772,12152.02,1011618,3943.68,669177,14138.39,2186922,4237.5,747128,10389.28,445293
2023-04-24,geo_7,3500000,452350.26,103.016,12144.44,1138118,3950.17,658386,14403.56,2302384,6043.02,1075206,12444.41,552822
2023-05-01,geo_7,3500000,487082.3,102.104,49907.68,4731507,4241.08,718804,14046.89,2259895,4967.87,826400,11737.71,465997
2023-05-08,geo_7,3500000,492556.78,101.654,32671.74,2577617,2921.54,494420,7267.46,1387984,5624.9,1052363,9609.1,389624
2023-05-15,geo_7,3500000,544433.81,99.801,44888.51,4289290,3741.8,663541,3750.81,609669,3829.23,655050,11270.9,444224
2023-05-22,geo_7,3500000,525302.79,102.502,47880.26,4495751,3287.2,598161,5028.78,871658,11464.65,2225255,22125.8,942758
2023-05-29,geo_7,3500000,506314.32,100.244,9284.36,851676,10054.17,1773010,4346.92,717958,10375.93,2034786,18896.52,712809
2023-06-05,geo_7,3500000,523995.58,99.166,10913.52,940508,12237.35,1937004,4842.47,795845,13333.13,2248061,7103.18,316736
2023-06-12,geo_7,3500000,508984.91,98.68,9387.21,940083,9714.42,1675781,4937.97,834820,4397.17,842202,8109.86,309148
2023-06-19,geo_7,3500000,492782.85,98.675,9916.27,919900,9702.29,1676303,5116.26,910911,4633.56,777677,20807.61,906928
2023-06-26,geo_7,3500000,472313.27,100.71,10499.19,875404,2812.45,505939,5169.26,792789,4130.21,722339,19015.24,708644
2023-07-03,geo_7,3500000,465487.8,101.017,10723.06,1007902,2832.4,411934,4712.25,814264,3742.87,610406,18435.08,721753
2023-07-10,geo_7,3500000,476952.34,99.201,10793.32,1046437,2993.8,512697,15323.8,2447179,5026.26,879843,23431.92,924342
2023-07-17,geo_7,3500000,482813.32,97.479,13999.51,1337106,3449.56,638944,11315.26,1851115,10746.84,1997161,10932.63,402959
2023-07-24,geo_7,3500000,514349.08,98.216,40119.14,3895331,3003.03,512883,12799.1,2044619,11731.26,2283672,12191.05,503995
2023-07-31,geo_7,3500000,479344.61,100.691,43023.43,3652970,3495.03,636386,5316.72,915097,9581.0,1843256,12391.18,490047
2023-08-07,geo_7,3500000,490972.49,100.207,40082.04,3573856,2435.48,425790,6724.14,1051993,4351.98,788467,13224.87,497652
2023-08-14,geo_7,3500000,482994.35,99.822,56509.56,5522159,3631.49,608416,4503.8,736932,3808.17,648473,10533.59,464820
2023-08-21,geo_7,3500000,500384.4,100.004,9959.19,894511,3897.79,721265,4743.04,859764,4166.6,711047,12534.79,534565
2023-08-28,geo_7,3500000,452253.57,99.665,10801.86,1091493,3096.15,573928,6097.11,1006264,4277.17,760517,9630.09,401186
2023-09-04,geo_7,3500000,456359.97,101.582,12161.44,1367711,2919.75,520213,5859.44,1003497,3888.02,653747,11865.55,492984
2023-09-11,geo_7,3500000,437301.69,101.538,8451.9,806343,2532.18,450445,4792.65,798381,4408.28,778797,11170.97,448881
2023-09-18,geo_7,3500000,437758.24,102.617,8162.2,719660,2520.4,404460,6650.19,1144792,3507.05,640501,10552.23,431182
2023-09-25,geo_7,3500000,371682.51,102.217,8545.79,830885,2761.18,446339,6053.86,1036591,3812.55,669660,10014.01,407077
2023-10-02,geo_7,3500000,430812.91,101.467,8108.89,769871,3261.95,506647,5671.02,1028591,4743.9,879460,8538.23,374550
2023-10-09,geo_7,3500000,403999.91,102.978,12106.7,1148509,2796.44,449138,5703.03,970347,3892.42,621517,9709.91,435317
2023-10-16,geo_7,3500000,418307.67,101.705,10061.94,852911,2520.14,436791,5594.73,894790,3587.9,591887,10177.74,415772
2023-10-23,geo_7,3500000,410483.62,101.65,12911.9,1176996,3326.96,525934,13296.68,2158845,11807.17,1962070,11419.86,448342
2023-10-30,geo_7,3500000,450838.08,104.487,46364.57,4729769,11262.99,1863569,13144.97,2104190,9812.75,1610172,11142.56,485414
2023-11-06,geo_7,3500000,468662.49,105.223,45487.14,4221786,11237.71,1939588,12955.55,1994863,9403.1,1824203,11233.58,441231
2023-11-13,geo_7,3500000,502480.36,104.038,50187.17,4903262,11027.54,1855722,4278.81,742579,3865.32,635064,9831.48,441171
2023-11-20,geo_7,3500000,571009.99,103.167,44193.3,4555949,10356.07,1874103,4365.6,802109,4596.05,775187,9458.01,386290
2023-11-27,geo_7,3500000,511031.1,101.644,13009.37,1113556,2447.16,439719,16612.69,2803871,3431.8,575933,11533.93,503249
2023-12-04,geo_7,3500000,540296.69,101.268,37567.94,3590343,9467.32,1716857,13006.97,2099849,3104.33,608829,28202.78,1310919
2023-12-11,geo_7,3500000,530759.7,101.734,39695.7,3560559,9671.9,1487595,18136.4,3190462,4437.14,800545,20508.55,949673
2023-12-18,geo_7,3500000,489358.0,102.065,49377.23,4460328,11122.82,2166379,5932.79,969003,4126.31,708850,9288.99,351875
2023-12-25,geo_7,3500000,583978.14,99.813,34151.96,3192330,8518.38,1408008,4279.21,692809,4264.73,765087,8165.45,348783
2024-01-01,geo_7,3500000,507176.08,99.741,11607.87,1045446,3381.29,627593,5997.34,1036488,4084.23,642378,11360.59,435892
2024-01-08,geo_7,3500000,468914.17,100.783,10292.65,912434,2870.13,492906,5106.86,887158,4676.42,867487,9382.55,365485
2024-01-15,geo_7,3500000,522825.9,99.376,10174.07,951659,2942.52,497292,4501.94,682851,3994.26,776895,9528.88,360481
2024-01-22,geo_7,3500000,516942.98,97.54,8937.74,836088,2859.92,455921,6381.67,1089292,4538.56,851345,21475.1,887548
2024-01-29,geo_7,3500000,498988.14,97.208,11032.24,993010,2779.16,426115,5332.67,896956,11469.8,2079108,22573.34,946605
2024-02-05,geo_7,3500000,533873.24,96.364,32599.3,3501374,10115.77,1592722,6289.23,1023596,11394.02,1791087,11316.62,453045
2024-02-12,geo_7,3500000,577035.69,96.146,43392.07,3833620,12370.3,2002149,7163.9,1180392,12897.05,2080268,10279.48,392327
2024-02-19,geo_7,3500000,574175.98,96.325,40302.65,3633234,12246.92,2115769,18953.54,3135876,4748.04,812569,9593.21,398012
2024-02-26,geo_7,3500000,564221.34,96.74,36826.94,3327485,10304.02,1608836,17450.54,2929195,3918.37,631238,9138.69,352001
2024-03-04,geo_7,3500000,563553.71,97.884,10169.22,887608,2825.01,484714,16714.79,2713963,4264.93,765307,7762.59,322849
2024-03-11,geo_7,3500000,477314.39,98.863,11319.22,1016320,2559.74,468640,6723.62,1166278,5094.21,933762,8345.08,347830
2024-03-18,geo_7,3500000,523403.03,101.724,9556.09,961611,2674.34,517665,5925.18,1049838,5718.29,1082076,9655.09,416833
2024-03-25,geo_7,3500000,477507.96,101.791,8625.9,776182,2631.65,434036,5230.83,905189,5282.82,1024060,7338.92,309692
2024-04-01,geo_7,3500000,514115.71,100.824,10382.95,923080,2925.89,473634,5549.91,940471,4763.09,887203,8892.94,380772
2024-04-08,geo_7,3500000,464773.18,97.688,8650.9,756459,2998.87,557540,5966.48,1047432,4938.99,898834,10612.37,382803
2024-04-15,geo_7,3500000,474547.87,97.782,8834.22,910639,2878.07,552677,5181.18,795987,5778.59,982090,10141.2,399478
2024-04-22,geo_7,3500000,454111.7,98.568,9482.54,882362,3050.96,547125,5846.52,1039628,5717.7,947041,9347.98,426990
2024-04-29,geo_7,3500000,501736.54,98.825,9927.43,790453,3852.12,679884,6124.86,1056819,4668.17,879600,9293.79,404058
2024-05-06,geo_7,3500000,462897.11,99.538,11535.06,993692,3501.25,623385,5369.78,1033456,4162.53,706258,10557.89,454719
2024-05-13,geo_7,3500000,565295.78,97.147,9328.31,881621,10988.73,1852779,18247.51,2974496,4634.73,774587,9586.2,455611
2024-05-20,geo_7,3500000,452036.74,97.754,9189.03,844465,10111.0,1631322,19008.04,3198851,10680.89,1755183,11295.46,511140
2024-05-27,geo_7,3500000,495188.16,97.678,10546.95,977645,10534.96,1786212,17075.63,2897202,11450.47,1801484,13012.3,519017
2024-06-03,geo_7,3500000,494811.24,99.06,10745.99,1079685,11573.68,1927578,5959.99,931938,9970.16,2041278,10336.65,466093
2024-06-10,geo_7,3500000,436776.91,99.895,8441.81,845426,2879.16,488630,4864.63,870853,5056.85,922789,10190.29,416353
2024-06-17,geo_7,3500000,424563.26,98.747,8744.59,811085,2548.44,458657,4848.04,864417,5142.98,933804,12457.0,559520
2024-06-24,geo_7,3500000,499373.09,97.544,8218.98,794722,2927.76,509026,7754.99,1184635,5893.55,953635,11496.22,453098
2024-07-01,geo_7,3500000,449290.0,99.216,10501.8,913869,3372.84,558543,7167.45,1186609,6029.59,1018470,9863.44,384267
2024-07-08,geo_7,3500000,477159.33,99.783,11645.42,1118168,3260.02,589182,6233.47,987280,5183.96,847013,8381.43,343304
2024-07-15,geo_7,3500000,405524.99,102.411,10146.29,981630,3216.29,574897,13155.61,2111096,4187.64,727503,12882.32,497402
2024-07-22,geo_7,3500000,479328.57,100.007,7882.46,660766,3532.89,598578,14900.96,2443798,12901.55,2376355,28747.96,1290425
2024-07-29,geo_7,3500000,464513.07,99.277,9784.45,916414,3269.0,528093,17355.43,3202062,11028.73,1894346,21975.94,944068
2024-08-05,geo_7,3500000,460470.61,100.057,7715.88,743591,2652.71,393861,6084.89,992153,9829.85,1490694,11079.42,436174
2024-08-12,geo_7,3500000,415371.56,100.393,8648.99,787064,3269.63,570130,5385.42,966652,4786.92,848845,11209.91,455764
2024-08-19,geo_7,3500000,446182.87,100.135,6999.98,601491,2844.9,510546,8635.36,1558059,3940.15,754759,11569.34,480222
2024-08-26,geo_7,3500000,436810.46,102.924,28356.85,2689436,10978.83,1672279,15938.07,2773429,5818.69,995969,13002.63,500134
2024-09-02,geo_7,3500000,457216.6,100.011,26655.31,2505505,11829.32,2075457,12170.95,2126166,5315.83,905938,10713.07,437578
2024-09-09,geo_7,3500000,504419.26,100.65,31972.01,3074844,13329.62,2381804,14753.24,2636295,5521.6,1063449,10053.94,404650
2024-09-16,geo_7,3500000,430890.01,99.224,30280.96,2399280,11346.64,1813217,6374.03,1108496,4419.12,752476,9975.51,436885
2024-09-23,geo_7,3500000,441189.13,97.207,8669.57,861784,3563.24,598091,6299.08,1012260,4523.35,833558,10094.15,452084
2024-09-30,geo_7,3500000,502329.65,96.564,7089.11,654574,2698.51,513113,6145.58,1030594,4748.36,754551,10319.95,373610
2024-10-07,geo_7,3500000,426880.13,97.209,9219.56,877004,3384.8,571811,4783.38,753620,4430.95,758661,9438.08,398880
2024-10-14,geo_7,3500000,435715.02,96.223,8598.55,807170,3067.11,553517,5538.36,940544,4372.91,736046,9666.84,401871
2024-10-21,geo_7,3500000,427720.29,96.382,10685.93,949025,3632.8,579652,4792.22,755008,4392.84,722394,12941.97,511348
2024-10-28,geo_7,3500000,407852.12,96.404,10245.46,959915,3392.93,572132,5510.51,1030714,3725.03,599157,11487.17,482143
2024-11-04,geo_7,3500000,430144.96,97.279,8683.44,846969,3396.65,558715,4946.32,716216,4095.45,739817,11230.13,445312
2024-11-11,geo_7,3500000,411320.82,97.212,8746.77,832622,3213.5,541544,5402.75,947908,4600.07,743864,12408.64,491786
2024-11-18,geo_7,3500000,373706.65,98.823,8676.26,808589,3234.37,556227,5771.12,1030742,4054.47,723147,10234.85,404192
2024-11-25,geo_7,3500000,530942.46,99.188,9342.92,888253,3588.8,625397,5081.02,940689,3580.09,625212,10052.83,506017
2024-12-02,geo_7,3500000,433455.29,98.591,8600.59,787410,3752.67,586041,19397.51,2972749,3914.35,697692,10694.59,428359
2024-12-09,geo_7,3500000,510353.57,97.673,39114.57,3332362,13343.11,2124515,14192.68,2463101,3810.72,609575,9289.35,406848
2024-12-16,geo_7,3500000,493500.22,96.065,31336.89,2957899,12262.27,2182257,13971.3,2338960,3895.0,703390,9408.69,377564
2024-12-23,geo_7,3500000,582300.28,97.05,28179.3,2764498,9531.86,1651736,5993.2,891205,9957.77,1632404,9683.17,420053
2024-12-30,geo_7,3500000,510249.04,98.097,33584.22,2985261,11155.31,1685126,6145.17,1020429,9363.99,1718019,11333.8,480374
2025-01-06,geo_7,3500000,525188.32,98.816,8144.44,717038,3527.88,561988,6142.05,1135924,12439.77,2165425,9656.9,421805
2025-01-13,geo_7,3500000,550147.31,96.74,9571.95,910324,3270.77,557369,11553.09,2032760,4395.89,705300,24081.73,1002694
2025-01-20,geo_7,3500000,518845.24,98.318,9259.84,894545,2597.86,455057,11863.86,2059348,11553.49,2012458,24882.28,1103354
2025-01-27,geo_7,3500000,512333.67,97.547,8834.7,814881,3096.65,557308,14743.03,2506678,10192.35,1684051,13900.93,570067
2025-02-03,geo_7,3500000,533033.31,95.246,9091.73,826224,3027.11,482912,5236.64,917356,8735.31,1475194,11123.3,460566
2025-02-10,geo_7,3500000,531165.49,94.463,9522.44,897443,2763.88,471876,5428.41,1038118,4887.14,888945,13129.62,593064
2025-02-17,geo_7,3500000,498651.27,98.611,8427.04,798412,2304.35,422609,4648.33,809539,4897.97,952648,12771.05,489919
2025-02-24,geo_7,3500000,532141.32,97.971,7911.87,711835,2481.33,419801,4775.27,796383,5129.88,843662,11959.28,475493
2025-03-03,geo_7,3500000,497179.24,99.922,31571.63,2769781,2696.12,400134,4837.97,818130,4501.67,848818,13655.96,608439
2025-03-10,geo_7,3500000,551711.48,97.78,34172.1,3542248,3310.51,556675,5579.72,961074,5153.72,853030,9143.86,340257
2025-03-17,geo_7,3500000,584125.27,98.32,28071.45,2525124,2907.83,541339,6505.52,1107378,4469.6,786957,11317.62,500720
2025-03-24,geo_7,3500000,562686.88,97.826,34587.72,3467562,3244.72,556344,6492.83,1085684,4191.05,720802,10968.73,506794
2025-03-31,geo_7,3500000,538181.88,97.101,7694.87,712406,3231.24,570016,4476.53,731409,11598.29,2072440,10701.1,461011
2025-04-07,geo_7,3500000,537426.38,97.55,35319.92,3245007,9199.28,1557351,5635.81,995103,12134.21,2055012,13454.71,586760
2025-04-14,geo_7,3500000,576287.34,94.37,34610.83,3685958,10909.02,1951734,5981.73,1016058,11716.0,2088189,10161.88,435837
2025-04-21,geo_7,3500000,542133.24,95.077,39491.94,3597853,12622.04,2068634,5456.42,968975,5094.17,899658,10379.83,417646
2025-04-28,geo_7,3500000,571161.88,97.209,38898.02,3571397,10680.96,1589534,5432.23,899533,5247.97,856380,12345.72,511041
2025-05-05,geo_7,3500000,538652.91,96.818,11728.39,970798,3029.59,508599,11708.72,1761638,5050.91,843638,9600.37,399660
2025-05-12,geo_7,3500000,581979.11,97.609,8572.3,796607,2686.62,411534,12278.54,2249540,4686.02,938522,13547.99,574354
2025-05-19,geo_7,3500000,564700.59,98.278,8785.11,785926,2995.99,547246,9107.54,1604737,4097.43,731440,10317.2,459350
2025-05-26,geo_7,3500000,465554.85,99.32,8871.34,770074,2954.22,441042,5540.39,935319,4048.53,699268,13509.29,579894
2025-06-02,geo_7,3500000,530946.92,100.874,7267.65,705375,2983.72,522646,4881.74,867760,3412.61,558994,10376.2,456995
2025-06-09,geo_7,3500000,507516.75,100.603,8371.59,775096,3027.86,523868,5530.45,919164,4773.4,829349,24362.33,969892
2025-06-16,geo_7,3500000,503556.77,100.952,11515.55,1118730,3470.9,668061,4148.58,636507,5555.9,978556,22762.64,921717
2025-06-23,geo_7,3500000,441358.27,99.274,10601.98,1040492,3125.67,516567,4000.13,671604,5047.81,872754,10543.32,436486
2025-06-30,geo_7,3500000,473669.44,100.041,10666.79,995131,2641.03,431396,17020.51,2789425,14577.06,2863156,11092.47,415735
2025-07-07,geo_7,3500000,460617.43,100.319,12273.25,1159425,3157.39,530518,10255.93,1856786,12394.4,2386254,10861.23,467675
2025-07-14,geo_7,3500000,456527.67,100.297,10377.2,937632,3079.84,498947,11469.53,2003660,9061.1,1673426,12160.51,501588
2025-07-21,geo_7,3500000,507687.26,101.181,40353.85,4325231,11093.83,1643142,5704.43,935526,5270.46,903827,11408.34,523152
2025-07-28,geo_7,3500000,539313.87,100.54,43525.08,4305840,9583.47,1673159,6582.61,1065653,9859.69,1904441,9069.86,368173
2025-08-04,geo_7,3500000,506848.52,101.514,37349.94,3693865,8756.08,1624631,11868.89,2031622,10562.13,1888932,8482.01,324967
2025-08-11,geo_7,3500000,527933.51,97.781,50806.11,4274976,13750.15,2295013,12158.33,1950964,11099.76,2109249,13274.48,592440
2025-08-18,geo_7,3500000,514688.78,98.473,11125.41,1076098,3185.11,523896,12880.28,2204729,4663.15,750836,17403.13,813249
2025-08-25,geo_7,3500000,481239.32,98.815,11515.44,1070125,3408.1,561724,5840.48,1034473,13608.58,2444643,21855.22,933963
2025-09-01,geo_7,3500000,554151.31,98.141,46910.57,4414415,11012.42,1906436,5121.71,874503,13515.51,2388896,10010.95,450444
2025-09-08,geo_7,3500000,472557.94,98.653,43110.42,3747168,12420.63,1894107,5864.49,1051127,9683.8,1493970,9448.43,384266
2025-09-15,geo_7,3500000,553824.25,97.971,35836.28,3655813,10596.18,1766917,15981.29,2753968,5088.38,874507,18762.82,774980
2025-09-22,geo_7,3500000,505579.95,97.203,45817.33,4534650,10826.84,1744346,13529.55,2202975,4484.91,799663,25951.03,1000193
2025-09-29,geo_7,3500000,513513.98,97.154,15042.04,1303160,4249.86,720601,13914.67,2384839,5886.81,1039743,11257.89,438814
2025-10-06,geo_7,3500000,547737.49,95.936,53918.1,4953456,11533.81,2161947,7494.27,1403145,6432.06,1129405,9262.65,366072
2025-10-13,geo_7,3500000,489731.94,97.648,49411.61,4256376,11326.94,1888125,6116.74,1021605,5449.68,842954,10870.4,460744
2025-10-20,geo_7,3500000,497891.31,99.034,45796.99,4030347,9104.72,1669405,5927.51,1078052,6058.03,1066169,20430.5,801719
2025-10-27,geo_7,3500000,494206.38,99.173,50700.47,5246195,10821.94,1822509,6768.81,1035286,5991.42,1140898,25145.89,963067
2025-11-03,geo_7,3500000,502874.97,99.183,13028.16,1264704,4161.21,623792,17045.18,2917773,5600.29,952989,9891.48,419826
2025-11-10,geo_7,3500000,502878.58,99.864,11825.01,1028860,3492.37,533635,12715.07,2335558,6307.61,1178461,8137.9,335155
2025-11-17,geo_7,3500000,516102.57,99.013,12861.26,1158266,4205.31,687864,11943.41,1948776,5261.5,929175,11184.55,527240
2025-11-24,geo_7,3500000,597572.14,98.146,10615.32,1034741,3147.37,519753,6742.19,1144998,13191.33,2394946,10999.02,437625
2025-12-01,geo_7,3500000,512117.93,99.617,54536.58,5224313,3367.46,608415,6407.08,1051479,13341.36,2398135,10591.46,440298
2025-12-08,geo_7,3500000,496269.83,101.677,49207.08,4101468,3086.29,548903,15619.73,2710187,13255.83,2386447,9552.34,417428
2025-12-15,geo_7,3500000,496363.51,103.058,44622.78,4229711,2855.4,449532,17513.71,3005266,5525.76,951624,7999.24,334286
2025-12-22,geo_7,3500000,577733.17,102.668,47913.7,4079645,3474.65,580358,12578.12,2025038,4122.66,685087,8656.63,356391
2023-01-02,geo_8,2500000,276997.77,107.379,5882.41,508562,1942.65,333249,3504.79,550389,3186.18,611639,6809.25,269043
2023-01-09,geo_8,2500000,314034.78,103.257,7134.43,676976,2207.6,333488,4406.42,672760,2690.73,500880,7764.08,283073
2023-01-16,geo_8,2500000,305826.65,103.017,5433.41,502819,1947.87,323983,3845.05,526152,2629.84,487108,6230.82,246406
2023-01-23,geo_8,2500000,337700.91,101.376,5885.69,531217,7358.91,1157412,3270.73,463443,2967.3,588132,7611.9,288090
2023-01-30,geo_8,2500000,330064.74,99.45,5800.42,567767,8065.02,1285575,8631.07,1270999,3290.55,593172,7499.02,300508
2023-02-06,geo_8,2500000,381597.46,98.085,5996.9,551365,6989.24,1104831,9473.42,1442303,7083.38,1279447,7275.58,300446
2023-02-13,geo_8,2500000,365543.95,98.131,8401.8,731878,7896.26,1301470,10577.61,1524383,6062.17,1208496,7645.78,298388
2023-02-20,geo_8,2500000,347752.06,96.423,7107.54,568292,1913.39,310174,3276.76,480869,6678.97,1343322,6925.1,253611
2023-02-27,geo_8,2500000,317345.72,94.693,27000.66,2290608,7738.71,1317813,3845.97,492824,2624.24,490087,7016.77,284362
2023-03-06,geo_8,2500000,362707.01,96.543,29652.85,2502828,5999.2,914784,4588.53,739574,3731.95,682910,5498.0,199347
2023-03-13,geo_8,2500000,400979.54,98.114,31668.33,3029114,7751.82,1234713,3282.35,474910,2792.7,562642,5880.4,242807
2023-03-20,geo_8,2500000,355993.3,98.247,25548.54,2403589,6030.77,1014516,4879.51,686708,3894.51,710418,6000.82,229261
2023-03-27,geo_8,2500000,359783.78,97.958,7005.03,641152,1391.52,236722,3989.26,572324,2751.34,532784,7459.51,275657
2023-04-03,geo_8,2500000,349564.97,98.866,7159.55,641726,1365.98,226794,4509.35,689791,2850.65,594151,6879.86,274484
2023-04-10,geo_8,2500000,341613.16,101.39,6875.79,668261,1494.2,245563,4046.36,628838,4001.96,740238,6651.82,247238
2023-04-17,geo_8,2500000,327269.58,102.772,10656.58,981715,2195.98,342401,10826.62,1460243,3348.68,689664,6735.83,292336
2023-04-24,geo_8,2500000,328817.23,103.016,10872.25,961458,2068.51,336299,10662.03,1721371,4629.76,1008631,8535.5,325100
2023-05-01,geo_8,2500000,367411.25,102.104,43047.95,3669757,2368.13,398361,10822.87,1818210,3934.59,808112,7465.87,321054
2023-05-08,geo_8,2500000,350526.47,101.654,30569.16,3066193,1655.46,277296,5406.78,829931,4003.48,848549,6265.72,241899
2023-05-15,geo_8,2500000,396173.91,99.801,36721.4,3102186,2133.23,344228,2687.98,394866,2675.15,479507,8337.87,324372
2023-05-22,geo_8,2500000,394462.48,102.502,36299.41,3512698,2064.61,367673,3343.93,520859,7661.75,1479630,17116.44,683725
2023-05-29,geo_8,2500000,393349.75,100.244,7915.59,725038,6220.08,995615,3085.59,466145,7303.62,1434312,15632.61,580504
2023-06-05,geo_8,2500000,364800.92,99.166,9456.36,966325,8184.4,1365786,3900.4,613849,8879.41,1637927,5561.56,206987
2023-06-12,geo_8,2500000,370556.48,98.68,7964.08,748612,6193.35,1052141,3601.8,538479,2952.23,513518,6734.83,269217
2023-06-19,geo_8,2500000,349088.52,98.675,7945.12,693771,5748.24,899496,3702.36,530865,3122.75,569160,16794.53,595366
2023-06-26,geo_8,2500000,363148.28,100.71,8087.74,724417,1668.91,286058,3871.63,599017,2863.89,538063,14810.42,557889
2023-07-03,geo_8,2500000,345883.3,101.017,7870.41,687004,1730.72,277290,3521.52,491441,2467.0,476974,13594.19,523726
2023-07-10,geo_8,2500000,349533.25,99.201,7025.9,634984,1743.69,286757,10490.66,1577493,3076.24,563013,15643.29,561511
2023-07-17,geo_8,2500000,353689.35,97.479,9399.98,872314,2166.14,334378,7415.29,1103562,6335.31,1145844,6896.56,257283
2023-07-24,geo_8,2500000,368585.77,98.216,28658.53,2835627,1803.9,315206,9165.62,1538550,7652.21,1386664,7700.45,309871
2023-07-31,geo_8,2500000,312021.19,100.691,31551.63,2787368,2177.21,410782,4011.93,649678,6470.21,1308115,7984.78,305593
2023-08-07,geo_8,2500000,352418.67,100.207,30560.84,2575429,1528.61,262398,4806.68,713597,3257.2,708230,8897.05,341309
2023-08-14,geo_8,2500000,350012.25,99.822,44324.29,3879411,2284.02,416945,3445.35,565391,2901.68,522361,7266.34,262535
2023-08-21,geo_8,2500000,358848.67,100.004,7180.6,620941,2412.89,380487,3373.25,545155,3164.73,608555,9021.07,333981
2023-08-28,geo_8,2500000,319002.39,99.665,7950.55,852588,1883.38,317515,4148.33,607894,3391.54,632460,7311.3,282008
2023-09-04,geo_8,2500000,284448.79,101.582,9410.49,912762,2049.08,329851,3976.09,542780,3100.06,535144,9155.19,335788
2023-09-11,geo_8,2500000,281286.14,101.538,6261.04,577275,1659.59,261235,3486.14,558353,3593.79,696059,8304.63,311843
2023-09-18,geo_8,2500000,324084.95,102.617,6645.98,546812,1528.22,255236,4707.78,688509,2838.26,654412,8683.64,332776
2023-09-25,geo_8,2500000,314709.71,102.217,7052.58,614396,1704.3,285795,4308.07,672519,3449.54,634582,8109.82,337133
2023-10-02,geo_8,2500000,304371.31,101.467,5904.7,549718,1906.83,300618,3904.57,624012,4196.78,811183,7410.67,271890
2023-10-09,geo_8,2500000,271664.21,102.978,7999.7,698641,1652.29,271738,3678.87,579737,3324.04,626492,8108.51,289886
2023-10-16,geo_8,2500000,287925.14,101.705,6536.43,561798,1514.64,248204,3847.46,577929,2978.94,590261,8136.57,301485
2023-10-23,geo_8,2500000,276935.18,101.65,8192.04,683803,1978.78,380923,8961.11,1283909,10108.13,2177545,9395.05,331754
2023-10-30,geo_8,2500000,286272.45,104.487,31389.15,2865071,6155.33,1097130,8920.08,1390606,7954.79,1633563,8394.06,381770
2023-11-06,geo_8,2500000,330300.32,105.223,29577.39,2786157,6270.7,971475,9571.09,1316980,6917.38,1342429,8305.69,312104
2023-11-13,geo_8,2500000,311316.5,104.038,32924.6,2993888,6623.02,1223757,3497.15,534222,3016.72,590044,7526.92,293560
2023-11-20,geo_8,2500000,373436.28,103.167,28619.58,2391303,6861.87,1149709,3261.22,503532,3619.54,690820,7536.41,285732
2023-11-27,geo_8,2500000,319217.57,101.644,7894.34,690696,1813.95,259439,11693.81,1815107,2905.21,535114,8198.38,330445
2023-12-04,geo_8,2500000,351436.13,101.268,24407.46,2179768,6941.89,1112631,8727.29,1311558,2907.8,563440,20201.25,734324
2023-12-11,geo_8,2500000,332175.21,101.734,27823.32,2537714,6941.65,1094094,11800.84,1688547,3862.67,775604,15224.04,556747
2023-12-18,geo_8,2500000,335633.64,102.065,36251.81,3378633,8070.67,1310497,3959.35,602300,3789.05,820998,6666.16,245758
2023-12-25,geo_8,2500000,445929.2,99.813,24353.21,2256928,5963.95,927124,2801.38,431172,3829.2,757860,5460.22,216032
2024-01-01,geo_8,2500000,377611.7,99.741,8024.76,758343,2201.64,335613,3994.15,585052,3407.7,603903,7150.17,288756
2024-01-08,geo_8,2500000,314871.19,100.783,6671.73,548166,2030.5,305898,3366.93,480891,3952.49,733128,6193.87,237856
2024-01-15,geo_8,2500000,341513.28,99.376,6456.64,622282,1930.18,323276,2816.51,409832,3399.15,693346,6158.8,251283
2024-01-22,geo_8,2500000,388395.8,97.54,6507.38,569823,1855.56,293815,3615.01,523034,3844.2,730370,15227.58,604682
2024-01-29,geo_8,2500000,372251.03,97.208,8811.83,765410,1925.37,286401,3277.92,582615,9671.59,1786238,16002.34,638816
2024-02-05,geo_8,2500000,380367.94,96.364,26501.54,2328926,6706.69,1163557,4016.59,566395,9294.84,1978991,8900.65,368334
2024-02-12,geo_8,2500000,415168.17,96.146,36125.02,3476798,8845.2,1525560,4747.62,683765,10229.88,2000274,8310.65,324604
2024-02-19,geo_8,2500000,380152.45,96.325,32505.41,2826752,9242.33,1501198,11219.72,1523259,4107.51,862639,8012.22,343605
2024-02-26,geo_8,2500000,429796.64,96.74,29838.53,2800394,7974.61,1232567,9864.41,1650561,3153.09,622016,7576.95,309562
2024-03-04,geo_8,2500000,353339.56,97.884,7653.33,734527,2307.13,396229,10329.95,1645736,3264.03,652845,7072.62,287116
2024-03-11,geo_8,2500000,353407.87,98.863,7986.41,680954,1983.66,281224,4240.59,605057,3812.21,790055,7702.9,291428
2024-03-18,geo_8,2500000,365077.3,101.724,6517.32,622804,1960.88,305574,4081.46,612866,3962.9,768114,8226.22,331118
2024-03-25,geo_8,2500000,344400.1,101.791,5649.41,486530,1799.56,333449,3673.68,533038,3642.66,778210,5685.17,236647
2024-04-01,geo_8,2500000,341752.89,100.824,7629.77,704190,2065.87,343229,3858.19,606763,3242.45,660981,7462.54,279635
2024-04-08,geo_8,2500000,332646.94,97.688,6484.44,600103,2069.96,332877,4022.55,651631,3585.4,778762,8691.82,330241
2024-04-15,geo_8,2500000,378954.5,97.782,7211.55,652750,1889.2,302419,3478.42,554621,3981.19,852413,8060.53,325492
2024-04-22,geo_8,2500000,343633.83,98.568,7659.78,704067,1848.91,308368,3821.34,568039,3880.82,721559,7436.07,269617
2024-04-29,geo_8,2500000,352192.13,98.825,8327.88,779758,2396.53,338556,3859.03,575503,3024.69,600708,7450.69,262656
2024-05-06,geo_8,2500000,333868.32,99.538,9504.49,874055,2234.26,389786,3624.6,638835,2874.51,581283,8097.63,305409
2024-05-13,geo_8,2500000,389433.78,97.147,8006.11,750589,7882.17,1208308,11553.71,1657123,3089.56,658394,7100.97,281032
2024-05-20,geo_8,2500000,353291.2,97.754,8523.87,728068,6647.32,1096256,12052.05,1898958,7042.79,1374362,7732.3,302933
2024-05-27,geo_8,2500000,339334.37,97.678,8847.15,877164,7674.87,1241729,9799.16,1344419,7694.7,1536122,8996.07,365677
2024-06-03,geo_8,2500000,324593.01,99.06,7993.36,760058,8247.96,1262574,3232.89,483992,6620.6,1385474,7621.58,295770
2024-06-10,geo_8,2500000,333711.49,99.895,6294.42,621907,2026.29,338409,2966.61,451641,3188.77,636330,7323.98,271427
2024-06-17,geo_8,2500000,330826.59,98.747,7348.3,691067,1957.34,315078,2518.5,384071,3407.53,678217,8030.37,255720
2024-06-24,geo_8,2500000,326631.07,97.544,6602.36,639442,2313.7,381461,3974.28,640539,4148.55,859953,6871.75,248330
2024-07-01,geo_8,2500000,350178.49,99.216,8121.15,848969,2706.14,421666,3383.06,491453,4152.01,908044,6304.67,244223
2024-07-08,geo_8,2500000,304712.15,99.783,9218.85,908949,2733.89,440595,3189.39,525201,3575.65,762507,6011.01,253785
2024-07-15,geo_8,2500000,323567.81,102.411,8238.78,815787,2461.18,377315,7529.18,1163857,3113.21,609687,8910.61,361507
2024-07-22,geo_8,2500000,314927.5,100.007,6851.1,640854,2418.06,377593,8565.89,1168489,8907.1,1734003,19286.26,722748
2024-07-29,geo_8,2500000,326005.3,99.277,8347.12,789390,2092.43,350023,10219.23,1542369,7261.76,1379021,15093.7,603850
2024-08-05,geo_8,2500000,326697.24,100.057,6536.98,615466,1677.55,267934,3639.34,553538,6815.71,1317817,7897.54,312211
2024-08-12,geo_8,2500000,317523.28,100.393,7784.09,707319,2135.46,358150,3124.79,453139,3311.04,657210,7426.96,270934
2024-08-19,geo_8,2500000,348103.89,100.135,6377.07,553332,1787.49,281437,5198.07,805515,3020.91,509010,7869.97,292800
2024-08-26,geo_8,2500000,349496.07,102.924,25903.51,2450121,6964.49,979937,9972.94,1516808,4430.09,900573,9044.07,333361
2024-09-02,geo_8,2500000,351469.99,100.011,26298.23,2212706,8135.91,1242681,7742.88,1093365,3910.42,708420,7844.83,336934
2024-09-09,geo_8,2500000,336950.4,100.65,29985.58,2948691,8775.11,1540537,10045.72,1521620,4105.16,805678,7943.08,301497
2024-09-16,geo_8,2500000,331381.86,99.224,28803.05,2693505,7515.09,1105554,4334.67,629209,3271.28,646668,8479.08,323444
2024-09-23,geo_8,2500000,344244.62,97.207,8501.45,753922,2542.95,412813,4692.24,641428,3568.52,707120,8370.36,318039
2024-09-30,geo_8,2500000,319470.41,96.564,7323.49,687993,2004.08,339701,4683.8,684669,3428.01,616487,9181.3,350547
2024-10-07,geo_8,2500000,343362.31,97.209,8956.0,737989,2361.0,403581,3809.77,557903,3187.03,666849,8166.01,301679
2024-10-14,geo_8,2500000,325037.8,96.223,7688.01,683713,1936.45,291439,4465.01,662174,3308.97,684032,7509.72,290312
2024-10-21,geo_8,2500000,332266.48,96.382,9627.67,852598,2221.23,342330,3761.94,569360,3591.98,701331,9523.48,386753
2024-10-28,geo_8,2500000,349259.92,96.404,8981.22,781133,2007.84,343590,4279.4,701521,2995.93,592517,8725.84,331815
2024-11-04,geo_8,2500000,288379.98,97.279,8148.16,817706,1825.4,271672,3948.33,623075,3303.48,669138,8615.43,329356
2024-11-11,geo_8,2500000,326994.99,97.212,8715.55,777408,1818.66,291372,4269.34,608388,3988.58,813937,9152.19,358784
2024-11-18,geo_8,2500000,300825.46,98.823,8368.78,775444,1838.68,310843,4090.28,640542,3420.36,691434,7628.76,307937
2024-11-25,geo_8,2500000,412206.05,99.188,7977.76,721291,1863.85,276733,3736.51,569865,2800.61,566257,7466.19,269501
2024-12-02,geo_8,2500000,332706.27,98.591,6783.22,649686,1931.9,316275,12998.9,1972749,3033.37,643016,7692.13,282419
2024-12-09,geo_8,2500000,362102.16,97.673,31728.18,2795974,6538.6,1076244,9329.28,1425548,3136.84,574377,7009.83,268985
2024-12-16,geo_8,2500000,370082.99,96.065,25520.8,2205791,6785.12,1194939,9489.84,1466563,3327.83,677633,7287.83,287192
2024-12-23,geo_8,2500000,410738.24,97.05,22913.96,2159603,5006.11,892931,3887.23,616583,8351.01,1412732,7423.66,277358
2024-12-30,geo_8,2500000,387168.61,98.097,29600.54,2581708,6716.9,1125827,3956.32,572230,7248.47,1408186,8729.86,348440
2025-01-06,geo_8,2500000,374505.02,98.816,6862.85,609200,2097.05,340598,4282.99,710871,9389.78,1780842,7133.96,275060
2025-01-13,geo_8,2500000,395546.44,96.74,7873.31,793956,2194.83,309985,8206.46,1271375,3206.05,668523,17186.62,690129
2025-01-20,geo_8,2500000,367118.86,98.318,7780.29,735289,1822.18,306037,9209.82,1488003,8601.34,1631410,17081.61,661942
2025-01-27,geo_8,2500000,363730.9,97.547,7003.33,667072,2119.43,330160,11200.64,1797803,7576.2,1374117,9378.57,344387
2025-02-03,geo_8,2500000,403172.38,95.246,6808.48,679341,2180.61,339832,4050.83,647979,6650.21,1444339,8195.35,330240
2025-02-10,geo_8,2500000,388717.79,94.463,7028.51,665788,1975.81,342478,4209.69,653007,3649.51,751024,9150.88,313533
2025-02-17,geo_8,2500000,368859.93,98.611,6901.3,660516,1675.72,293774,3169.4,485990,3897.28,746139,9136.09,358820
2025-02-24,geo_8,2500000,349295.26,97.971,6699.66,658824,1691.21,290867,3161.39,460183,3786.16,684617,9388.42,350451
2025-03-03,geo_8,2500000,342036.31,99.922,30234.3,2777895,1806.45,313991,3279.75,440671,3300.79,529621,9733.23,393523
2025-03-10,geo_8,2500000,398225.15,97.78,32882.19,2863285,2090.01,356026,3850.94,637964,3567.44,741415,6851.3,267720
2025-03-17,geo_8,2500000,353193.51,98.32,25678.05,2270098,1773.7,290164,4030.62,632201,3045.11,629132,8682.17,361298
2025-03-24,geo_8,2500000,347488.39,97.826,30881.62,2635840,2090.7,379040,3859.85,520370,2908.09,580899,7582.3,312245
2025-03-31,geo_8,2500000,341375.54,97.101,7063.97,667750,2087.65,336678,2981.4,492620,8344.52,1529692,7810.36,283796
2025-04-07,geo_8,2500000,377674.87,97.55,29795.18,2741071,5901.47,998164,3927.42,594814,9236.36,1725527,9101.59,351143
2025-04-14,geo_8,2500000,396769.93,94.37,26072.01,2378289,7211.43,1176028,4487.75,711069,8868.5,1742720,7650.25,310753
2025-04-21,geo_8,2500000,402929.15,95.077,29582.76,2438395,8010.43,1249146,4172.12,619619,3992.62,759049,7020.79,248098
2025-04-28,geo_8,2500000,369169.83,97.209,28135.92,2536393,7354.64,1155380,3979.97,556586,4007.18,691421,8901.84,314166
2025-05-05,geo_8,2500000,354049.11,96.818,7976.95,704897,2392.79,375071,8898.48,1228997,3984.51,949481,6588.2,251039
2025-05-12,geo_8,2500000,433281.75,97.609,6141.27,624240,1887.21,334486,9169.94,1446143,3840.15,692601,9562.3,376492
2025-05-19,geo_8,2500000,347262.34,98.278,6098.9,607890,1930.14,345599,7446.22,1148002,3530.45,706793,7595.54,280219
2025-05-26,geo_8,2500000,361397.9,99.32,6438.65,576871,1981.58,327623,4632.61,723557,3319.36,738049,10836.64,391435
2025-06-02,geo_8,2500000,352291.56,100.874,5376.0,488078,1911.45,309714,4143.09,653644,2938.11,573686,8346.39,296277
2025-06-09,geo_8,2500000,389962.51,100.603,5740.38,550631,1725.74,288877,4335.27,613768,3829.26,737980,18786.33,747227
2025-06-16,geo_8,2500000,332244.63,100.952,7406.36,644009,2121.73,359502,3450.51,519469,4440.92,864609,18609.72,605508
2025-06-23,geo_8,2500000,341059.46,99.274,6391.81,546801,2017.56,310964,3058.33,429178,3879.62,715937,8355.89,319839
2025-06-30,geo_8,2500000,375861.79,100.041,6339.16,607620,1843.85,303031,12352.14,2054211,11025.36,2304558,9351.69,396691
2025-07-07,geo_8,2500000,342111.85,100.319,6924.94,618960,2231.88,334764,7707.35,1093352,8915.48,1704436,8548.79,338484
2025-07-14,geo_8,2500000,325776.77,100.297,6477.37,618349,2196.58,386130,8462.11,1133939,6173.49,1184341,9373.66,372777
2025-07-21,geo_8,2500000,347659.43,101.181,25879.46,2216015,8223.37,1430619,4398.37,716231,4137.45,811247,8731.46,303276
2025-07-28,geo_8,2500000,349949.75,100.54,26098.98,2127326,7024.51,1246205,4730.01,694092,8041.58,1678308,6443.03,267160
2025-08-04,geo_8,2500000,362408.42,101.514,21422.64,2115759,5970.73,931562,9229.45,1373556,8791.55,1717996,5634.34,246948
2025-08-11,geo_8,2500000,381703.46,97.781,27923.55,2798516,9333.04,1601412,9503.93,1532281,8539.9,1675218,8878.26,349193
2025-08-18,geo_8,2500000,372506.63,98.473,6731.58,585259,2238.45,369959,9589.81,1336926,3640.56,705663,11712.0,456180
2025-08-25,geo_8,2500000,375588.69,98.815,6494.95,598036,2057.41,313035,4082.1,614926,10101.28,2239995,15399.02,588132
2025-09-01,geo_8,2500000,339148.65,98.141,25806.77,2292677,6360.9,978932,3489.41,506764,9601.25,1745067,6869.89,256232
2025-09-08,geo_8,2500000,355360.02,98.653,26005.55,2321264,7010.84,1178923,4034.51,591369,6918.72,1307952,7081.25,299289
2025-09-15,geo_8,2500000,373682.98,97.971,20414.45,1883539,6496.67,1087462,10641.51,1634446,3550.59,707350,14081.66,570643
2025-09-22,geo_8,2500000,377466.33,97.203,27170.2,2329493,7002.96,1134319,9687.89,1288228,3079.66,544777,16202.06,635591
2025-09-29,geo_8,2500000,346099.05,97.154,8624.87,692950,2564.25,376898,9782.84,1442171,3784.44,805975,7222.3,288407
2025-10-06,geo_8,2500000,378733.2,95.936,30521.46,3107142,7578.6,1262258,4999.34,741465,4168.36,844414,6066.12,262359
2025-10-13,geo_8,2500000,361697.65,97.648,27476.1,2599040,8074.56,1226404,4027.0,573777,3389.8,660552,7462.65,279412
2025-10-20,geo_8,2500000,371008.68,99.034,23736.16,2061303,6822.62,1165079,4113.99,613890,3949.51,767445,15533.97,605147
2025-10-27,geo_8,2500000,362895.86,99.173,25292.61,2210536,9008.75,1505107,5188.69,799571,3946.4,673658,19756.04,710375
2025-11-03,geo_8,2500000,351871.37,99.183,6908.52,626176,3261.05,493007,12634.04,2073530,3495.6,650951,8118.43,300152
2025-11-10,geo_8,2500000,364126.05,99.864,6389.6,638330,2709.05,465091,9907.33,1492077,3792.7,761990,6940.47,305322
2025-11-17,geo_8,2500000,324265.43,99.013,7375.22,664955,3030.53,493724,9414.75,1573082,3124.77,645925,10089.42,388217
2025-11-24,geo_8,2500000,404009.0,98.146,5784.61,527055,2379.73,377564,5310.07,839153,7618.38,1609716,10006.82,351962
2025-12-01,geo_8,2500000,360195.05,99.617,29258.49,2569292,2736.57,472434,4966.6,713109,7778.66,1618658,10273.13,436522
2025-12-08,geo_8,2500000,365102.63,101.677,28056.19,2427188,2457.03,444785,13229.45,1995935,8507.79,1882748,9323.54,349005
2025-12-15,geo_8,2500000,358755.18,103.058,24868.1,2324056,2106.63,374838,13967.74,2245331,3690.65,701051,6809.92,273377
2025-12-22,geo_8,2500000,427913.96,102.668,25130.28,2557761,2488.4,387450,9582.16,1470580,2756.81,576690,7409.18,304019
