date,geo,population,revenue,competitor_index,tv_spend,tv_impressions,ooh_spend,ooh_impressions,social_spend,social_impressions,display_spend,display_impressions,search_spend,search_impressions
2023-01-02,geo_1,14000000,1813014.15,107.608,42470.85,3111946,13990.89,1928138,26930.81,3418209,41047.09,6940227,39521.33,1558684
2023-01-09,geo_1,14000000,1802263.07,104.828,48219.19,3424619,12283.75,1610957,21654.75,3101473,40413.62,6757044,39059.19,1309628
2023-01-16,geo_1,14000000,1645477.68,104.86,44468.9,3220392,13841.47,1765450,21085.79,2399132,44764.86,7353391,35218.47,1291907
2023-01-23,geo_1,14000000,1864198.51,103.941,39819.09,2835653,11729.38,1587736,21490.85,2544489,27743.3,4352176,38446.62,1372833
2023-01-30,geo_1,14000000,1836536.44,103.148,42633.63,3274279,10808.41,1476006,21899.59,2870956,20010.74,3258096,108146.47,4012605
2023-02-06,geo_1,14000000,1668725.0,103.292,35420.63,2366674,12001.82,1583991,42774.27,5973292,18692.96,2967786,104279.5,4197355
2023-02-13,geo_1,14000000,1873984.45,103.494,44211.93,3169871,11775.78,1668205,63813.61,7760881,15765.02,2532166,41177.56,1525202
2023-02-20,geo_1,14000000,1973160.53,102.639,40722.14,3004528,12318.79,1744933,64117.99,8999460,20287.35,3510425,49124.06,1824229
2023-02-27,geo_1,14000000,1766919.69,103.898,34119.33,2310895,12096.39,1629831,24481.63,2952698,21565.97,3423863,45623.55,1685987
2023-03-06,geo_1,14000000,1855501.48,100.62,33879.95,2516527,12250.5,1809922,50087.39,6751451,17710.77,2838952,53788.91,1801864
2023-03-13,geo_1,14000000,1760814.89,100.581,34604.45,2332801,10939.61,1502353,40585.38,5224053,18540.79,3345506,43161.39,1573468
2023-03-20,geo_1,14000000,1806816.02,100.109,37501.53,2587169,10651.04,1529569,43865.97,5932831,17467.98,3031735,93967.75,3339322
2023-03-27,geo_1,14000000,1953272.87,97.391,44412.53,2898489,11542.51,1628818,20948.76,2638321,18701.78,3185636,103154.51,3525720
2023-04-03,geo_1,14000000,1910220.69,96.736,165473.34,12613973,13265.0,1861267,20024.15,2351115,17437.01,3082952,45469.8,1423108
2023-04-10,geo_1,14000000,2094457.69,94.784,156026.3,10576874,42090.63,5789931,18111.37,2413262,20169.33,3400015,102828.74,3733945
2023-04-17,geo_1,14000000,2076278.02,97.256,171077.78,11236152,52959.62,7697029,20355.51,2713863,19441.51,3011710,100177.89,3800718
2023-04-24,geo_1,14000000,1957377.14,96.303,196908.57,14783479,61746.84,7595067,17763.24,2210207,18431.36,3247874,44635.49,1562013
2023-05-01,geo_1,14000000,1972873.7,95.509,42117.09,3190329,42921.46,5661897,17521.96,2226103,22738.99,3607658,41529.4,1396426
2023-05-08,geo_1,14000000,1874623.23,94.844,37755.33,2730319,13938.66,1746926,21092.39,2814071,17137.6,3000157,45251.48,1800746
2023-05-15,geo_1,14000000,2192176.72,98.26,52658.99,4061941,13428.01,1984118,47809.25,6080169,18199.16,2801711,41204.73,1375179
2023-05-22,geo_1,14000000,1627158.52,99.253,36821.17,2291757,11390.1,1454624,45753.25,5937342,40796.96,7602336,35745.75,1284320
2023-05-29,geo_1,14000000,1840366.76,97.387,45016.56,3023752,12656.77,1725684,48102.99,6409994,45854.47,8033727,45283.92,1807052
2023-06-05,geo_1,14000000,1942480.58,97.928,182330.06,13202379,11721.11,1470333,19068.89,2696191,46831.73,7911835,34253.64,1210190
2023-06-12,geo_1,14000000,1965443.37,97.936,171561.44,12383884,12020.48,1801874,22061.56,3015398,25417.42,4304429,37350.71,1328354
2023-06-19,geo_1,14000000,2014370.48,98.839,164411.3,12375137,11946.03,1745608,21792.28,2837240,19271.33,2958530,45141.45,1531077
2023-06-26,geo_1,14000000,1799954.46,100.048,188599.96,12609120,16195.09,2512926,22042.83,3073489,19400.41,3329362,46914.03,1623996
2023-07-03,geo_1,14000000,1802006.86,99.881,41689.6,2934711,13261.33,1716713,19542.8,2481061,19447.86,3182843,43528.47,1472219
2023-07-10,geo_1,14000000,2055044.37,100.389,43873.85,3309230,11661.58,1705910,20123.77,2520254,16891.8,2785834,40180.76,1426915
2023-07-17,geo_1,14000000,1896274.25,98.846,40027.85,2804258,12533.88,1513091,26635.43,3641422,18050.73,3117925,110355.27,4097756
2023-07-24,geo_1,14000000,1991626.01,99.301,50913.14,3108073,15686.73,2116292,22753.69,2812587,14474.62,2519201,81463.73,3191675
2023-07-31,geo_1,14000000,1928093.52,98.226,38957.43,2637010,11712.18,1549353,21105.99,2710735,20037.06,4001353,52994.76,1822178
2023-08-07,geo_1,14000000,1826865.82,99.279,148895.2,10503161,10920.57,1445927,62684.16,7289135,20134.42,3460561,39284.33,1322722
2023-08-14,geo_1,14000000,1841867.96,99.265,156653.61,11164860,42845.44,5985696,50252.34,6093445,20831.01,3530141,45012.69,1692869
2023-08-21,geo_1,14000000,1918499.21,99.36,181924.76,12087482,41048.74,5876271,70623.23,9054373,21891.19,3490521,46056.84,1733832
2023-08-28,geo_1,14000000,2010356.09,99.756,171085.8,10954899,45997.04,6035659,30269.75,3531258,46561.05,7966127,44156.14,1608206
2023-09-04,geo_1,14000000,1700217.36,101.501,44132.92,3169349,45738.75,5568681,26877.84,3528291,49649.22,8294520,39455.03,1373427
2023-09-11,geo_1,14000000,1681678.05,101.132,39173.17,2805368,13447.62,1899676,16361.3,2107335,47048.04,7757652,41379.2,1548478
2023-09-18,geo_1,14000000,1557880.38,100.15,43385.04,2902198,12939.11,1679688,24143.1,3042741,18597.33,3284493,40452.26,1472844
2023-09-25,geo_1,14000000,1713798.69,100.342,131756.07,9867763,10382.64,1324550,25593.17,3560119,18885.43,2699387,35349.64,1336962
2023-10-02,geo_1,14000000,1653294.12,99.937,130933.33,9080580,12319.76,1464289,60323.43,7550798,18529.94,2732125,45990.57,1624181
2023-10-09,geo_1,14000000,1674581.07,99.252,148718.8,10591945,42010.7,5860325,75263.69,9461746,42014.77,7405263,40843.04,1372738
2023-10-16,geo_1,14000000,1822536.05,96.455,142018.59,10224473,40097.64,5599905,47941.88,5657361,33712.17,5689467,42531.31,1556407
2023-10-23,geo_1,14000000,1721019.28,96.471,34900.96,2372850,42923.06,6513958,19134.91,2365363,34779.76,4972027,36383.15,1458913
2023-10-30,geo_1,14000000,1827135.08,96.954,34772.49,2447750,39726.32,5206970,24102.86,2936953,16491.24,2659888,92689.86,3461559
2023-11-06,geo_1,14000000,1795398.21,97.26,34740.83,2353874,10407.71,1379689,21872.57,2700533,15270.19,2237912,100512.56,3650380
2023-11-13,geo_1,14000000,1685025.79,97.798,38336.42,2621257,11475.25,1653708,25364.2,3087573,15900.74,2508162,43043.16,1715755
2023-11-20,geo_1,14000000,2126281.89,98.021,41099.48,2879354,14859.12,2085138,21577.02,2597886,14646.21,2186122,41470.68,1525971
2023-11-27,geo_1,14000000,1720133.52,98.478,44393.17,3120593,15806.64,2097471,19918.97,2701434,13401.14,2308302,41892.44,1458007
2023-12-04,geo_1,14000000,1671435.65,96.735,40895.92,2608257,12302.22,1785329,19016.09,2355835,15898.88,2425056,39051.38,1402651
2023-12-11,geo_1,14000000,1789258.48,94.1,36694.34,2559180,11839.41,1456879,21512.39,2653820,18866.33,3299040,41366.49,1446628
2023-12-18,geo_1,14000000,1857483.16,95.166,35852.91,2353882,9294.74,1255002,20515.07,2859263,18717.32,3005635,34858.07,1257888
2023-12-25,geo_1,14000000,2224830.34,93.66,34670.33,2573147,11758.38,1593328,24215.74,2889263,18694.41,3133636,43840.56,1524859
2024-01-01,geo_1,14000000,1858283.69,95.572,33376.59,2167716,10583.68,1325146,22339.04,2749012,17245.45,2777319,44471.88,1459883
2024-01-08,geo_1,14000000,1829799.65,95.712,43468.38,3078201,13525.46,1817103,16149.67,2105890,11166.76,1761249,44567.49,1592894
2024-01-15,geo_1,14000000,2074725.78,97.616,50785.42,3417428,13237.14,1712105,23083.72,3140995,18611.66,2868942,44255.58,1518763
2024-01-22,geo_1,14000000,2038109.38,98.14,155741.64,9804064,11171.7,1341322,47741.05,6104920,16199.79,2647331,43120.43,1528875
2024-01-29,geo_1,14000000,2048177.28,94.546,161947.72,10781261,36435.92,4531957,41773.57,5761295,13161.98,2083344,38558.95,1299088
2024-02-05,geo_1,14000000,1973382.84,97.551,118153.06,8706569,38465.72,5311888,65588.72,8746899,14978.65,2543603,41038.05,1437547
2024-02-12,geo_1,14000000,1918201.17,98.687,155050.13,9820836,39158.37,5415354,21276.58,2615754,15332.63,2777714,44829.04,1502066
2024-02-19,geo_1,14000000,1870418.0,97.339,35325.67,2320479,41133.64,5437233,21133.95,2942164,15564.82,2429905,40824.02,1370808
2024-02-26,geo_1,14000000,1971243.43,98.861,38610.65,2520756,13518.1,1983787,22925.56,2766875,19113.15,3493095,38947.45,1437550
2024-03-04,geo_1,14000000,1989949.15,98.535,33713.83,2139365,8121.87,1172973,18762.13,2558776,16245.57,2750153,38955.13,1365321
2024-03-11,geo_1,14000000,2087484.1,98.762,134659.71,9428281,11741.78,1473089,22567.57,2784005,22354.09,3709589,46056.79,1566489
2024-03-18,geo_1,14000000,2129038.37,96.312,133503.39,9860550,41521.35,5819673,22788.78,3043448,22419.17,3585194,44759.41,1726418
2024-03-25,geo_1,14000000,2050111.55,95.428,140243.84,10058636,40950.03,5539875,53535.17,6403401,14276.03,2466721,46879.66,1702619
2024-04-01,geo_1,14000000,2180990.3,93.703,200801.75,15702652,52867.77,7879468,62645.6,8279072,16841.6,2650220,49943.57,1920485
2024-04-08,geo_1,14000000,2003864.57,94.773,45069.93,3346185,43665.54,5445480,64737.12,7611827,20334.57,3154738,42320.78,1522410
2024-04-15,geo_1,14000000,2070744.56,94.343,35815.22,2431478,9197.1,1260427,24651.31,3173942,19099.15,3080141,39791.69,1447974
2024-04-22,geo_1,14000000,1992500.45,93.954,42247.0,2799219,11279.17,1731844,19030.19,2367495,41604.14,7419402,42362.58,1457142
2024-04-29,geo_1,14000000,2101247.8,93.592,40382.93,2928090,10938.74,1475548,57839.64,7235321,39980.14,7036689,87384.58,2985473
2024-05-06,geo_1,14000000,2204729.2,94.958,51413.03,3689897,10784.13,1426726,61478.63,7115767,37198.35,5667817,86900.71,2768833
2024-05-13,geo_1,14000000,2176589.82,98.007,31534.69,2148681,11499.71,1731276,71418.05,8975432,15269.43,2659591,34714.96,1245037
2024-05-20,geo_1,14000000,2101836.75,99.992,41906.07,2722977,49834.47,6436166,24819.58,3003696,41826.96,7363946,40564.17,1510945
2024-05-27,geo_1,14000000,1816185.42,101.212,43516.38,3141200,43458.5,5860582,23455.07,2927993,39795.83,6504948,33952.16,1132245
2024-06-03,geo_1,14000000,1855147.54,100.71,53372.65,3594637,52941.03,7080101,19246.53,2368636,35276.17,5752965,33539.14,1275301
2024-06-10,geo_1,14000000,1893277.57,102.725,51395.12,3478015,50552.09,6875734,23247.72,2779990,13568.4,2405618,31998.07,1234425
2024-06-17,geo_1,14000000,1811561.72,99.802,40075.26,2750489,11773.95,1683340,30696.67,3508836,17651.1,3049629,37614.61,1313833
2024-06-24,geo_1,14000000,1796283.24,100.949,33164.12,2118614,10713.55,1481110,21638.94,2790354,16116.64,2609910,32793.93,1185710
2024-07-01,geo_1,14000000,1901003.22,101.078,33079.02,2245561,12638.09,1863645,19845.81,2453721,29625.12,4564822,37430.84,1381277
2024-07-08,geo_1,14000000,1737043.41,102.071,34096.4,2231199,12053.49,1606234,21191.71,2839757,43359.51,7097655,41401.49,1358772
2024-07-15,geo_1,14000000,1672595.34,104.742,36369.64,2408659,14936.45,1853636,23172.57,2923319,38310.53,5953063,35662.83,1208164
2024-07-22,geo_1,14000000,1733722.53,104.604,34087.04,2425499,11872.57,1665286,19242.17,2734008,18387.74,3297285,33350.09,1126338
2024-07-29,geo_1,14000000,1553559.36,106.641,30788.1,2017624,12689.59,1726613,20325.26,2769032,17519.23,3141240,42772.96,1661253
2024-08-05,geo_1,14000000,1690406.91,104.445,39851.14,2728145,14515.4,2096829,17868.02,2393326,20982.08,3583991,42926.51,1592435
2024-08-12,geo_1,14000000,1755350.06,104.09,38305.85,2672650,10530.41,1367280,20084.3,2614235,15007.28,2459323,45023.03,1788026
2024-08-19,geo_1,14000000,1629459.24,100.769,36404.93,2374443,11592.54,1749118,20665.27,2841624,21535.7,3791888,42314.32,1468542
2024-08-26,geo_1,14000000,1772247.12,100.436,145537.17,10651611,11193.48,1458822,20027.48,2451693,19586.7,3144771,97879.86,3339696
2024-09-02,geo_1,14000000,1867104.81,103.025,156848.45,10487734,42171.69,6035543,45277.43,5491073,25061.53,3731493,94630.14,3251851
2024-09-09,geo_1,14000000,1889852.26,103.303,149428.37,10742589,39787.15,5497833,61879.75,7996708,20271.22,3171857,39100.76,1346819
2024-09-16,geo_1,14000000,1790215.34,103.333,231397.84,15234140,55720.09,7224457,51574.88,6865400,18623.64,3117417,47989.42,1808754
2024-09-23,geo_1,14000000,1885580.3,101.778,43018.04,3068397,45958.31,6838053,23684.63,2993074,16295.96,2830860,44325.65,1620138
2024-09-30,geo_1,14000000,1744450.43,100.701,42376.65,2738348,11297.29,1342666,19387.01,2454488,22669.08,3742020,40480.32,1451969
2024-10-07,geo_1,14000000,1704832.86,100.875,54366.36,3638977,14733.42,2050692,22509.31,2551324,21964.46,3583591,43494.63,1511191
2024-10-14,geo_1,14000000,1697874.46,100.276,42618.37,2894460,10635.38,1469529,22361.16,2712707,46393.6,7954761,46401.48,1642350
2024-10-21,geo_1,14000000,1466289.31,96.385,47589.19,3100850,43388.97,5109206,30007.92,3433673,44010.02,7147078,36636.82,1194325
2024-10-28,geo_1,14000000,1700023.34,95.941,40673.66,2636131,35835.11,5040710,26006.53,3458216,42746.04,7052887,44223.8,1448206
2024-11-04,geo_1,14000000,1679421.05,99.402,45293.66,3474155,33791.48,4627165,23226.58,2690512,18557.23,3192045,37768.57,1351634
2024-11-11,geo_1,14000000,1756755.8,99.387,38916.68,2673762,30103.0,4622741,25121.39,3419020,19684.37,3338008,47452.98,1707208
2024-11-18,geo_1,14000000,1657598.42,98.569,49834.37,3442450,13097.94,1858299,24192.7,3197536,16638.56,2675201,47586.24,1768765
2024-11-25,geo_1,14000000,2182801.67,97.272,56393.54,4148902,14060.45,1844355,61544.85,7550093,17928.98,3201540,40698.61,1357258
2024-12-02,geo_1,14000000,1672964.8,97.205,43757.9,3069615,39294.52,5073818,45921.06,5802528,19373.17,3236547,39917.21,1287396
2024-12-09,geo_1,14000000,2080621.36,95.56,181308.86,13383212,46175.18,5922275,42468.33,5496508,17391.27,2869649,39911.26,1353928
2024-12-16,geo_1,14000000,1781061.58,96.654,200005.87,13564052,41051.88,5772323,23116.4,3065154,16550.63,3037439,39551.03,1261817
2024-12-23,geo_1,14000000,2576554.01,98.404,200906.48,14485572,41750.35,6228339,23397.93,3056107,19413.76,3268572,36796.49,1351383
2024-12-30,geo_1,14000000,2148257.95,96.963,153191.52,10788679,8935.22,1185417,22768.43,2791638,48205.44,7775113,44000.76,1506590
2025-01-06,geo_1,14000000,1937364.99,98.955,38873.19,2753634,11019.61,1520870,26636.53,3686092,44368.06,7506380,42396.55,1721886
2025-01-13,geo_1,14000000,2005829.85,96.174,41642.89,2844682,11976.43,1465754,50487.9,7489130,40615.04,6513620,37369.02,1267129
2025-01-20,geo_1,14000000,2379882.12,94.5,51421.79,3607246,16278.77,2369296,56800.23,7153817,17353.57,2678019,91136.18,3908328
2025-01-27,geo_1,14000000,1976363.58,93.847,36715.77,2572441,10241.89,1488859,52320.93,6594182,16662.7,2917050,85940.09,3449654
2025-02-03,geo_1,14000000,2069893.24,95.548,39142.25,2735928,11186.64,1515562,17238.67,2296239,17367.53,2731589,43125.44,1623876
2025-02-10,geo_1,14000000,2002335.3,95.025,41819.74,3378391,11692.73,1576213,19371.2,2348252,18125.72,3173170,48437.2,1702016
2025-02-17,geo_1,14000000,2015204.12,96.211,40567.88,3130915,12768.24,1669929,18871.96,2548634,15917.61,2793084,40142.72,1491928
2025-02-24,geo_1,14000000,2098796.37,98.1,42300.52,2823269,10796.67,1390743,20053.48,2458326,36002.31,5750970,44828.72,1583245
2025-03-03,geo_1,14000000,2103116.27,97.46,38521.53,2708089,9634.93,1296447,25206.75,3107311,39060.49,6696542,84790.24,3369133
2025-03-10,geo_1,14000000,1837913.0,96.259,44027.91,3235180,13422.1,1898725,53323.28,7575497,37553.88,5880919,90889.6,3689310
2025-03-17,geo_1,14000000,2101905.23,97.38,36369.04,2354437,9218.85,1415104,51046.56,6574679,18424.5,3003034,50547.89,1924521
2025-03-24,geo_1,14000000,2154274.85,94.563,202640.79,14311592,13474.94,1774005,39400.15,4711938,19807.57,3081191,53803.24,1933086
2025-03-31,geo_1,14000000,2138724.15,96.647,169644.16,11535523,41499.01,5205287,21217.81,2766198,18461.67,3721436,38499.07,1330872
2025-04-07,geo_1,14000000,2094155.37,98.327,173780.62,12422924,45732.62,5520220,19443.12,2308412,16434.87,2725616,55398.85,2072072
2025-04-14,geo_1,14000000,2240783.06,96.575,138417.82,9658922,39981.5,6277547,15474.97,1878822,16352.39,2435616,52962.67,1915605
2025-04-21,geo_1,14000000,1977055.65,95.35,44753.11,3122742,38277.93,5329974,21373.27,2225477,15130.77,2400988,42863.47,1443455
2025-04-28,geo_1,14000000,2028276.08,95.416,37342.16,2200507,13066.51,1724424,20110.11,2230348,18999.5,2996042,48644.76,1837472
2025-05-05,geo_1,14000000,2118745.07,98.067,35958.03,2577831,9063.42,1186258,52291.31,6319799,19619.46,3211894,42293.85,1495642
2025-05-12,geo_1,14000000,2187693.52,98.857,191825.76,13920214,10763.44,1344575,49821.06,6559862,16645.78,2640638,47539.26,1612227
2025-05-19,geo_1,14000000,2117741.54,96.997,164767.28,11434974,44570.28,5905045,44251.88,4914851,17322.59,2980711,37788.06,1382053
2025-05-26,geo_1,14000000,2113413.64,95.972,148513.15,8970058,28776.05,3566456,20465.95,2589511,18697.52,3074231,51807.98,2071955
2025-06-02,geo_1,14000000,2182412.67,98.559,139040.86,9935729,36412.96,5137968,18625.75,2266018,18086.56,2962093,39147.62,1439892
2025-06-09,geo_1,14000000,2121225.39,102.774,51015.36,3420116,49525.48,6546473,19497.84,2314306,20225.82,3412973,40711.91,1440379
2025-06-16,geo_1,14000000,2210303.46,101.153,45651.05,2872244,11624.28,1561426,20977.55,2616790,17916.55,3038956,50882.14,2003555
2025-06-23,geo_1,14000000,2030031.64,104.736,49909.61,3350937,12314.15,1726230,21138.6,2499002,18789.28,3477861,51674.21,1851334
2025-06-30,geo_1,14000000,1994327.07,103.392,50407.32,3937088,12283.44,1546740,19292.75,2416765,18978.24,3170818,47546.4,1797026
2025-07-07,geo_1,14000000,1789808.2,101.257,51154.37,3252152,12390.96,1602329,24331.8,2932241,21821.39,3820133,50684.74,1830946
2025-07-14,geo_1,14000000,1936238.95,99.893,32714.17,2458720,9567.45,1377502,19354.61,2432321,18276.86,3096759,52407.87,1773244
2025-07-21,geo_1,14000000,1875524.3,102.183,28558.78,1933004,11522.14,1508011,15645.26,2276835,20662.54,3176530,46824.23,1712710
2025-07-28,geo_1,14000000,2023569.75,99.421,182795.07,12697571,13143.87,1845314,23607.5,3111818,18717.71,2970940,106727.5,3499294
2025-08-04,geo_1,14000000,2023242.69,97.737,133078.33,9774796,34057.39,4815947,20768.52,2517428,22197.87,3356538,99727.54,3500931
2025-08-11,geo_1,14000000,2074337.97,97.823,202368.95,12926832,46718.0,6459848,56411.61,7571589,45379.14,7962127,42608.03,1573827
2025-08-18,geo_1,14000000,1986521.53,97.38,174680.53,13340074,51158.34,6381299,47299.56,5981767,39217.36,6686792,43936.25,1683496
2025-08-25,geo_1,14000000,1999201.05,97.839,39728.31,3199721,50952.79,6190250,47578.66,6374337,36518.3,6794331,42639.46,1494010
2025-09-01,geo_1,14000000,1907149.26,97.701,159489.02,11215302,10137.34,1295240,18375.77,2259844,20855.47,3268219,92833.77,3308458
2025-09-08,geo_1,14000000,1994089.01,96.581,130103.69,8796436,10172.0,1361757,55430.14,7253965,16683.07,2614991,113938.6,4120466
2025-09-15,geo_1,14000000,1835712.9,96.264,151091.07,10064412,9136.69,1288427,56693.04,6561529,17253.86,2951849,54474.04,2000422
2025-09-22,geo_1,14000000,1929127.21,98.733,157704.04,11642230,10515.85,1401347,58130.56,7074960,14619.39,2587001,39300.81,1446755
2025-09-29,geo_1,14000000,1744744.85,99.776,44657.92,2949714,13006.12,1785173,23224.27,3132945,17848.61,3313110,58598.49,2242721
2025-10-06,geo_1,14000000,1923933.79,99.787,55268.3,3943015,13285.82,2045504,19586.32,2395275,35043.94,5271455,36535.97,1282492
2025-10-13,geo_1,14000000,1708220.58,99.007,41162.73,2913291,10208.13,1423273,54726.46,7299556,46888.14,8365508,37830.94,1320509
2025-10-20,geo_1,14000000,1735724.63,99.403,45977.83,3297949,10848.1,1581730,56763.09,7112026,36242.14,5918789,40396.52,1556038
2025-10-27,geo_1,14000000,1909144.62,98.897,199077.91,15164107,13070.69,1663138,52500.98,6146484,18037.69,3038841,51598.23,2096805
2025-11-03,geo_1,14000000,1809917.3,98.599,152171.4,9939284,41464.45,5517881,26821.94,3174674,24100.81,3610617,88905.84,3121811
2025-11-10,geo_1,14000000,1889578.63,100.239,153166.49,11208907,42919.11,5876616,41950.77,4966476,52768.19,8619987,99863.77,3722437
2025-11-17,geo_1,14000000,2108403.84,96.998,154944.11,11158984,45412.89,6656421,58469.25,6739864,46446.16,7519598,46221.73,1765003
2025-11-24,geo_1,14000000,2221153.37,96.633,37337.73,2391344,43322.3,5681758,52722.34,7425228,35902.83,6017780,43415.88,1536935
2025-12-01,geo_1,14000000,1983103.67,97.757,140112.34,11196440,9315.0,1283050,21525.25,2791271,20693.78,3431773,45340.26,1659376
2025-12-08,geo_1,14000000,2089044.44,97.729,182504.95,14092662,12058.33,1719936,52547.93,7539097,51254.22,8135347,41501.0,1537860
2025-12-15,geo_1,14000000,2070728.06,98.409,217084.32,15562398,12943.38,1645605,50899.32,6650269,40625.43,6519216,47432.33,1729601
2025-12-22,geo_1,14000000,2420396.85,99.973,186437.33,13720978,11197.07,1507112,53445.21,7026955,42534.56,7384918,42820.93,1685235
2023-01-02,geo_2,9000000,1176689.46,107.608,28946.78,2379993,7890.21,1492272,18908.97,2556354,27140.2,4934197,29934.49,1299485
2023-01-09,geo_2,9000000,1192090.18,104.828,31893.06,2732565,7052.98,1282542,14415.0,1967561,25255.45,4550782,27547.82,1111854
2023-01-16,geo_2,9000000,1110650.92,104.86,27334.04,2150550,7523.24,1367660,14931.68,2263957,26618.77,4723665,23347.72,914449
2023-01-23,geo_2,9000000,1098920.05,103.941,24901.58,2043312,6795.29,1069691,14271.92,2325722,17012.16,3037645,24330.1,885262
2023-01-30,geo_2,9000000,1266076.45,103.148,25858.91,2069130,5968.56,1029682,14371.49,2322662,11601.36,2021085,68871.79,2762578
2023-02-06,geo_2,9000000,1254323.89,103.292,20259.0,1557944,6726.54,1093356,26795.4,4035985,10409.84,1920482,65315.39,2415256
2023-02-13,geo_2,9000000,1171386.26,103.494,25832.08,1946141,6893.59,1098180,40184.39,6417943,9406.35,1495606,23565.31,928318
2023-02-20,geo_2,9000000,1208158.31,102.639,26509.58,2243023,7417.51,1298703,40486.51,5554123,12807.43,2175797,26989.05,1158087
2023-02-27,geo_2,9000000,1245117.2,103.898,22833.52,1931663,6932.36,1194688,15590.42,2325792,15144.79,2557413,23634.64,884615
2023-03-06,geo_2,9000000,1121300.7,100.62,22587.22,1800638,7179.93,1245232,31393.62,4724142,12816.03,2257414,27861.38,1065101
2023-03-13,geo_2,9000000,1205192.95,100.581,22693.37,1861796,6543.05,1024300,25624.76,3615213,11931.87,2113083,21258.71,822371
2023-03-20,geo_2,9000000,1291896.23,100.109,24468.44,2101002,6412.36,1097229,26006.57,3760039,11546.61,1998252,46994.47,1890196
2023-03-27,geo_2,9000000,1222594.52,97.391,28608.95,2356018,7492.93,1296796,11460.0,1727590,12653.68,2343725,55422.29,2148295
2023-04-03,geo_2,9000000,1241974.6,96.736,102073.72,8480129,7928.89,1473666,11166.35,1711699,10995.65,1936003,27259.5,1010201
2023-04-10,geo_2,9000000,1381792.64,94.784,92636.9,7743297,22598.98,4090595,9923.7,1416846,11859.49,1958669,63680.51,2449199
2023-04-17,geo_2,9000000,1332603.57,97.256,96867.54,7882125,28552.05,4832502,10816.98,1572837,11807.18,2096521,67010.45,2718151
2023-04-24,geo_2,9000000,1259056.36,96.303,117177.14,8479038,30684.38,5145208,9510.19,1327385,11775.47,2024258,31520.26,1248440
2023-05-01,geo_2,9000000,1238713.23,95.509,24995.86,2112718,22222.39,3691051,10508.02,1482264,13714.7,2526355,28106.89,1090462
2023-05-08,geo_2,9000000,1239761.98,94.844,24514.97,2199111,7653.53,1337826,12582.62,1866521,9867.68,1588072,29920.55,1126498
2023-05-15,geo_2,9000000,1335467.14,98.26,34916.31,2851227,8325.42,1492124,27559.11,3827136,10174.71,1708160,28411.86,1158787
2023-05-22,geo_2,9000000,1233898.21,99.253,22639.03,1792116,6941.35,1233543,25037.21,3350309,23000.5,3720583,26035.3,1043156
2023-05-29,geo_2,9000000,1213518.01,97.387,26471.18,2215170,8097.34,1374456,25212.24,3508033,24263.86,4461006,31178.91,1133641
2023-06-05,geo_2,9000000,1300243.43,97.928,119871.8,10363953,7563.99,1298461,10583.84,1493382,24932.74,4709494,24518.23,1001345
2023-06-12,geo_2,9000000,1343175.17,97.936,108346.31,9045227,8264.59,1354107,12686.34,1892153,12692.39,2116232,24475.37,1003228
2023-06-19,geo_2,9000000,1385535.48,98.839,102125.33,8357996,8581.54,1506873,14225.6,2077800,9802.76,1794554,27592.53,1117602
2023-06-26,geo_2,9000000,1177100.91,100.048,124054.35,10501214,11229.33,1938575,13598.1,1992661,10829.7,1833354,30726.82,1259650
2023-07-03,geo_2,9000000,1290721.81,99.881,25390.46,1903900,9180.76,1519721,11314.76,1505539,11765.83,2017707,28435.57,1138996
2023-07-10,geo_2,9000000,1155202.08,100.389,27642.45,2377583,7831.19,1196270,10997.38,1491297,10811.0,1769491,26243.98,1052697
2023-07-17,geo_2,9000000,1182017.77,98.846,24208.43,1893949,7868.53,1431694,14763.54,2209727,12103.18,1991192,72205.49,2735700
2023-07-24,geo_2,9000000,1303997.73,99.301,27075.71,2277610,10053.59,1660663,12470.96,1882607,9933.75,1788602,48476.18,1953104
2023-07-31,geo_2,9000000,1235608.27,98.226,19732.59,1641118,7553.95,1170967,11211.51,1604372,13331.64,2417029,31780.17,1222654
2023-08-07,geo_2,9000000,1186774.38,99.279,77332.82,6879854,6573.94,1028761,34787.55,5049682,13215.53,2059897,23956.29,970680
2023-08-14,geo_2,9000000,1222705.77,99.265,78978.41,6236965,27294.14,4986432,26917.8,3984714,12984.79,2214890,27404.56,1069651
2023-08-21,geo_2,9000000,1153419.83,99.36,77903.31,6615804,26139.74,4373728,36210.41,5494755,14831.6,2528751,31373.87,1242787
2023-08-28,geo_2,9000000,1203182.5,99.756,80205.6,6810265,29034.68,5358165,14983.57,2071569,32091.47,5701280,31849.51,1192024
2023-09-04,geo_2,9000000,1136573.01,101.501,21066.08,1693522,27662.2,5206526,12786.37,1790425,34708.55,6464429,29713.29,1024305
2023-09-11,geo_2,9000000,1159331.72,101.132,20256.59,1467067,8349.57,1312769,8038.6,1103040,32085.57,5643767,32781.36,1316497
2023-09-18,geo_2,9000000,1178902.29,100.15,25878.74,2185713,8408.89,1370249,12333.58,1835815,13264.48,2426039,31363.61,1339662
2023-09-25,geo_2,9000000,954167.2,100.342,88440.39,7727687,6324.33,1135669,12925.12,1854391,12724.68,2272817,27720.99,1065866
2023-10-02,geo_2,9000000,1135193.2,99.937,93021.79,8353581,7844.73,1399973,30907.46,4106185,14716.56,2463126,35920.36,1374122
2023-10-09,geo_2,9000000,1186052.1,99.252,105733.59,8202888,29088.74,4995502,41215.26,6148738,35713.56,6660534,33337.26,1397101
2023-10-16,geo_2,9000000,1309152.73,96.455,96447.01,8021897,25729.69,4611486,25410.36,3761469,28070.01,5233329,32350.03,1180744
2023-10-23,geo_2,9000000,1107337.07,96.471,23732.65,1834881,26806.62,4595212,10349.68,1599331,29465.23,5660862,28091.09,1087144
2023-10-30,geo_2,9000000,1258220.0,96.954,23930.39,1748939,25294.39,4265351,12879.75,2006177,13269.96,2176609,65552.8,2712728
2023-11-06,geo_2,9000000,1161983.76,97.26,24216.35,2073312,5657.74,1007296,11807.35,1681516,11941.87,2072683,74165.65,2817001
2023-11-13,geo_2,9000000,1198733.28,97.798,27306.26,2143818,6392.95,1133282,13217.43,2131177,12984.38,2154143,33155.38,1253927
2023-11-20,geo_2,9000000,1253142.71,98.021,28495.06,2427027,8601.59,1382464,12136.84,1887274,13196.21,2398967,31746.48,1291066
2023-11-27,geo_2,9000000,1116158.32,98.478,30869.57,2629089,9635.52,1685157,11863.28,1921739,12723.09,2389729,32247.75,1152850
2023-12-04,geo_2,9000000,1126302.5,96.735,25850.11,2172602,7435.07,1123400,11374.99,1850361,13806.82,2388254,29752.6,1297081
2023-12-11,geo_2,9000000,1131175.47,94.1,24230.06,1839520,7588.9,1332928,12918.38,1816065,15529.19,2834598,32659.16,1279430
2023-12-18,geo_2,9000000,1147878.1,95.166,21679.3,1820867,5897.76,1010953,12557.47,1888744,15940.41,2778706,28346.78,1081201
2023-12-25,geo_2,9000000,1452909.38,93.66,23811.03,1824425,7458.3,1382135,15147.82,2263225,15759.24,2485222,33649.95,1333257
2024-01-01,geo_2,9000000,1202080.94,95.572,23215.01,1883185,6522.96,1135992,14210.86,2087619,14977.61,2382394,34688.78,1361852
2024-01-08,geo_2,9000000,1134976.44,95.712,30288.97,2314385,8298.81,1456957,9739.35,1420528,9250.16,1658881,31528.63,1189663
2024-01-15,geo_2,9000000,1235729.76,97.616,35046.49,2700786,8482.32,1499417,14335.53,2126034,16338.62,2561930,32402.14,1262130
2024-01-22,geo_2,9000000,1385559.5,98.14,115942.94,9737841,8057.09,1356817,29852.75,4598933,12836.12,2412223,30325.04,1239810
2024-01-29,geo_2,9000000,1438577.11,94.546,124268.03,9072014,25483.25,4564158,27798.6,4327346,9892.07,1814792,26535.39,935542
2024-02-05,geo_2,9000000,1431779.92,97.551,90773.16,7816673,24776.32,3971747,39386.11,5356508,10968.68,1996866,25915.07,1108568
2024-02-12,geo_2,9000000,1443464.88,98.687,115436.12,9404878,27091.65,4718899,11387.28,1743809,11683.92,2264755,29776.15,1181442
2024-02-19,geo_2,9000000,1457457.63,97.339,27248.92,2294596,27608.32,4596824,11778.46,1737839,11108.15,1896875,26032.95,939998
2024-02-26,geo_2,9000000,1265926.14,98.861,29439.45,2403171,8828.39,1507234,11776.57,1820225,14713.58,2637513,26457.14,985047
2024-03-04,geo_2,9000000,1331513.97,98.535,26988.23,2303954,5419.77,931837,9218.45,1219417,12450.97,2154375,26642.41,1094457
2024-03-11,geo_2,9000000,1345614.14,98.762,104915.0,8671192,7683.36,1233212,11056.93,1532015,15910.39,2669427,30058.9,1206302
2024-03-18,geo_2,9000000,1459399.81,96.312,105393.5,8867637,28864.75,4701043,10557.3,1439249,14889.18,2641648,29667.92,1134037
2024-03-25,geo_2,9000000,1372450.76,95.428,110810.72,8595016,29323.63,5297436,24334.49,3658974,9751.27,1568502,31427.1,1285774
2024-04-01,geo_2,9000000,1472781.65,93.703,147754.56,11346303,38311.02,5822129,25867.23,4306735,11417.96,1991772,35004.53,1461529
2024-04-08,geo_2,9000000,1400755.08,94.773,29085.06,2468990,29010.41,4830261,29450.6,4378349,13153.11,2297321,30287.35,1210304
2024-04-15,geo_2,9000000,1354608.95,94.343,22530.23,1806712,5641.92,1034446,11320.55,1561211,12518.32,2502095,26419.33,1089328
2024-04-22,geo_2,9000000,1373926.0,93.954,27025.3,2143897,7038.6,1222134,8281.95,1154028,27822.04,5178574,28484.33,1011302
2024-04-29,geo_2,9000000,1375908.4,93.592,26381.67,2248473,7255.76,1344896,27235.21,4309504,28256.07,5046239,62471.7,2520225
2024-05-06,geo_2,9000000,1251585.67,94.958,35247.67,3069393,7313.22,1246925,31140.7,4549277,27623.48,5153785,66701.36,2585395
2024-05-13,geo_2,9000000,1321803.74,98.007,22993.59,1817017,6792.0,1085936,39298.98,5883633,11086.89,2022540,30102.87,1184546
2024-05-20,geo_2,9000000,1199746.64,99.992,31578.07,2464391,30749.82,5065869,14248.45,2028820,30514.6,5177017,30731.24,1199944
2024-05-27,geo_2,9000000,1193422.44,101.212,31807.17,2581859,26354.75,4373070,14534.88,2132008,28542.89,5146465,25917.95,1078755
2024-06-03,geo_2,9000000,1281816.03,100.71,38606.24,3116781,33438.4,5623793,12100.4,1691447,25730.05,4403875,27201.48,1145326
2024-06-10,geo_2,9000000,1148937.11,102.725,36457.26,3131249,33732.51,6065646,14882.09,2303196,9768.97,1691681,27723.15,1009430
2024-06-17,geo_2,9000000,1201424.42,99.802,28840.81,2385652,8478.48,1336985,18872.96,2440504,12907.67,2024786,32055.22,1176298
2024-06-24,geo_2,9000000,1128889.62,100.949,24075.28,1709645,7543.64,1369545,13963.66,2033115,12176.95,2123016,26440.67,1003812
2024-07-01,geo_2,9000000,1235313.23,101.078,26357.5,2059374,8590.02,1533096,13265.27,1784766,20501.81,3549885,28524.07,1183500
2024-07-08,geo_2,9000000,1075023.97,102.071,27636.33,2510495,8230.19,1331822,15233.65,2172789,28412.11,4629148,29307.0,1092606
2024-07-15,geo_2,9000000,1096209.26,104.742,29460.15,2477948,10148.78,1810237,16271.54,2224498,24001.38,3814358,26955.42,1015681
2024-07-22,geo_2,9000000,1113194.54,104.604,26960.68,2335589,8201.68,1441929,14715.41,2197241,12414.3,1872362,26571.17,1085225
2024-07-29,geo_2,9000000,1191310.87,106.641,25647.74,2307688,8412.16,1350272,15318.71,2535456,12153.61,2297743,32818.86,1088823
2024-08-05,geo_2,9000000,1150240.67,104.445,31050.72,2517041,9698.57,1391248,12406.78,1732008,14111.49,2466635,32006.38,1319621
2024-08-12,geo_2,9000000,1117848.48,104.09,28884.33,2302433,6844.34,1085647,13841.76,1926460,11064.06,1828703,34143.92,1324029
2024-08-19,geo_2,9000000,1174610.19,100.769,27769.51,2162952,7730.17,1288903,14164.26,2077876,15361.14,2752236,31301.96,1246890
2024-08-26,geo_2,9000000,1210283.59,100.436,107622.44,8341963,7785.54,1324459,13341.71,2077078,11863.36,2069995,72109.1,3037814
2024-09-02,geo_2,9000000,1205646.57,103.025,100497.22,7731727,28583.84,4511609,31457.66,4666845,15003.43,2315182,64978.73,2447476
2024-09-09,geo_2,9000000,1090432.51,103.303,93431.83,7260174,28628.87,4913203,41568.24,5960653,12137.76,1872526,26211.03,975288
2024-09-16,geo_2,9000000,1065378.31,103.333,142587.4,11265405,41429.41,6836724,33394.39,4801782,11769.05,2082855,30412.77,1179773
2024-09-23,geo_2,9000000,1040962.52,101.778,24963.72,1961715,34241.09,6534301,15345.2,2160966,10679.88,1818813,29195.55,1116305
2024-09-30,geo_2,9000000,1172033.81,100.701,23094.7,1924618,8085.66,1555576,11135.62,1760634,15210.66,2652376,25010.8,1059649
2024-10-07,geo_2,9000000,1111288.22,100.875,32413.47,2904983,11444.75,1816984,12441.46,1935418,13587.27,2417188,25171.4,1044451
2024-10-14,geo_2,9000000,1047244.86,100.276,23941.9,2009589,9178.89,1491076,11749.33,1744223,27309.84,5121834,28498.62,1227858
2024-10-21,geo_2,9000000,1177912.08,96.385,25648.11,2134951,36292.7,6052114,16500.42,2511327,25255.13,4554342,22654.65,891852
2024-10-28,geo_2,9000000,1088266.26,95.941,22292.82,1929249,28151.01,4566878,14278.09,2364578,24875.04,4349242,27442.79,1026716
2024-11-04,geo_2,9000000,1108197.33,99.402,23395.64,1680259,28072.96,5156088,13292.39,2057701,11319.49,2107565,23411.23,1052089
2024-11-11,geo_2,9000000,1260898.6,99.387,19481.8,1426744,26772.81,4431079,14814.55,2334099,11429.68,1894486,27847.84,1063208
2024-11-18,geo_2,9000000,1043630.77,98.569,24786.28,2158433,11183.31,1761684,13975.97,1924311,10599.31,1936203,28500.62,1158036
2024-11-25,geo_2,9000000,1312253.73,97.272,31572.97,2451706,11492.16,1763925,37125.07,5606639,10211.79,1829070,23244.49,830567
2024-12-02,geo_2,9000000,1186248.64,97.205,24505.23,2203961,31441.47,4986379,29046.73,4301416,11814.51,2027070,23375.71,884878
2024-12-09,geo_2,9000000,1314099.38,95.56,99975.1,7791485,36428.81,5508579,27769.29,4145583,11095.83,1918350,24280.72,1014391
2024-12-16,geo_2,9000000,1338261.23,96.654,110478.85,9286539,33388.65,5730894,14535.06,2260887,11055.84,2002571,25100.13,968074
2024-12-23,geo_2,9000000,1593522.25,98.404,106430.7,9174874,33114.65,5693849,15021.47,2224257,13974.83,2506856,23940.81,969191
2024-12-30,geo_2,9000000,1376837.69,96.963,84134.8,6866102,6925.5,1181528,14583.96,2018074,36155.07,6230470,28542.94,1213603
2025-01-06,geo_2,9000000,1257388.15,98.955,21590.01,1575477,7656.39,1299422,17872.56,2409375,30382.51,5271951,27337.98,1197260
2025-01-13,geo_2,9000000,1377412.37,96.174,22952.61,1536043,8644.72,1447638,36109.11,5194666,29257.89,4753619,23822.63,874647
2025-01-20,geo_2,9000000,1420395.49,94.5,26430.99,2240270,11375.12,2128356,37995.15,5708981,11799.06,2033361,57998.14,2459404
2025-01-27,geo_2,9000000,1474412.61,93.847,20228.37,1593807,7460.22,1310081,34665.94,4767026,12236.48,2311635,52282.04,1958387
2025-02-03,geo_2,9000000,1376759.19,95.548,21628.68,1643501,7923.43,1353873,12937.44,1978941,11591.23,2000443,28163.75,1144568
2025-02-10,geo_2,9000000,1292773.84,95.025,21605.32,1650743,7568.07,1171593,14286.08,2072508,12411.08,2389555,29402.69,1167604
2025-02-17,geo_2,9000000,1346808.1,96.211,24034.84,1866379,8523.94,1376391,15390.82,2346571,10419.53,1858019,24249.09,983794
2025-02-24,geo_2,9000000,1396822.77,98.1,25202.74,1937083,7713.55,1226966,15698.28,2240187,22825.99,3837568,28115.0,1113303
2025-03-03,geo_2,9000000,1263429.91,97.46,23880.15,2056987,7284.31,1287706,20061.56,3351893,23857.17,4056271,56283.46,2326382
2025-03-10,geo_2,9000000,1377039.36,96.259,28648.14,2282126,9681.34,1618618,45968.2,7218336,24698.32,4459177,53541.08,1994838
2025-03-17,geo_2,9000000,1323196.86,97.38,21330.42,1795115,6580.74,1101654,41843.65,5973962,12581.01,2228859,27346.84,1160950
2025-03-24,geo_2,9000000,1301176.82,94.563,120507.76,10425282,9874.92,1695854,35392.09,5217085,12825.23,2308336,27229.71,1064755
2025-03-31,geo_2,9000000,1457285.77,96.647,92748.12,7895477,29200.43,4920440,18920.38,3011989,10992.09,1906806,20241.03,663973
2025-04-07,geo_2,9000000,1329744.39,98.327,97061.08,6734454,32034.72,5459278,16021.06,2460990,9982.01,1745891,28973.91,1115027
2025-04-14,geo_2,9000000,1382525.41,96.575,80955.37,6413373,28987.84,4725832,12848.62,1765307,9840.33,1705467,26478.43,1084556
2025-04-21,geo_2,9000000,1353838.41,95.35,24613.26,1742607,25582.14,3990137,18032.09,2624132,9343.45,1643832,22209.87,834677
2025-04-28,geo_2,9000000,1319842.83,95.416,21310.07,1840126,9425.81,1496789,18281.95,2647042,11394.91,1956711,27279.02,1186136
2025-05-05,geo_2,9000000,1249384.62,98.067,19637.75,1502024,6787.27,1290601,44546.8,6615086,12765.34,2240202,24319.65,975385
2025-05-12,geo_2,9000000,1428068.36,98.857,103777.9,8552300,8166.6,1363437,42127.31,6394711,10551.01,1677505,25940.76,1070820
2025-05-19,geo_2,9000000,1367167.17,96.997,101901.38,7871354,31918.24,5593332,36840.84,5135653,11424.22,1941898,20241.84,829940
2025-05-26,geo_2,9000000,1447026.51,95.972,83326.04,7010287,20179.0,3234958,14776.49,2075904,12003.39,2101666,28875.97,1119515
2025-06-02,geo_2,9000000,1391994.59,98.559,72156.74,5624567,22428.23,3854201,13474.59,2144298,11389.0,1909100,21346.26,864355
2025-06-09,geo_2,9000000,1126076.38,102.774,25656.84,2265449,29432.16,4716086,15202.63,2363203,12085.28,2126180,20941.11,769355
2025-06-16,geo_2,9000000,1261507.66,101.153,23447.6,1983338,7559.55,1251621,15508.86,2405993,10973.3,2018383,24717.31,955862
2025-06-23,geo_2,9000000,1198187.12,104.736,25576.24,2057807,8695.24,1614758,15347.11,2449346,11124.17,1853280,28636.27,1203321
2025-06-30,geo_2,9000000,1249068.02,103.392,26297.4,1977328,8662.46,1385112,13610.97,1953005,12072.9,1907455,25152.89,944951
2025-07-07,geo_2,9000000,1416686.38,101.257,25904.28,2080039,9137.08,1479444,17949.72,2795406,15160.28,2945527,28635.24,1186524
2025-07-14,geo_2,9000000,1184291.35,99.893,17835.84,1417954,6821.01,1092348,14831.7,2140225,13461.33,2292736,30739.88,1184028
2025-07-21,geo_2,9000000,1221831.58,102.183,14505.19,1200314,7898.5,1323169,10945.43,1635844,15354.61,2887710,27298.12,1039778
2025-07-28,geo_2,9000000,1217672.85,99.421,100704.53,9225346,9011.0,1446056,15886.53,2371741,12864.66,2191071,60650.9,2385323
2025-08-04,geo_2,9000000,1396200.66,97.737,77762.1,6738835,24083.92,4221157,16214.37,2548047,13845.28,2561926,59296.04,2455430
2025-08-11,geo_2,9000000,1320009.17,97.823,104068.52,9152769,29354.79,4882608,40785.37,5952397,29360.71,5221437,22997.52,926111
2025-08-18,geo_2,9000000,1284687.21,97.38,101170.29,7458354,31514.39,5888739,36518.92,5116511,24384.55,4523810,21431.87,890310
2025-08-25,geo_2,9000000,1280497.49,97.839,24007.03,2069931,32815.17,5944642,35627.24,5244004,23165.53,3920381,23318.48,974229
2025-09-01,geo_2,9000000,1307186.03,97.701,97011.99,8248023,6706.85,1104619,13402.5,2149810,12816.86,1979824,49223.54,2151259
2025-09-08,geo_2,9000000,1414807.44,96.581,87099.86,7662637,6876.92,1121505,38578.43,5420723,10396.73,1896235,58010.26,2452345
2025-09-15,geo_2,9000000,1256205.6,96.264,104311.96,8884927,5827.59,1073296,41322.16,5414479,12153.74,2202475,29730.85,1128472
2025-09-22,geo_2,9000000,1344281.16,98.733,100305.63,8070921,7043.06,1113020,41682.73,6368968,10328.67,1862459,20728.3,778798
2025-09-29,geo_2,9000000,1246474.01,99.776,26840.05,2159064,9383.0,1627211,16346.88,2710713,12880.47,2055084,29791.91,1189114
2025-10-06,geo_2,9000000,1123575.23,99.787,30846.43,2477124,9727.63,1628512,13334.77,2260993,28069.0,5214109,19767.14,859718
2025-10-13,geo_2,9000000,1205194.31,99.007,22187.1,1872814,7265.48,1160606,38931.56,6065136,36202.1,5899438,21475.57,878230
2025-10-20,geo_2,9000000,1196465.63,99.403,26697.05,2161763,6967.8,1072183,40075.97,6468403,26107.17,4134455,21938.68,915867
2025-10-27,geo_2,9000000,1202469.94,98.897,133581.9,12185228,7669.64,1394971,36549.24,5110868,13431.63,2332052,30427.98,1199284
2025-11-03,geo_2,9000000,1232304.22,98.599,97782.6,7701776,23042.84,3762730,18235.39,2484250,15904.74,2796668,45787.37,1963828
2025-11-10,geo_2,9000000,1358524.83,100.239,97956.13,7916225,22433.77,3350733,26852.18,3962037,31243.07,6194257,55974.57,2330719
2025-11-17,geo_2,9000000,1288882.76,96.998,105232.21,8282673,24148.92,3956533,36948.59,5718373,30006.7,5113555,24223.76,919824
2025-11-24,geo_2,9000000,1641170.15,96.633,24853.89,2126715,21378.8,3552577,32343.8,4752808,22537.21,4402286,22363.13,707702
2025-12-01,geo_2,9000000,1378203.87,97.757,90042.69,7505734,4442.11,742920,13342.11,1964756,13610.24,2569571,26001.22,927351
2025-12-08,geo_2,9000000,1340426.26,97.729,121039.55,11367059,6002.32,873235,33800.01,5284116,34423.84,5719006,23819.12,893227
2025-12-15,geo_2,9000000,1338647.91,98.409,128450.74,11426748,6496.41,1096526,32923.42,4568138,26022.83,4281026,27097.95,1083376
2025-12-22,geo_2,9000000,1509115.49,99.973,115469.39,9846097,5747.31,1045491,35368.17,5409206,26329.13,4715295,26267.99,935329
2023-01-02,geo_3,7000000,957562.83,107.608,25007.74,2300833,6474.73,920855,15216.67,2024498,21599.37,4241114,21584.29,773268
2023-01-09,geo_3,7000000,938427.44,104.828,29932.21,2793000,5462.05,804978,11144.8,1479377,20710.81,4665997,20856.96,821214
2023-01-16,geo_3,7000000,953299.97,104.86,24432.46,2140918,6133.53,1000678,11723.22,1575275,20978.29,4493413,19406.77,716728
2023-01-23,geo_3,7000000,911166.36,103.941,22452.13,2005530,4961.02,881871,11159.76,1533778,12348.23,2763505,21235.81,772939
2023-01-30,geo_3,7000000,917886.88,103.148,23226.99,2281967,4775.53,758978,11374.19,1566836,8097.6,1809159,56781.08,2096687
2023-02-06,geo_3,7000000,908698.32,103.292,17524.54,1405852,5492.01,962099,20726.37,2920485,7489.49,1619097,51033.44,1825074
2023-02-13,geo_3,7000000,988007.56,103.494,24110.54,2039011,5719.84,829476,33961.53,4434351,6640.57,1371301,17635.69,591649
2023-02-20,geo_3,7000000,941692.0,102.639,24089.87,2186110,5805.98,924693,34742.0,5165867,9113.42,1822976,21676.45,809569
2023-02-27,geo_3,7000000,958332.51,103.898,20678.3,1894951,5597.78,827731,14519.04,2037658,10546.03,2556256,20400.04,741714
2023-03-06,geo_3,7000000,983311.57,100.62,19168.95,1747744,5433.11,896043,32150.29,4128845,9073.89,1597832,22289.47,841350
2023-03-13,geo_3,7000000,818816.61,100.581,18915.11,1815428,4812.61,721397,27340.1,3717888,8729.6,1691666,16256.56,552158
2023-03-20,geo_3,7000000,934546.91,100.109,19394.0,1809798,4405.72,693034,29380.53,4357243,8815.81,1916494,35601.72,1237430
2023-03-27,geo_3,7000000,957943.08,97.391,23171.61,2102442,5152.43,873396,13147.75,1675760,8787.9,1798017,42377.16,1497786
2023-04-03,geo_3,7000000,1006599.65,96.736,85512.64,7154517,5933.62,910273,12240.87,1533689,8402.75,1927420,20520.56,689929
2023-04-10,geo_3,7000000,999924.2,94.784,77965.82,6855764,18419.95,2701879,10388.68,1250796,9055.6,1840998,49994.91,1864185
2023-04-17,geo_3,7000000,1079852.63,97.256,76806.15,6958000,23552.89,3850592,11515.36,1419999,9007.64,2050938,49532.27,1704979
2023-04-24,geo_3,7000000,1080870.33,96.303,95173.89,8189965,25149.43,3940528,10426.86,1510107,8732.14,1650699,22234.3,815032
2023-05-01,geo_3,7000000,988524.31,95.509,20442.62,1667986,19077.31,3041038,11055.4,1385866,11514.59,2640696,20529.24,742882
2023-05-08,geo_3,7000000,1017834.25,94.844,19403.44,1593610,6536.34,1047931,13226.97,1776375,8738.81,1743440,22676.42,845189
2023-05-15,geo_3,7000000,1100238.14,98.26,27171.79,2241725,6403.61,966213,28228.02,4287988,9248.82,1799505,21096.76,815904
2023-05-22,geo_3,7000000,958632.14,99.253,19405.55,1732517,4976.64,845471,28003.95,4036109,19017.61,3838450,17806.81,600009
2023-05-29,geo_3,7000000,952991.39,97.387,21399.77,2011496,5627.91,905509,30271.66,4670623,20358.72,4004486,23986.9,883742
2023-06-05,geo_3,7000000,982979.54,97.928,90204.37,8114211,5437.83,893257,12266.56,1773526,21636.52,4302912,20051.99,740455
2023-06-12,geo_3,7000000,1008717.48,97.936,85667.03,7476540,5863.73,842189,13335.44,1961377,11436.17,2432091,20935.0,815823
2023-06-19,geo_3,7000000,1017415.5,98.839,77401.24,7115054,6377.22,928185,14973.09,2223443,9712.5,1820100,23295.06,768701
2023-06-26,geo_3,7000000,1062097.92,100.048,92542.94,8393218,8047.7,1348853,14688.14,2036258,8962.91,1754390,25888.89,1027798
2023-07-03,geo_3,7000000,994048.1,99.881,20077.66,1763436,6805.01,1096601,12639.6,2055981,9531.93,2130872,24612.02,942848
2023-07-10,geo_3,7000000,938051.49,100.389,21737.24,1780253,6015.59,984146,12422.53,1662548,8472.75,1762470,20587.17,752831
2023-07-17,geo_3,7000000,980971.98,98.846,20503.73,1669783,6364.88,995918,17031.71,2460206,9575.72,2254842,56927.85,2260986
2023-07-24,geo_3,7000000,936018.21,99.301,25422.18,2289495,7507.16,1361629,13549.95,1991229,7596.18,1676693,42021.55,1449946
2023-07-31,geo_3,7000000,947905.93,98.226,19228.98,1662113,5680.49,899556,12157.15,1806765,10336.17,2021996,24101.62,854594
2023-08-07,geo_3,7000000,1006104.21,99.279,75582.35,6480489,5401.96,824927,34552.89,4717633,10627.25,2461975,18813.19,676358
2023-08-14,geo_3,7000000,872957.22,99.265,75899.62,6866422,21223.3,3146900,26066.66,3733549,10993.13,2544222,20930.31,771688
2023-08-21,geo_3,7000000,1032624.73,99.36,79677.1,7359958,19279.04,2675199,35965.88,4850571,12071.46,2464034,20963.4,779266
2023-08-28,geo_3,7000000,996201.92,99.756,81071.01,6531756,21277.82,3249550,15060.86,2287540,23701.45,4618778,21058.58,814533
2023-09-04,geo_3,7000000,935908.08,101.501,21999.93,1760050,20502.61,2968302,12780.79,1797606,25537.19,5028115,21173.24,793352
2023-09-11,geo_3,7000000,900511.89,101.132,20945.78,1677547,6304.29,914560,8187.91,1171604,26155.62,5270060,23409.61,884591
2023-09-18,geo_3,7000000,857956.25,100.15,24602.58,2212215,5719.61,860249,12622.26,1984745,9827.65,2295630,22291.77,842409
2023-09-25,geo_3,7000000,802671.74,100.342,73107.79,6321082,4443.24,707668,13583.28,2272935,10202.33,2054402,18498.33,678147
2023-10-02,geo_3,7000000,795798.56,99.937,73702.09,6220304,5339.06,823807,32545.56,4285211,10304.44,2011316,23235.26,927389
2023-10-09,geo_3,7000000,956413.84,99.252,85753.86,7789041,19710.54,3112899,43814.46,6208575,23599.18,5136801,19386.56,750862
2023-10-16,geo_3,7000000,993918.78,96.455,79585.62,6201907,17910.68,2624041,31515.0,4038747,17446.85,3116990,20200.58,726206
2023-10-23,geo_3,7000000,970659.9,96.471,19087.99,1769361,20816.42,3072193,12724.36,1907172,18453.87,3430185,19032.33,634298
2023-10-30,geo_3,7000000,868188.72,96.954,20808.01,1954485,18788.79,2768644,15140.15,2263339,7670.92,1586138,43791.48,1454726
2023-11-06,geo_3,7000000,949061.59,97.26,19193.51,1584868,4313.89,664125,12574.04,1951914,7452.59,1632794,44840.9,1570678
2023-11-13,geo_3,7000000,878127.9,97.798,21198.86,2048674,5087.94,794536,14867.55,2544597,7990.06,1637741,20307.08,766123
2023-11-20,geo_3,7000000,1034218.35,98.021,22362.3,2012085,6508.88,964336,12693.99,2005394,7726.17,1784948,19556.32,715412
2023-11-27,geo_3,7000000,910011.84,98.478,23584.41,2022681,7024.77,1118258,11301.28,1578047,7981.59,1522528,21305.08,755581
2023-12-04,geo_3,7000000,845212.72,96.735,19636.67,1658199,5155.17,819429,9802.46,1358525,8847.98,1917667,20201.82,696108
2023-12-11,geo_3,7000000,868855.72,94.1,17180.44,1520978,5736.96,782221,11083.35,1590307,10191.45,2079984,21310.85,793203
2023-12-18,geo_3,7000000,939048.88,95.166,17049.88,1557142,4734.52,717530,10549.92,1365082,10833.13,2086077,20091.25,764706
2023-12-25,geo_3,7000000,1029245.96,93.66,16567.13,1531376,6302.75,958886,12506.73,1625643,11594.11,2391907,22081.53,711152
2024-01-01,geo_3,7000000,959097.99,95.572,15182.43,1294426,5449.54,862932,11737.15,1614709,12092.92,2751762,21512.54,806592
2024-01-08,geo_3,7000000,1009176.27,95.712,18495.04,1750104,6485.13,948269,9506.95,1392809,7441.61,1447565,20731.59,756663
2024-01-15,geo_3,7000000,979742.94,97.616,20009.1,1900116,6553.86,1028663,13233.02,1926010,12599.53,2440721,20585.06,863101
2024-01-22,geo_3,7000000,938202.15,98.14,65024.33,5663268,5983.31,924661,28937.63,4041353,10552.66,2019640,20561.73,765510
2024-01-29,geo_3,7000000,969401.61,94.546,69311.43,5404715,20410.65,2909249,25595.93,3617077,8456.78,1632142,19321.15,693127
2024-02-05,geo_3,7000000,1058908.55,97.551,48282.11,4283829,21397.54,2975909,37156.86,5486101,8533.94,1722202,18843.8,669025
2024-02-12,geo_3,7000000,1120011.07,98.687,59769.41,5346613,20825.81,3267990,10992.62,1631488,8997.48,1970223,20975.13,702007
2024-02-19,geo_3,7000000,1110458.8,97.339,14094.33,1449891,21171.83,3441498,11902.8,1643651,8218.11,1681785,19106.78,771652
2024-02-26,geo_3,7000000,1045678.91,98.861,16157.58,1441589,6713.33,973560,12616.29,1607829,9911.15,2067397,18448.13,610038
2024-03-04,geo_3,7000000,958285.18,98.535,16133.26,1467747,4233.63,689927,10346.3,1357995,8680.42,1821626,18305.01,700737
2024-03-11,geo_3,7000000,1083107.35,98.762,66199.91,6341727,5837.13,826409,11665.27,1781358,11613.01,2386505,21100.45,767989
2024-03-18,geo_3,7000000,1121209.56,96.312,62850.26,6182502,18612.01,2647374,12255.3,1784863,11002.91,2226813,19230.27,678277
2024-03-25,geo_3,7000000,1161982.08,95.428,65572.84,5775654,17652.57,2851177,26145.5,3643532,7410.17,1444700,19521.17,723599
2024-04-01,geo_3,7000000,1059457.37,93.703,87882.78,8261448,21006.52,3248684,27176.68,3306681,8686.81,1815885,21229.83,740977
2024-04-08,geo_3,7000000,1004006.39,94.773,18914.65,1490397,17209.97,2554778,28550.65,3848918,9944.07,2077372,20510.12,710540
2024-04-15,geo_3,7000000,970601.25,94.343,14961.12,1370726,3742.18,617483,10792.83,1637486,9263.38,1731672,17589.91,674136
2024-04-22,geo_3,7000000,963686.43,93.954,16109.85,1481861,4596.57,777796,8511.45,1096423,22210.13,4521197,19307.89,713651
2024-04-29,geo_3,7000000,1090359.29,93.592,16569.79,1437942,4741.24,742257,24434.31,3313977,23105.7,4860490,42980.46,1510573
2024-05-06,geo_3,7000000,1065635.85,94.958,22363.6,1826613,4499.6,656200,26766.12,4001150,22581.49,4445460,47429.33,1693806
2024-05-13,geo_3,7000000,1139656.6,98.007,14759.08,1245321,4549.36,741637,31884.74,4810921,9329.2,1904863,21946.36,709396
2024-05-20,geo_3,7000000,927231.58,99.992,20111.62,1898409,18992.68,2823872,12075.22,1751924,24528.94,5354312,22412.43,867144
2024-05-27,geo_3,7000000,828964.6,101.212,20966.94,1870251,17382.67,2704808,11403.8,1532909,22185.74,4130811,19264.18,635574
2024-06-03,geo_3,7000000,1002027.71,100.71,22895.31,2245881,21306.0,3359140,9441.75,1259305,20069.2,4094463,19863.91,725850
2024-06-10,geo_3,7000000,914468.58,102.725,21674.33,1894503,21354.54,3392143,12369.21,1791078,7267.26,1456886,17397.74,657650
2024-06-17,geo_3,7000000,962988.32,99.802,18709.31,1693402,5126.16,774619,14787.51,2084904,9307.3,1956953,20581.92,696714
2024-06-24,geo_3,7000000,926138.93,100.949,15989.06,1472071,4705.12,684235,10650.45,1405821,8917.64,1815185,16987.46,574715
2024-07-01,geo_3,7000000,913312.25,101.078,17196.09,1545614,5564.2,891742,10366.77,1285224,15167.97,3071378,17940.3,669742
2024-07-08,geo_3,7000000,869357.73,102.071,17929.62,1614109,5198.66,801627,11303.79,1660044,21003.45,4380525,17785.72,637275
2024-07-15,geo_3,7000000,911220.61,104.742,18509.96,1622665,6579.07,1043515,11184.73,1515533,18583.69,4139178,15637.66,624629
2024-07-22,geo_3,7000000,913490.87,104.604,17899.67,1541701,5123.54,750137,9729.67,1325113,10034.87,2334025,16168.11,580093
2024-07-29,geo_3,7000000,842584.01,106.641,17193.55,1475422,5591.85,831291,10921.63,1709621,8955.83,1949830,21776.65,838524
2024-08-05,geo_3,7000000,805985.85,104.445,22935.88,1964322,6567.83,1010860,9563.69,1388888,9867.0,2214792,21338.01,768205
2024-08-12,geo_3,7000000,896805.22,104.09,20608.88,1927320,4708.49,745872,10845.65,1525491,7686.43,1554812,23061.34,819418
2024-08-19,geo_3,7000000,920682.04,100.769,19539.35,1734755,5481.69,842471,11531.06,1587359,10522.83,2116930,20931.23,766042
2024-08-26,geo_3,7000000,898988.76,100.436,77474.76,7354225,5861.47,914835,9824.38,1367811,8962.29,1789221,48075.9,2035120
2024-09-02,geo_3,7000000,937882.56,103.025,72535.33,6831956,20642.15,3217865,24780.66,3493241,10673.2,2314601,43640.67,1623747
2024-09-09,geo_3,7000000,911582.1,103.303,72208.04,5930647,19765.3,3018986,35652.08,4962228,9107.95,1874390,17890.39,668999
2024-09-16,geo_3,7000000,928396.2,103.333,107402.01,9087023,27937.96,4187743,26960.3,4428545,8718.33,1611538,21756.43,793691
2024-09-23,geo_3,7000000,955982.02,101.778,19124.35,1672925,20728.94,3118781,11506.23,1530490,7818.36,1668014,22746.4,787722
2024-09-30,geo_3,7000000,849736.29,100.701,18297.87,1662222,4873.69,746410,8491.39,1190074,11465.21,2370254,18674.49,668450
2024-10-07,geo_3,7000000,867832.1,100.875,23282.77,2099456,6522.7,1042520,10547.78,1434053,11221.74,2355604,19762.84,752601
2024-10-14,geo_3,7000000,897631.5,100.276,20556.01,1705750,5076.8,773888,10531.52,1522905,22179.69,4220499,22431.06,889560
2024-10-21,geo_3,7000000,929136.41,96.385,22478.73,2023246,20940.75,2929627,14316.29,1897021,20691.82,3887076,17391.09,677043
2024-10-28,geo_3,7000000,862957.49,95.941,19700.05,1654058,18280.38,3010734,12753.31,1749485,20308.13,4476987,19710.79,733667
2024-11-04,geo_3,7000000,903035.22,99.402,20355.85,1767678,17059.86,2475053,10901.53,1454111,8278.42,1752621,17203.99,637712
2024-11-11,geo_3,7000000,855314.31,99.387,16647.19,1350543,16004.96,2507974,12240.69,1799496,9378.05,1722929,21057.14,743644
2024-11-18,geo_3,7000000,881697.79,98.569,22640.58,2056724,6219.15,998462,11506.98,1459009,8453.93,1739662,19554.21,744122
2024-11-25,geo_3,7000000,1080854.83,97.272,26584.85,2300579,6425.17,998447,30660.32,4507356,8975.49,1661274,16057.98,552690
2024-12-02,geo_3,7000000,953992.02,97.205,22427.16,1862683,18904.74,2972942,23367.34,3379542,9869.35,2023663,17012.93,591772
2024-12-09,geo_3,7000000,1084246.65,95.56,92885.06,8482046,22398.92,3377692,21186.79,2893060,9083.87,1834861,17747.25,617871
2024-12-16,geo_3,7000000,1083739.01,96.654,103927.22,9604239,20189.11,3107248,10295.55,1345374,8859.78,1817217,18996.75,694656
2024-12-23,geo_3,7000000,1227336.96,98.404,103288.87,9991759,20350.52,3125423,10245.22,1407921,10904.68,2222826,17412.98,666541
2024-12-30,geo_3,7000000,1080462.71,96.963,82036.28,7568043,4391.35,668987,11237.42,1586128,26912.88,4918831,20603.79,804297
2025-01-06,geo_3,7000000,1065375.05,98.955,20719.03,1971712,4652.84,668554,13452.55,2010871,24535.64,5021718,18789.78,626424
2025-01-13,geo_3,7000000,1146253.73,96.174,21749.13,1891656,5868.68,976581,30038.93,4386036,24661.35,5088533,16523.38,620381
2025-01-20,geo_3,7000000,980710.75,94.5,25452.12,2521713,8023.08,1131472,27630.38,3595762,10371.65,2314239,40378.51,1394019
2025-01-27,geo_3,7000000,1190422.85,93.847,19865.38,1519951,4817.84,750239,26168.59,3772718,9469.16,1883907,35841.63,1433077
2025-02-03,geo_3,7000000,1083593.15,95.548,20325.6,1799524,5734.94,825241,8161.83,1184258,10165.14,2175987,18822.74,664067
2025-02-10,geo_3,7000000,1032431.69,95.025,21720.48,2017797,6054.76,995405,8494.16,1111847,10089.69,2118922,22312.59,787298
2025-02-17,geo_3,7000000,1032237.53,96.211,22987.17,2117713,6013.8,971131,9831.71,1477930,8474.95,1888789,19014.08,654096
2025-02-24,geo_3,7000000,1129927.9,98.1,23476.49,2203155,5053.81,867049,10776.98,1628898,19231.98,3976914,21167.92,837548
2025-03-03,geo_3,7000000,1028555.16,97.46,22866.03,2030079,4651.16,814018,13147.28,1623551,19759.74,4300486,42018.08,1496728
2025-03-10,geo_3,7000000,1063297.01,96.259,29175.33,2833124,6220.93,1009018,28237.3,3456781,19721.93,4049288,44922.34,1750746
2025-03-17,geo_3,7000000,1070814.87,97.38,23107.48,1922240,4716.17,692486,26072.66,3740860,9479.53,1867952,25385.32,957236
2025-03-24,geo_3,7000000,1040832.48,94.563,128876.26,11705402,6627.33,1049364,22445.44,3401727,9771.24,1827188,25467.17,916753
2025-03-31,geo_3,7000000,1093894.27,96.647,98136.03,8948087,20003.15,2955145,12017.35,1756917,8578.99,1821776,18717.42,650915
2025-04-07,geo_3,7000000,1112192.49,98.327,109424.1,10717071,22173.6,3400718,10284.53,1530594,7323.04,1455439,26077.95,1023448
2025-04-14,geo_3,7000000,1089956.19,96.575,83463.53,7444722,19745.67,3121520,8075.72,1115702,7207.3,1384360,26465.08,916338
2025-04-21,geo_3,7000000,1157772.18,95.35,24212.8,2028420,16887.63,2820646,11176.29,1455464,6460.39,1169953,22332.87,817455
2025-04-28,geo_3,7000000,1078429.21,95.416,20555.54,1738045,6092.23,899946,11004.17,1685654,7727.61,1645543,27225.37,942213
2025-05-05,geo_3,7000000,1022981.4,98.067,19937.05,1819822,4246.93,650999,31078.98,3939936,9093.26,1801265,23493.96,854604
2025-05-12,geo_3,7000000,1181558.41,98.857,99911.93,8793302,5460.93,814511,30383.84,4461362,7800.93,1703056,24212.86,872368
2025-05-19,geo_3,7000000,1060426.42,96.997,89090.35,7994201,22844.11,3030138,27575.31,3672322,7618.59,1692605,17748.97,699906
2025-05-26,geo_3,7000000,1174190.26,95.972,79736.56,7006376,15548.68,2241968,11289.92,1690803,8415.73,1824355,25202.84,963137
2025-06-02,geo_3,7000000,1091708.55,98.559,73850.65,6510087,17523.73,2433857,10048.48,1427266,8535.28,1773097,18170.2,712218
2025-06-09,geo_3,7000000,963552.63,102.774,24521.11,2098218,24666.23,3801842,11195.52,1664183,9340.81,1942617,17087.35,599245
2025-06-16,geo_3,7000000,970404.22,101.153,22650.42,1925683,5950.12,940645,11832.83,1637627,8204.82,1526699,20427.54,796201
2025-06-23,geo_3,7000000,944061.31,104.736,25439.57,2288428,5802.38,852475,11991.76,1694959,7894.51,1642888,22536.18,788321
2025-06-30,geo_3,7000000,1012986.77,103.392,24540.9,2136058,5366.84,863555,9871.28,1304090,7780.63,1667785,20720.35,784347
2025-07-07,geo_3,7000000,962790.25,101.257,25533.51,2157488,5419.94,795971,13275.61,1885715,9169.21,1854248,23290.67,858363
2025-07-14,geo_3,7000000,971986.23,99.893,16692.66,1516899,4331.02,700647,10448.77,1390595,7511.46,1579533,24191.3,800707
2025-07-21,geo_3,7000000,881206.85,102.183,15410.53,1352529,5034.4,876463,8419.53,1218500,8398.45,1753993,21823.35,799186
2025-07-28,geo_3,7000000,1040093.86,99.421,88466.86,8662822,5848.23,955284,13669.12,1821204,7239.18,1539041,55940.67,2093830
2025-08-04,geo_3,7000000,1041340.58,97.737,64542.4,5764796,15303.17,2239233,12994.95,1736495,8340.39,1629645,55753.65,2077967
2025-08-11,geo_3,7000000,1012916.92,97.823,87544.85,7897312,20325.95,3089220,32471.91,4626738,17957.11,3338330,23115.74,809143
2025-08-18,geo_3,7000000,997817.62,97.38,83300.51,7856802,21956.5,3318291,27016.97,3306776,15555.19,3056539,18491.6,671243
2025-08-25,geo_3,7000000,1001163.68,97.839,21505.32,1978489,23017.27,3376340,25198.6,3663364,14211.18,3375663,20426.28,809809
2025-09-01,geo_3,7000000,989840.71,97.701,83191.64,7607746,5427.03,823344,10634.96,1508028,8841.92,1986665,44566.44,1733511
2025-09-08,geo_3,7000000,1043319.04,96.581,66689.84,5919429,5471.93,878573,31370.69,4512336,7134.97,1473708,55301.14,1961100
2025-09-15,geo_3,7000000,1040056.14,96.264,80211.77,7255899,5013.16,824332,31608.06,3861792,7565.65,1473398,28004.05,1010964
2025-09-22,geo_3,7000000,948272.62,98.733,80386.79,6944742,6079.32,956492,30206.94,4392293,7147.09,1536412,19590.87,711401
2025-09-29,geo_3,7000000,993546.8,99.776,20628.37,2093698,8191.77,1219851,12523.26,1891083,8440.58,1847173,27326.02,994455
2025-10-06,geo_3,7000000,895768.94,99.787,26427.76,2359960,8045.77,1133744,10602.89,1472205,18672.27,3976690,16747.87,627672
2025-10-13,geo_3,7000000,964127.32,99.007,19416.11,1661282,6117.54,917688,28511.17,4189566,26354.35,5377826,18311.84,674091
2025-10-20,geo_3,7000000,770772.69,99.403,21878.09,2087038,5894.91,884513,29634.34,4140690,21395.48,4633302,19782.72,794357
2025-10-27,geo_3,7000000,983362.24,98.897,95763.12,8661992,6839.93,1046811,26514.36,3447496,10118.88,2473455,24910.85,869669
2025-11-03,geo_3,7000000,979660.65,98.599,67483.87,6229305,22098.58,3371096,13959.02,2020866,12187.99,2716241,37888.56,1231488
2025-11-10,geo_3,7000000,1028444.64,100.239,63218.24,6101239,22578.52,3283752,21795.03,2778974,24364.91,5147559,45606.19,1535264
2025-11-17,geo_3,7000000,1117903.3,96.998,64467.48,5589606,22754.69,3762807,31273.69,4718653,24137.59,5294166,21293.94,813347
2025-11-24,geo_3,7000000,1245323.5,96.633,15650.0,1428343,21025.42,2945091,28896.29,4001134,19464.16,4088732,19962.21,680585
2025-12-01,geo_3,7000000,1023112.22,97.757,60972.07,5273116,4577.06,707961,11559.29,1644545,10450.24,2330280,23396.25,889642
2025-12-08,geo_3,7000000,1016643.59,97.729,79662.48,7497631,6096.19,990461,29828.47,4150941,26177.1,5122596,22222.19,841494
2025-12-15,geo_3,7000000,1072000.82,98.409,87672.38,7881443,6643.89,923390,30389.1,4347226,22543.0,4400836,23394.05,882853
2025-12-22,geo_3,7000000,1232734.77,99.973,76717.27,6907147,5731.84,794639,29015.03,3945017,23767.59,5099235,22447.9,800282
2023-01-02,geo_4,5500000,675499.63,107.608,16460.83,1628955,5197.81,987724,12011.21,1832483,18833.78,3175445,17055.34,921455
2023-01-09,geo_4,5500000,778948.31,104.828,18734.37,1599658,4440.42,964569,8912.81,1404866,17136.49,3121787,16406.14,808506
2023-01-16,geo_4,5500000,736772.82,104.86,17256.76,1546436,4837.0,942567,9505.14,1550751,17389.51,3528184,14539.21,596710
2023-01-23,geo_4,5500000,757579.81,103.941,15730.33,1280588,3729.53,739040,9342.61,1416688,10492.04,1803427,16238.93,704753
2023-01-30,geo_4,5500000,728199.43,103.148,17323.77,1421047,3395.6,682125,10150.02,1538303,6754.15,1280672,49177.77,2421334
2023-02-06,geo_4,5500000,758291.14,103.292,13386.4,1000572,3834.34,783683,20169.34,3184659,6079.64,1249369,44268.45,2191513
2023-02-13,geo_4,5500000,714587.98,103.494,15998.9,1399086,3988.43,857713,30115.09,3986868,5956.8,1172455,17504.33,848161
2023-02-20,geo_4,5500000,758525.38,102.639,14437.84,1176737,4352.87,924450,30387.64,4273745,7373.94,1379130,19753.44,1014190
2023-02-27,geo_4,5500000,743494.16,103.898,12154.41,978265,4281.67,862607,11711.4,1697092,8000.71,1488564,17345.69,786168
2023-03-06,geo_4,5500000,660388.91,100.62,11736.36,973519,4169.04,798825,23346.16,3808407,6863.99,1261326,19400.45,890090
2023-03-13,geo_4,5500000,783024.22,100.581,12551.32,1054707,3649.35,666874,17909.79,2677998,7060.73,1379041,15534.56,792953
2023-03-20,geo_4,5500000,692670.83,100.109,13145.61,1049395,3716.65,698137,19466.59,2823583,7113.47,1269929,30441.28,1393062
2023-03-27,geo_4,5500000,738547.06,97.391,16030.24,1226774,4118.08,805229,9230.32,1371914,7174.84,1480183,32462.74,1681630
2023-04-03,geo_4,5500000,816419.99,96.736,59188.5,4649954,4665.24,933596,8687.07,1349527,6978.01,1260105,15870.47,759544
2023-04-10,geo_4,5500000,873595.99,94.784,57906.92,4695794,15275.12,2877078,7585.83,1192163,6699.0,1371675,35168.57,1539394
2023-04-17,geo_4,5500000,746582.65,97.256,57149.04,4081012,20244.69,4422309,8692.2,1379539,6774.61,1178363,35277.37,1657080
2023-04-24,geo_4,5500000,869535.38,96.303,68249.09,6280211,22001.26,4020003,7587.96,1159563,6828.83,1237170,16447.88,763184
2023-05-01,geo_4,5500000,782403.04,95.509,13479.67,1205733,15880.46,3184817,7698.36,1174177,8318.0,1463836,14535.66,627534
2023-05-08,geo_4,5500000,798694.33,94.844,13240.83,966680,4891.38,899054,9796.02,1513136,6417.11,1324250,14483.94,641221
2023-05-15,geo_4,5500000,776050.36,98.26,19583.25,1589566,4768.97,1051497,20743.56,3422930,6364.32,1161444,13621.13,705559
2023-05-22,geo_4,5500000,786632.47,99.253,13589.22,1086793,4074.62,825683,18733.87,2790690,15247.61,2836429,11908.2,586295
2023-05-29,geo_4,5500000,758416.62,97.387,16136.57,1278998,4440.06,941975,19275.61,2714778,16122.05,3238372,16821.13,838095
2023-06-05,geo_4,5500000,742797.4,97.928,70709.94,6101526,4220.64,987308,8225.52,1254814,16520.27,3082512,12723.26,581951
2023-06-12,geo_4,5500000,771852.89,97.936,62237.67,5153452,4847.34,985424,9909.08,1542816,7819.23,1377521,13501.54,653534
2023-06-19,geo_4,5500000,777100.27,98.839,61403.84,5186598,4659.11,909736,10336.11,1675200,6362.16,1153750,16095.43,763279
2023-06-26,geo_4,5500000,793567.43,100.048,78189.19,5936124,6082.54,1293982,9945.65,1608276,5834.26,1105426,16980.87,797256
2023-07-03,geo_4,5500000,794148.66,99.881,17929.05,1352302,5422.77,1036687,8370.15,1178106,6015.14,1033924,17209.44,817910
2023-07-10,geo_4,5500000,725708.56,100.389,18636.9,1561891,4595.0,850372,8302.74,1330942,5213.59,874246,13855.51,678227
2023-07-17,geo_4,5500000,790816.65,98.846,17839.79,1463950,4700.07,1014804,11249.5,1665841,5528.27,1117910,40549.88,1910499
2023-07-24,geo_4,5500000,699651.28,99.301,22420.94,1940068,5454.64,1080493,8427.21,1160242,4545.78,839336,30390.02,1438862
2023-07-31,geo_4,5500000,775830.59,98.226,15221.93,1276148,3806.33,737998,7981.91,1159980,6332.15,1145257,18415.71,863969
2023-08-07,geo_4,5500000,722762.65,99.279,54752.9,4638591,3354.77,666347,22888.97,3442804,6395.62,1232803,14265.49,626038
2023-08-14,geo_4,5500000,776025.65,99.265,59549.14,4590759,14432.82,2855927,18188.14,2972133,6513.63,1169319,16327.65,763749
2023-08-21,geo_4,5500000,735200.3,99.36,64148.29,5577380,13121.38,2560036,24811.67,3679481,7701.49,1450506,16952.08,734537
2023-08-28,geo_4,5500000,761603.0,99.756,63843.77,5046678,14114.86,2641666,9555.07,1503320,15299.07,2829738,15309.59,672598
2023-09-04,geo_4,5500000,694662.46,101.501,16583.28,1434264,12880.11,2391219,8717.31,1412037,15532.6,3085155,14866.33,616528
2023-09-11,geo_4,5500000,690501.46,101.132,14933.03,1253581,4169.5,816626,5498.3,795823,14725.13,3010982,16136.38,765719
2023-09-18,geo_4,5500000,670824.4,100.15,15810.82,1308843,3862.58,778209,8426.57,1315998,5978.29,1036395,16227.83,711831
2023-09-25,geo_4,5500000,695961.96,100.342,50601.44,4189967,3074.04,582144,8958.39,1411244,6421.83,1220933,14531.07,687041
2023-10-02,geo_4,5500000,712987.19,99.937,54790.45,4935418,3607.44,764000,22162.53,3310178,6827.22,1293364,18423.03,889595
2023-10-09,geo_4,5500000,808630.96,99.252,61898.5,5527292,14321.91,3083639,31448.93,4395795,16068.4,3128390,15634.63,795847
2023-10-16,geo_4,5500000,751324.58,96.455,62144.26,5421449,12686.91,2650454,22341.83,3257715,13289.12,2495834,15005.83,730148
2023-10-23,geo_4,5500000,778557.68,96.471,14986.97,1152469,15773.93,3029512,9278.23,1452170,13262.4,2601588,13476.31,598465
2023-10-30,geo_4,5500000,671362.64,96.954,15737.65,1319289,14859.29,3119688,11373.95,1730507,5530.25,994172,30678.76,1257507
2023-11-06,geo_4,5500000,647661.33,97.26,15706.63,1224503,3682.87,651327,10114.67,1356695,5147.1,982239,34036.78,1665348
2023-11-13,geo_4,5500000,659946.58,97.798,18113.32,1257942,4401.72,1035591,11072.81,1716519,5615.0,984469,15159.2,658476
2023-11-20,geo_4,5500000,769905.85,98.021,18938.48,1394015,5748.75,1151051,9458.9,1569275,5579.48,1133903,15484.17,779496
2023-11-27,geo_4,5500000,728488.09,98.478,20016.66,1747015,6395.56,1303560,8946.83,1291663,5394.44,984701,16374.44,821229
2023-12-04,geo_4,5500000,752151.22,96.735,17955.4,1430622,4829.16,994835,8377.32,1394179,6517.0,1138933,14019.38,739330
2023-12-11,geo_4,5500000,730579.63,94.1,15677.07,1308003,4852.8,1035720,9290.17,1308680,7576.04,1395413,16455.13,758448
2023-12-18,geo_4,5500000,650264.65,95.166,16060.58,1228678,3701.85,671861,9508.42,1448036,7996.54,1589237,15527.22,650297
2023-12-25,geo_4,5500000,876814.65,93.66,15955.93,1311150,4645.47,996677,10508.85,1515079,8644.58,1647036,17324.6,835229
2024-01-01,geo_4,5500000,697351.31,95.572,14716.09,1160680,4038.02,865813,9946.48,1552832,8551.78,1778811,16423.81,780444
2024-01-08,geo_4,5500000,747830.54,95.712,19129.99,1465133,4895.1,875688,8015.46,1178727,5493.59,1105323,15816.73,695989
2024-01-15,geo_4,5500000,744198.61,97.616,21607.71,1730049,5093.13,973395,10594.5,1779746,9091.94,1527417,15973.4,840441
2024-01-22,geo_4,5500000,846389.11,98.14,70378.84,5502640,4867.82,927040,21908.83,3343226,8120.95,1667417,15198.26,758716
2024-01-29,geo_4,5500000,916343.74,94.546,69395.88,5672069,15960.17,3222634,20408.96,2864991,6694.74,1224943,12802.28,606696
2024-02-05,geo_4,5500000,800504.44,97.551,53507.36,4435448,16077.44,3197272,31243.02,4603615,6939.04,1276815,13058.02,594058
2024-02-12,geo_4,5500000,784767.56,98.687,68978.22,5324429,18172.24,3352740,8922.09,1276624,7167.02,1434977,14874.83,677245
2024-02-19,geo_4,5500000,861596.96,97.339,16670.25,1443629,19506.69,3518496,9301.51,1542946,6381.53,1084777,13804.08,669655
2024-02-26,geo_4,5500000,830498.24,98.861,18100.42,1405722,6229.14,1229019,9871.73,1440933,8134.5,1406623,14653.87,671661
2024-03-04,geo_4,5500000,864867.19,98.535,15728.52,1278624,3837.74,800930,7810.26,1217977,7015.16,1274933,14196.9,615752
2024-03-11,geo_4,5500000,801194.44,98.762,63651.15,4925948,5567.21,1077718,9116.11,1370533,8806.38,1525725,16257.12,764028
2024-03-18,geo_4,5500000,852752.99,96.312,62764.66,5025693,18187.21,3595516,9394.06,1484659,8461.58,1788910,16353.06,809589
2024-03-25,geo_4,5500000,768153.03,95.428,57246.72,4964671,20294.23,3870634,20692.81,3216125,5233.45,933558,16850.84,749763
2024-04-01,geo_4,5500000,895566.03,93.703,79154.1,6878020,25138.86,4483361,25099.58,3707083,6365.93,1207809,18324.62,754503
2024-04-08,geo_4,5500000,838595.3,94.773,17162.3,1505333,20456.02,4031147,26249.75,3969181,7635.36,1514665,16044.6,738149
2024-04-15,geo_4,5500000,837440.5,94.343,12486.7,1086543,3999.67,751802,10432.8,1775319,7597.66,1260805,15508.84,815516
2024-04-22,geo_4,5500000,764258.31,93.954,14438.53,1185876,4893.0,1018821,7771.0,1113753,16400.23,2917264,17815.75,841652
2024-04-29,geo_4,5500000,817933.47,93.592,14664.09,1159706,5039.41,951076,24789.2,3882651,15993.16,2942362,41762.41,2032514
2024-05-06,geo_4,5500000,847408.58,94.958,20691.28,1820186,4802.64,949091,27105.88,4205738,15761.9,2838176,44901.07,2108053
2024-05-13,geo_4,5500000,860285.68,98.007,12757.73,1059261,4740.17,978145,29749.23,4215242,6599.22,1256352,18938.08,983577
2024-05-20,geo_4,5500000,727303.66,99.992,17220.13,1334269,21704.73,3964827,11145.54,1667094,18436.57,3429845,19161.96,823772
2024-05-27,geo_4,5500000,773603.3,101.212,17855.59,1448063,17697.89,3582855,10862.56,1779357,18057.05,3574279,16618.54,784421
2024-06-03,geo_4,5500000,744606.39,100.71,20256.95,1698146,21820.52,4862489,8691.61,1365115,17088.74,3102138,16835.92,759775
2024-06-10,geo_4,5500000,731996.61,102.725,17704.78,1323079,21312.41,4036721,11060.98,1872718,6270.96,1064926,15493.75,727843
2024-06-17,geo_4,5500000,720269.73,99.802,13996.19,1109236,4754.03,1013720,13080.79,2106035,8328.39,1560419,18086.5,860103
2024-06-24,geo_4,5500000,749786.14,100.949,11619.76,882688,4098.91,797511,11197.48,1684499,8016.87,1479357,15474.27,707625
2024-07-01,geo_4,5500000,757079.39,101.078,12753.13,1100629,5039.83,928926,10176.98,1508371,13957.32,2664071,16229.16,808873
2024-07-08,geo_4,5500000,705967.99,102.071,12596.89,1040397,4827.93,966347,10519.39,1512341,19422.28,3833514,16575.31,725927
2024-07-15,geo_4,5500000,646323.67,104.742,13133.75,1098272,6027.15,1216029,11157.89,1663183,15738.09,2830878,15064.19,759953
2024-07-22,geo_4,5500000,699122.32,104.604,12395.93,992798,4891.84,883324,10315.78,1378469,7681.65,1396629,14417.3,689368
2024-07-29,geo_4,5500000,699152.97,106.641,11533.3,942666,5113.54,1122106,11294.75,1771205,7235.26,1258100,18270.96,925358
2024-08-05,geo_4,5500000,690117.66,104.445,15449.24,1305849,5869.65,1226531,9739.42,1485885,8899.05,1649826,16218.32,705791
2024-08-12,geo_4,5500000,680974.3,104.09,14834.88,1299815,4241.33,1022581,9959.3,1480655,6283.58,1138031,16406.37,747531
2024-08-19,geo_4,5500000,703483.76,100.769,14159.91,1086912,4790.38,892191,9923.76,1526838,8971.41,1741799,15728.76,811453
2024-08-26,geo_4,5500000,720451.72,100.436,57588.1,4318215,4833.09,953343,9538.23,1519790,7492.58,1277109,36680.03,1810851
2024-09-02,geo_4,5500000,719698.6,103.025,53220.72,4330684,18507.6,3881043,21667.05,3093581,9904.12,1749266,32359.56,1655638
2024-09-09,geo_4,5500000,670527.43,103.303,54844.6,4492448,18207.6,3370579,31692.74,4991183,7931.15,1493151,13527.02,598685
2024-09-16,geo_4,5500000,739139.28,103.333,82815.36,7031951,24038.5,4640533,25422.78,4077591,8016.39,1508628,15054.78,744241
2024-09-23,geo_4,5500000,635734.19,101.778,14958.29,1226961,18493.58,3549493,10923.7,1582572,6844.32,1302385,15069.94,673234
2024-09-30,geo_4,5500000,684815.25,100.701,15839.84,1306085,4203.61,808599,7798.79,1274763,9155.27,1692601,13733.44,627610
2024-10-07,geo_4,5500000,749572.6,100.875,19624.12,1531859,5620.13,1149859,8871.91,1312187,8556.0,1492908,14070.73,702311
2024-10-14,geo_4,5500000,671696.34,100.276,16108.27,1297898,4392.48,859277,8583.06,1367506,17898.69,3417907,16117.0,787484
2024-10-21,geo_4,5500000,682524.13,96.385,15983.89,1472051,19442.13,3679217,10973.87,1793601,17236.2,3378590,12700.75,610858
2024-10-28,geo_4,5500000,688813.98,95.941,13480.95,1112706,16488.04,3410453,9126.41,1338775,17692.52,3162967,15471.86,686952
2024-11-04,geo_4,5500000,721114.82,99.402,14815.65,1227959,16044.63,3097418,7890.13,1109593,7150.69,1249603,13474.39,659087
2024-11-11,geo_4,5500000,684043.05,99.387,12588.11,1023839,15248.69,3075632,8706.33,1188456,7642.98,1463346,16890.2,784743
2024-11-18,geo_4,5500000,712727.39,98.569,16527.5,1410543,6082.57,1092197,7752.36,1084619,6872.89,1289752,17359.99,848131
2024-11-25,geo_4,5500000,803260.11,97.272,22802.34,2032605,6464.99,1272203,20160.56,2994825,7054.83,1304161,13257.2,607732
2024-12-02,geo_4,5500000,759350.13,97.205,18626.77,1547035,19707.23,3671915,16189.92,2786548,7859.69,1433252,13719.29,635509
2024-12-09,geo_4,5500000,727640.35,95.56,74559.8,5730319,21569.81,4197876,15384.17,2428841,7055.74,1323606,16106.57,697507
2024-12-16,geo_4,5500000,831191.34,96.654,77716.82,5767791,19324.61,3809763,7847.81,1105339,7333.23,1373322,16773.12,751426
2024-12-23,geo_4,5500000,921354.53,98.404,75315.88,6098451,19770.06,4004110,7964.72,1117936,8767.41,1775770,15390.71,772534
2024-12-30,geo_4,5500000,812690.34,96.963,56615.42,4911278,3870.72,781009,8397.79,1260879,22554.66,3988091,16826.73,782143
2025-01-06,geo_4,5500000,821951.76,98.955,14084.75,1163612,4404.78,832026,9583.97,1268944,19367.61,3782329,15419.13,698319
2025-01-13,geo_4,5500000,794016.16,96.174,14373.86,1214031,4749.84,952129,20537.89,3052787,20121.77,3531642,12339.37,547520
2025-01-20,geo_4,5500000,890004.03,94.5,17617.57,1514153,6114.17,1184891,20883.14,3339679,8320.17,1572290,30133.51,1408047
2025-01-27,geo_4,5500000,870788.13,93.847,12954.86,995704,3937.61,842415,20040.37,3168570,8080.82,1611064,26626.11,1191913
2025-02-03,geo_4,5500000,885897.99,95.548,14498.41,1216071,4448.67,881402,6904.3,1054801,8264.45,1528045,14288.21,651820
2025-02-10,geo_4,5500000,855115.09,95.025,15394.33,1173814,4939.13,1017507,7193.22,1097422,8756.88,1659446,16711.15,828226
2025-02-17,geo_4,5500000,817747.07,96.211,16713.64,1397292,5173.06,1079594,8068.02,1216111,7044.14,1383245,13252.85,632755
2025-02-24,geo_4,5500000,770259.22,98.1,16001.69,1238872,4472.32,904209,8595.6,1228252,16417.89,3252555,14125.26,687700
2025-03-03,geo_4,5500000,828686.48,97.46,14127.92,1061987,4199.82,828395,10453.23,1607279,17544.3,3387602,28430.8,1354878
2025-03-10,geo_4,5500000,808154.22,96.259,17260.44,1293694,5841.93,1094521,23215.56,3363241,18181.52,3709223,30352.15,1736770
2025-03-17,geo_4,5500000,879919.93,97.38,13698.16,1067595,3997.3,823732,21705.48,3436011,9135.06,1692230,17027.7,770470
2025-03-24,geo_4,5500000,800210.29,94.563,80978.13,6627380,5915.35,1168608,16918.69,2471752,9337.99,1717644,15743.95,720831
2025-03-31,geo_4,5500000,854460.99,96.647,63028.91,5001489,16057.46,3001264,9698.22,1493702,8213.23,1582291,11658.72,512626
2025-04-07,geo_4,5500000,838199.22,98.327,71090.0,5307075,18044.87,3504057,8139.75,1201085,6516.07,1252835,16655.43,806513
2025-04-14,geo_4,5500000,856574.42,96.575,56211.54,4566619,17101.53,3499026,5911.36,908485,6601.76,1313473,15754.33,754573
2025-04-21,geo_4,5500000,906117.16,95.35,16978.25,1420161,14914.98,2720628,8498.24,1270324,6550.62,1135183,13655.84,683705
2025-04-28,geo_4,5500000,842413.3,95.416,13661.92,1138424,5285.43,1030172,8941.48,1336660,7600.82,1344553,15284.89,729159
2025-05-05,geo_4,5500000,786082.46,98.067,13977.36,1198298,3693.37,763671,22937.1,3543797,8583.24,1326070,13682.94,616031
2025-05-12,geo_4,5500000,896189.46,98.857,74510.8,5844001,4310.46,796383,26185.34,3850173,7352.1,1639125,15819.95,755284
2025-05-19,geo_4,5500000,787349.99,96.997,68707.56,5528122,17711.71,3837620,22839.46,3550763,7340.71,1333652,12509.62,649278
2025-05-26,geo_4,5500000,788242.03,95.972,59513.73,4473656,11062.81,2299477,10109.11,1555762,7724.72,1478912,16032.28,793213
2025-06-02,geo_4,5500000,924606.93,98.559,49578.32,4097725,12508.92,2328159,9414.55,1478288,7890.1,1519867,12048.67,523816
2025-06-09,geo_4,5500000,780477.62,102.774,16687.85,1427544,17301.09,3360633,10352.74,1606465,7742.1,1409640,11877.71,569778
2025-06-16,geo_4,5500000,823305.94,101.153,15542.74,1239174,4029.15,888797,11260.03,1769901,7129.33,1354066,13953.03,613073
2025-06-23,geo_4,5500000,753849.42,104.736,16907.25,1393786,4431.45,857361,11450.6,1727014,7102.19,1242490,15209.78,706727
2025-06-30,geo_4,5500000,706897.26,103.392,17949.43,1377873,4547.09,828364,9151.74,1400310,7425.5,1320726,12881.91,619419
2025-07-07,geo_4,5500000,807853.53,101.257,18163.11,1483617,4479.3,941530,13616.04,2017078,8868.66,1796260,14883.56,638734
2025-07-14,geo_4,5500000,798692.76,99.893,12772.33,996387,3573.98,688066,10835.97,1582206,7833.66,1430927,15035.57,745391
2025-07-21,geo_4,5500000,677357.33,102.183,11547.41,966680,4069.14,837749,8374.03,1229102,8253.03,1583982,15361.54,761961
2025-07-28,geo_4,5500000,833773.57,99.421,75617.25,6067012,4555.67,965345,13206.32,1848950,6709.74,1194438,37753.06,1875751
2025-08-04,geo_4,5500000,828059.88,97.737,53595.75,4670500,12268.47,2359760,12872.39,1971598,8245.01,1491293,35705.31,1541504
2025-08-11,geo_4,5500000,863219.96,97.823,75699.1,6467483,16946.56,3668404,34950.26,5313818,17069.91,3303212,15200.29,692121
2025-08-18,geo_4,5500000,782278.92,97.38,65767.22,5289954,16957.29,3566852,29076.53,4564138,15240.78,2900333,13809.29,623100
2025-08-25,geo_4,5500000,846369.6,97.839,16630.91,1210029,17081.54,3335197,27132.08,4085153,13531.63,2409491,15411.51,762015
2025-09-01,geo_4,5500000,822397.53,97.701,64895.58,5170598,3335.21,644439,9623.63,1580911,7886.55,1491391,34114.0,1648543
2025-09-08,geo_4,5500000,786965.54,96.581,55126.67,4513190,3424.44,598283,29080.82,4883724,6458.81,1232517,38740.64,1886802
2025-09-15,geo_4,5500000,827162.96,96.264,67580.57,5530684,3033.42,653584,29261.72,5038930,7380.39,1325475,19884.78,981478
2025-09-22,geo_4,5500000,800464.85,98.733,69009.9,5961172,3209.11,663962,27019.84,3734708,6040.85,1193636,13624.27,646877
2025-09-29,geo_4,5500000,696115.32,99.776,17316.78,1442064,4438.33,936225,10929.36,1532512,7599.55,1572306,20524.14,1130095
2025-10-06,geo_4,5500000,737081.27,99.787,20149.16,1553250,4400.47,941193,8564.71,1321868,15819.23,2947108,14255.27,656146
2025-10-13,geo_4,5500000,653704.18,99.007,13911.03,1171140,3402.49,599285,23750.48,3596431,22743.43,4317724,14398.57,664309
2025-10-20,geo_4,5500000,705508.64,99.403,16103.45,1382367,3599.73,632643,26619.77,4234875,16850.94,2889029,14267.46,627695
2025-10-27,geo_4,5500000,690972.26,98.897,73327.11,6316464,4426.03,893243,23909.29,3718344,8475.29,1721041,18637.21,985328
2025-11-03,geo_4,5500000,746656.32,98.599,54032.65,4511577,13639.18,2731227,12210.22,1982090,11064.86,1883259,31094.19,1503958
2025-11-10,geo_4,5500000,813844.89,100.239,51853.61,4252942,13731.11,2746740,19478.59,2903569,21365.93,4088721,38876.49,1798619
2025-11-17,geo_4,5500000,832110.56,96.998,47735.65,3846395,14686.93,3232621,22679.19,3528380,20142.71,3864266,19398.3,840427
2025-11-24,geo_4,5500000,963075.49,96.633,11850.8,1035726,14297.19,2750863,21040.1,3179683,16229.18,3134440,17318.93,746313
2025-12-01,geo_4,5500000,835447.37,97.757,45701.26,3725732,3010.58,681340,8713.52,1368096,9138.12,1646147,17938.35,923101
2025-12-08,geo_4,5500000,757367.85,97.729,64422.99,5150375,3854.22,737018,22272.28,3411793,21622.17,3827353,16280.8,800071
2025-12-15,geo_4,5500000,869819.54,98.409,71073.58,5417567,3993.91,762203,21023.01,3100434,16909.62,3100614,16467.99,859475
2025-12-22,geo_4,5500000,990605.24,99.973,65976.16,5311240,3536.5,725824,22542.0,3297268,18408.0,3237074,16719.89,721461
2023-01-02,geo_5,4500000,565523.18,107.608,15722.84,1473228,4264.36,635065,8730.31,1128416,13706.15,2673452,14716.26,546318
2023-01-09,geo_5,4500000,579565.85,104.828,17139.11,1461242,3721.37,596443,6673.07,885236,12494.55,2388181,13772.33,518796
2023-01-16,geo_5,4500000,613465.5,104.86,15721.93,1496545,3920.03,643407,7033.7,979829,13546.57,2773387,11446.87,442428
2023-01-23,geo_5,4500000,566279.11,103.941,13946.75,1276666,3364.37,487252,6489.97,955767,8525.5,1602089,13016.31,500208
2023-01-30,geo_5,4500000,603040.85,103.148,14806.77,1454649,2896.37,451368,7220.77,1098476,5782.59,1125237,35507.82,1376603
2023-02-06,geo_5,4500000,608470.05,103.292,11579.46,1108177,3375.59,537997,13600.27,1926490,5491.63,1158739,37104.96,1536096
2023-02-13,geo_5,4500000,651718.12,103.494,14925.74,1466586,3550.64,566899,20942.01,3080205,4916.19,895378,13775.03,506090
2023-02-20,geo_5,4500000,592547.58,102.639,13865.25,1294190,3594.34,563877,21889.47,2885660,6612.46,1346104,16604.9,645011
2023-02-27,geo_5,4500000,616379.66,103.898,11844.26,1185570,3738.5,549687,8364.6,1178688,7325.93,1567676,13921.93,526178
2023-03-06,geo_5,4500000,646252.65,100.62,11373.54,1090684,4043.86,681119,17563.08,2378707,6341.14,1254790,14938.58,614258
2023-03-13,geo_5,4500000,609414.89,100.581,10680.33,998931,3593.49,517000,14666.58,1730561,6287.42,1228544,11041.74,445426
2023-03-20,geo_5,4500000,609092.74,100.109,11662.78,1038274,3437.32,545687,15824.8,2223115,6213.57,1202258,22626.43,819446
2023-03-27,geo_5,4500000,575903.72,97.391,13819.25,1154403,3948.98,568976,7244.65,1066136,6514.57,1443727,25153.77,1034805
2023-04-03,geo_5,4500000,655313.01,96.736,49281.36,5724538,4755.82,717466,6508.09,858893,6083.75,1250895,11342.41,457741
2023-04-10,geo_5,4500000,649305.39,94.784,47762.03,4235509,14384.28,2217306,5449.53,791229,6320.76,1063903,25664.54,1072579
2023-04-17,geo_5,4500000,661091.8,97.256,52282.01,5019646,17412.72,2698136,6814.67,963910,6869.81,1422301,26437.57,1049570
2023-04-24,geo_5,4500000,638246.3,96.303,64204.94,5237397,18972.56,2865971,5928.6,792924,6764.9,1307803,13043.7,502546
2023-05-01,geo_5,4500000,683665.84,95.509,12347.5,1197575,14756.42,2142863,6025.77,854404,7899.22,1563688,12178.57,479651
2023-05-08,geo_5,4500000,669684.61,94.844,11567.4,1082979,5148.57,715024,7532.37,1001584,5942.98,1151826,13430.23,499092
2023-05-15,geo_5,4500000,648835.36,98.26,18291.89,1672067,4799.99,703723,16609.85,2201598,6019.93,1303887,13569.29,530312
2023-05-22,geo_5,4500000,615280.73,99.253,13227.44,1277966,4233.05,599607,15974.35,2335288,13246.72,2806829,12353.09,438572
2023-05-29,geo_5,4500000,595081.33,97.387,14262.05,1366760,4465.78,643559,17056.7,2240874,14266.68,2982710,17420.51,678395
2023-06-05,geo_5,4500000,654740.91,97.928,58157.6,5593073,4133.05,693549,6963.32,1003497,15241.04,3295686,12558.68,472187
2023-06-12,geo_5,4500000,694899.29,97.936,50810.82,4731021,4248.9,640475,8400.15,1146358,7380.7,1365839,11903.43,470763
2023-06-19,geo_5,4500000,588530.25,98.839,49246.79,4710101,4436.8,595956,8781.69,1401545,5394.39,1026966,13108.99,482570
2023-06-26,geo_5,4500000,630835.35,100.048,57652.54,5448408,5581.93,799804,8663.64,1155315,5608.78,1177476,14144.12,534795
2023-07-03,geo_5,4500000,647857.24,99.881,12730.25,1135543,4642.12,647835,7516.77,994293,6137.27,1321453,13021.1,515440
2023-07-10,geo_5,4500000,612155.7,100.389,14100.97,1252925,4155.61,601986,7604.18,1129184,5479.08,1178081,11711.2,451289
2023-07-17,geo_5,4500000,674023.45,98.846,12841.56,1346126,4055.53,678008,9607.31,1349994,5955.1,1218635,34038.93,1259438
2023-07-24,geo_5,4500000,656157.01,99.301,16393.58,1625640,4880.51,788091,7511.41,977908,4422.93,887144,25360.18,870914
2023-07-31,geo_5,4500000,605575.44,98.226,11850.84,1113834,3210.55,493886,6733.29,935420,6330.31,1189411,16141.63,621929
2023-08-07,geo_5,4500000,611019.59,99.279,45992.03,4314137,2849.73,474487,20280.39,2691591,6017.12,1264011,12010.46,429902
2023-08-14,geo_5,4500000,591019.76,99.265,49428.6,4336045,12030.08,1893782,17131.6,2282975,6147.23,1239840,13998.22,548170
2023-08-21,geo_5,4500000,666266.45,99.36,54620.74,4808261,11396.74,1801848,22654.2,3334487,7206.01,1307618,14644.73,511300
2023-08-28,geo_5,4500000,607165.03,99.756,51837.17,4620758,12872.82,1887762,8579.0,1123388,15143.18,2963569,14572.08,494033
2023-09-04,geo_5,4500000,636740.96,101.501,13440.49,1197118,12454.93,1870697,7672.49,1018122,16790.85,3575383,13443.85,520882
2023-09-11,geo_5,4500000,541069.27,101.132,12344.57,1125908,4064.16,661723,5080.42,676483,14613.07,2629233,14877.06,514344
2023-09-18,geo_5,4500000,514385.76,100.15,13587.95,1264561,3715.72,570722,7339.18,997850,5589.92,1158910,14327.69,552383
2023-09-25,geo_5,4500000,528550.01,100.342,47800.01,4283423,2992.82,469556,7628.09,947299,5601.41,1095145,12401.19,449206
2023-10-02,geo_5,4500000,541169.89,99.937,45750.39,4238625,3842.88,622634,18651.17,2683340,6030.0,1252237,15628.29,585118
2023-10-09,geo_5,4500000,604246.91,99.252,48298.07,4091574,13428.81,1911488,24047.46,2950926,14644.96,2972163,13118.21,477225
2023-10-16,geo_5,4500000,594198.91,96.455,49144.1,4635764,11961.18,1840656,15789.41,2250184,11409.8,2348659,13772.24,521907
2023-10-23,geo_5,4500000,626788.63,96.471,12142.03,1241399,14281.85,2108800,6309.34,903517,11921.21,2560529,12883.49,494808
2023-10-30,geo_5,4500000,608571.48,96.954,12458.85,1231051,12367.68,1904389,7849.77,1021343,5186.54,995444,31998.83,1218235
2023-11-06,geo_5,4500000,612401.42,97.26,12615.92,1172482,3103.87,467970,6900.86,989625,5280.59,971144,33439.76,1163793
2023-11-13,geo_5,4500000,621098.22,97.798,13620.59,1322638,3602.18,582802,7343.24,1052760,5515.22,1167627,14261.22,550263
2023-11-20,geo_5,4500000,685567.77,98.021,13959.01,1393341,4352.25,734974,6769.93,1036055,5564.94,1065905,14603.09,596347
2023-11-27,geo_5,4500000,615975.96,98.478,14807.17,1198427,4595.08,688001,6381.49,916334,5522.08,1069754,14332.37,504306
2023-12-04,geo_5,4500000,603501.96,96.735,13192.85,1314170,3430.29,525022,5716.64,793984,6306.32,1197048,12940.34,465216
2023-12-11,geo_5,4500000,639639.98,94.1,12361.45,1220663,3537.51,537673,6163.96,799405,7356.17,1584525,13975.81,539116
2023-12-18,geo_5,4500000,578376.88,95.166,11192.73,1016317,2943.48,447364,5997.97,799063,7735.66,1609298,12265.76,396419
2023-12-25,geo_5,4500000,702747.0,93.66,10833.88,925284,3888.12,607527,7393.46,940084,8114.47,1448993,15417.57,511252
2024-01-01,geo_5,4500000,611526.11,95.572,9911.91,997175,3578.86,518583,7355.52,929323,8026.52,1562843,14406.77,540608
2024-01-08,geo_5,4500000,563126.89,95.712,13107.38,1143305,4468.83,666477,5708.56,787000,4970.2,897061,14575.66,526519
2024-01-15,geo_5,4500000,622132.17,97.616,14313.18,1463502,4043.77,658243,8128.09,1122879,8211.74,1536462,14681.51,476747
2024-01-22,geo_5,4500000,681450.56,98.14,47794.14,4144685,3591.08,494759,17282.57,2588171,6538.86,1329835,15056.06,521885
2024-01-29,geo_5,4500000,781845.31,94.546,50895.6,4728880,11106.85,1664168,16461.85,2127970,5146.91,852315,12690.43,487109
2024-02-05,geo_5,4500000,677934.54,97.551,40977.71,4175322,12241.82,1911331,24784.11,3790856,5699.0,1133247,12454.17,486900
2024-02-12,geo_5,4500000,688608.23,98.687,54866.27,5504059,13256.39,1973627,7916.67,1188993,5823.72,1224293,13578.47,487009
2024-02-19,geo_5,4500000,691513.76,97.339,12941.26,1308628,14230.82,2112288,7929.52,1166537,5790.6,1076304,11858.34,443124
2024-02-26,geo_5,4500000,664837.5,98.861,13775.92,1250295,4272.0,606283,8355.2,1072493,7497.39,1585041,12252.12,427913
2024-03-04,geo_5,4500000,695393.66,98.535,11627.3,1077388,3076.11,463196,7016.28,1017418,6340.02,1244689,11706.35,445220
2024-03-11,geo_5,4500000,625524.12,98.762,48100.93,4483726,4109.59,660700,7773.07,1106732,8374.14,1761348,12614.74,456722
2024-03-18,geo_5,4500000,686436.08,96.312,47199.07,4433565,13982.11,2233176,7692.23,1052884,8455.45,1454160,11616.37,485775
2024-03-25,geo_5,4500000,699770.18,95.428,47890.88,4501377,14208.48,2262485,17055.28,2294409,5786.56,1002703,12783.56,485963
2024-04-01,geo_5,4500000,735800.61,93.703,64570.16,5940325,18882.01,2678913,19369.9,2231647,6823.1,1381752,14266.96,578349
2024-04-08,geo_5,4500000,720083.51,94.773,14018.16,1361397,14927.19,2162344,20197.29,2819579,8026.22,1501915,12932.44,488923
2024-04-15,geo_5,4500000,651642.62,94.343,10915.08,876744,2878.91,449978,7059.52,967683,7476.78,1538913,12619.74,442951
2024-04-22,geo_5,4500000,644982.0,93.954,12098.73,1155746,3710.51,559206,5234.52,754300,15908.28,2880859,12629.17,457047
2024-04-29,geo_5,4500000,753590.25,93.592,12202.95,1187941,3853.21,569275,17167.69,2292271,15799.11,3204831,29592.12,1123806
2024-05-06,geo_5,4500000,723078.72,94.958,15443.45,1415530,3823.2,562569,18588.19,2398577,15425.14,3097278,30419.0,1181321
2024-05-13,geo_5,4500000,646941.43,98.007,9799.3,796124,3872.79,568213,19322.03,2395040,6607.37,1245640,12587.77,467389
2024-05-20,geo_5,4500000,607893.59,99.992,12980.1,1340178,17109.07,2769580,6703.09,937280,16526.14,3331301,13352.74,528792
2024-05-27,geo_5,4500000,612448.25,101.212,12466.67,1099442,14242.49,1874172,5882.4,805646,14998.86,2992507,12479.45,492981
2024-06-03,geo_5,4500000,639538.33,100.71,14200.24,1427141,17690.68,2830642,4876.1,638790,13507.14,2744357,12615.02,457190
2024-06-10,geo_5,4500000,553801.31,102.725,13137.3,1277745,16795.21,2366128,6107.15,853673,4987.5,900218,11883.73,446835
2024-06-17,geo_5,4500000,618097.2,99.802,10774.05,939221,3846.38,621649,7891.59,1143209,6005.36,1186094,14397.92,499836
2024-06-24,geo_5,4500000,603645.51,100.949,9265.36,809313,3376.52,472577,5918.65,728979,5738.44,1079845,12772.33,500098
2024-07-01,geo_5,4500000,634259.5,101.078,10551.32,875870,3719.93,606583,6200.36,818253,9547.82,1875436,14301.39,545337
2024-07-08,geo_5,4500000,626031.56,102.071,11404.51,944772,3392.41,554337,6260.62,848970,13492.13,2317877,14508.86,526045
2024-07-15,geo_5,4500000,537453.24,104.742,12361.51,1181342,3972.32,607621,7024.67,886008,11135.56,2245971,12910.11,467881
2024-07-22,geo_5,4500000,574874.15,104.604,12691.45,1231652,3246.24,470653,6007.48,944696,5246.34,999619,12356.29,448734
2024-07-29,geo_5,4500000,528859.11,106.641,11989.41,1202348,3416.19,503943,6427.03,897595,5115.26,1020058,15488.52,604187
2024-08-05,geo_5,4500000,556820.18,104.445,14657.48,1344152,4128.62,638381,6204.67,775835,6088.74,1218803,14325.05,530426
2024-08-12,geo_5,4500000,580054.89,104.09,13368.1,1371724,3227.81,510365,6932.53,906824,4422.93,896130,14026.9,617302
2024-08-19,geo_5,4500000,535652.35,100.769,12227.37,1061136,3792.83,515180,7199.32,1098390,6382.02,1168195,13314.83,549754
2024-08-26,geo_5,4500000,600515.36,100.436,48222.65,4631490,3978.47,608386,6957.08,1037684,5294.44,976948,29433.07,1129828
2024-09-02,geo_5,4500000,578360.99,103.025,44283.23,4206546,14949.42,2257439,16480.57,2043248,6521.84,1363979,27619.22,1103141
2024-09-09,geo_5,4500000,613162.73,103.303,38709.76,3916528,14494.79,2248556,23270.02,2740769,5751.79,1183236,11636.72,436761
2024-09-16,geo_5,4500000,605673.55,103.333,61796.86,5972405,19020.09,2827566,20460.21,3170957,6000.95,1208763,13651.67,574248
2024-09-23,geo_5,4500000,574951.99,101.778,10759.33,990981,14118.69,1949078,8600.34,1187845,5713.36,1188220,13632.83,462299
2024-09-30,geo_5,4500000,542120.89,100.701,10220.64,832005,3315.24,459636,6481.2,833760,7310.4,1360470,11625.47,430910
2024-10-07,geo_5,4500000,552361.58,100.875,13163.21,1245322,4298.91,682196,7689.03,1088422,6997.61,1373072,12510.87,474922
2024-10-14,geo_5,4500000,547374.08,100.276,10802.91,1063239,3213.47,497385,7303.56,969551,14654.66,2978794,14052.99,596476
2024-10-21,geo_5,4500000,617670.53,96.385,11716.47,1091729,12606.99,1783378,9522.29,1228837,13280.9,2601226,11794.42,468626
2024-10-28,geo_5,4500000,573451.31,95.941,10081.52,999825,10366.98,1477944,7922.53,1149700,12462.71,2501807,15094.8,514532
2024-11-04,geo_5,4500000,580538.87,99.402,9974.14,1072838,10515.27,1536821,6885.19,890515,5496.12,1062476,12216.11,409777
2024-11-11,geo_5,4500000,568156.23,99.387,8206.12,752295,9546.59,1394928,7460.05,1025452,5870.43,1115285,15558.95,585686
2024-11-18,geo_5,4500000,610575.25,98.569,11591.2,1070656,3753.26,619631,7056.06,929172,5102.61,998613,15395.35,542225
2024-11-25,geo_5,4500000,706504.52,97.272,14333.46,1400457,4078.16,568157,17879.61,2581403,5437.67,1111111,12611.08,513091
2024-12-02,geo_5,4500000,565518.05,97.205,12073.19,1113682,11594.48,1742527,13404.63,1945596,6012.97,1206067,13485.82,488451
2024-12-09,geo_5,4500000,673907.18,95.56,46950.96,4102842,12866.69,2060434,12147.89,1742961,5656.47,1157035,14632.55,554384
2024-12-16,geo_5,4500000,673587.92,96.654,54785.9,5055835,11194.55,1633382,6522.0,842099,6038.39,1089562,15706.62,588590
2024-12-23,geo_5,4500000,772201.03,98.404,56016.23,5070209,11555.78,1836556,6645.22,833959,7635.54,1499719,16006.37,615691
2024-12-30,geo_5,4500000,651712.18,96.963,45994.77,4502481,2602.13,399564,6420.01,888120,16819.47,3569731,18275.16,730769
2025-01-06,geo_5,4500000,682507.65,98.955,11496.77,990346,2888.52,428637,7880.57,1062578,14666.34,2934006,15753.28,573007
2025-01-13,geo_5,4500000,727374.46,96.174,12001.68,1129117,3421.35,495704,15468.85,2018057,14443.58,2970752,14874.07,563335
2025-01-20,geo_5,4500000,733794.3,94.5,13657.92,1186737,4811.92,741345,15216.78,2068201,6061.52,1097905,35022.84,1250327
2025-01-27,geo_5,4500000,825515.67,93.847,10189.51,931354,3163.19,451240,14657.43,2120331,5407.23,1132815,31912.07,1214770
2025-02-03,geo_5,4500000,667945.94,95.548,11091.24,1117080,3639.15,526482,5064.14,686842,5676.83,1133504,16498.34,621330
2025-02-10,geo_5,4500000,642920.38,95.025,11047.65,1044746,3641.62,579314,5597.44,729148,6007.44,1195425,17719.19,646747
2025-02-17,geo_5,4500000,660759.79,96.211,11119.09,1005676,3860.16,616321,5984.64,831183,4946.71,1003561,14255.2,562200
2025-02-24,geo_5,4500000,614836.95,98.1,11547.94,1022851,3342.53,474421,6671.4,921826,10868.6,2113420,15239.41,584363
2025-03-03,geo_5,4500000,644773.11,97.46,11291.34,1042482,3066.25,464072,7953.45,1008165,11667.88,2510772,30319.18,1205572
2025-03-10,geo_5,4500000,695875.18,96.259,13366.42,1197555,4209.6,705144,16148.5,2063615,11473.9,2451410,31769.37,1154273
2025-03-17,geo_5,4500000,635668.09,97.38,10728.31,1022077,3091.28,452597,14613.48,1926569,5632.23,1115680,18452.83,616195
2025-03-24,geo_5,4500000,642780.2,94.563,61007.59,5988588,4362.95,753551,12471.63,1789655,5654.06,1131412,17324.52,661022
2025-03-31,geo_5,4500000,741074.92,96.647,49182.18,4471773,12930.71,1932057,6874.15,1012036,5169.35,1042445,11637.01,463901
2025-04-07,geo_5,4500000,670780.83,98.327,51677.54,4947599,14050.81,2271101,5641.88,752393,4587.9,863169,16410.75,595922
2025-04-14,geo_5,4500000,754441.84,96.575,39144.43,3712931,14270.1,2203625,4406.97,603135,4457.19,910803,16476.83,604836
2025-04-21,geo_5,4500000,684961.23,95.35,12070.21,1049767,12564.5,1960037,6011.74,786918,4366.11,809123,13730.76,540541
2025-04-28,geo_5,4500000,672635.26,95.416,9149.44,955776,4604.1,722461,5988.48,783342,5273.72,1103336,16734.82,677231
2025-05-05,geo_5,4500000,668943.41,98.067,8507.16,808208,3178.91,478803,15518.23,2289878,6008.37,1322469,14657.61,522953
2025-05-12,geo_5,4500000,740990.44,98.857,46210.18,4614526,3765.7,524331,15386.84,2027254,5570.39,1245109,15618.24,610200
2025-05-19,geo_5,4500000,706417.55,96.997,42876.96,4358302,15977.6,2636649,12816.81,1563265,5381.97,1132972,12800.25,451620
2025-05-26,geo_5,4500000,633760.27,95.972,35000.46,3350434,9636.94,1296994,5764.61,822499,5582.66,983482,15614.1,576633
2025-06-02,geo_5,4500000,674517.41,98.559,32351.97,3017536,10765.15,1576010,5497.62,832148,5327.79,1049625,11914.87,445174
2025-06-09,geo_5,4500000,652361.28,102.774,10728.29,1159659,14860.73,2207915,6136.93,856638,5817.08,1203557,11904.72,463363
2025-06-16,geo_5,4500000,627583.72,101.153,10738.78,1011166,3624.74,564203,6320.45,895880,5411.39,1117496,14756.02,583039
2025-06-23,geo_5,4500000,591146.21,104.736,11747.6,1023761,4026.54,656615,6675.37,862109,5555.61,1023766,16325.93,613751
2025-06-30,geo_5,4500000,665786.89,103.392,12066.21,1163275,4145.05,599456,5440.4,770747,5351.99,1099165,14645.29,510226
2025-07-07,geo_5,4500000,665462.98,101.257,12398.91,1073318,4119.8,616368,7496.17,1107717,5962.96,1163453,15800.91,606027
2025-07-14,geo_5,4500000,543943.65,99.893,8310.71,767680,3347.41,549286,6623.96,900081,5260.0,1034226,16621.16,597722
2025-07-21,geo_5,4500000,612919.06,102.183,7829.85,757906,3481.18,534002,4947.56,614935,6345.06,1277028,15604.59,576143
2025-07-28,geo_5,4500000,605317.92,99.421,51145.78,5311753,4365.51,622309,7796.92,1102211,5630.13,1118942,35994.85,1359908
2025-08-04,geo_5,4500000,671864.15,97.737,38180.63,3544171,10882.23,1562192,7528.52,1080081,6130.08,1212399,34563.13,1323934
2025-08-11,geo_5,4500000,623993.47,97.823,54162.24,5103345,15395.41,2446141,20179.05,2761522,13766.73,2702520,13928.48,523031
2025-08-18,geo_5,4500000,677055.64,97.38,53127.45,5004599,16344.28,2547885,16240.18,2162494,12829.47,2360496,13383.29,500486
2025-08-25,geo_5,4500000,667374.87,97.839,12552.92,1168435,16731.95,2241141,15733.12,2330292,12457.2,2229754,14276.89,544459
2025-09-01,geo_5,4500000,708127.96,97.701,50362.72,5299458,3203.53,482279,5755.77,775721,6821.2,1376927,30177.68,1109489
2025-09-08,geo_5,4500000,665835.52,96.581,41904.57,4032884,3222.54,544444,17985.0,2330258,5518.89,1110811,34607.24,1429777
2025-09-15,geo_5,4500000,655780.75,96.264,50473.26,4362507,2777.05,416153,17581.28,2389339,6163.76,1087286,16367.96,606994
2025-09-22,geo_5,4500000,609557.37,98.733,44308.22,4336064,3525.14,485748,17326.49,2156537,5080.77,1005232,11028.56,408708
2025-09-29,geo_5,4500000,606330.23,99.776,11050.18,905913,4619.52,725918,7146.32,961601,6304.22,1275334,15405.12,492387
2025-10-06,geo_5,4500000,580681.67,99.787,14325.84,1269945,4738.17,633079,6378.97,895868,13165.1,2477733,10034.1,382849
2025-10-13,geo_5,4500000,599375.21,99.007,11054.24,1075589,3566.02,535642,17824.8,2331779,16856.23,3747450,11029.59,419348
2025-10-20,geo_5,4500000,564442.63,99.403,13100.59,1150331,3765.35,587332,18919.43,2446483,12398.16,2280813,11891.35,433993
2025-10-27,geo_5,4500000,594755.24,98.897,62942.04,6068863,4716.97,797373,16913.42,2499207,6302.31,1367281,16173.93,641659
2025-11-03,geo_5,4500000,660972.13,98.599,42692.05,3806596,14009.28,2270044,8698.4,1175080,7894.74,1883492,25879.6,945759
2025-11-10,geo_5,4500000,690298.57,100.239,40903.31,4067349,13296.63,2216899,13487.31,1757291,16500.54,3185623,30031.63,1213071
2025-11-17,geo_5,4500000,667900.96,96.998,42050.18,3893043,14098.82,2124482,18673.98,2497895,15088.42,3328327,14817.7,538613
2025-11-24,geo_5,4500000,757320.45,96.633,10128.82,924905,12278.13,1866352,18352.47,2669373,12625.2,2533938,14274.13,507087
2025-12-01,geo_5,4500000,696175.96,97.757,39449.65,3586650,2733.91,455951,8237.05,1113874,7079.07,1337156,15444.38,588606
2025-12-08,geo_5,4500000,704799.78,97.729,49171.28,4370410,3816.08,582033,20469.0,2452576,16797.43,3305013,13331.17,490649
2025-12-15,geo_5,4500000,688421.76,98.409,53395.82,4776067,4347.22,654161,20015.97,2822883,11843.04,2328011,14370.5,558967
2025-12-22,geo_5,4500000,833337.97,99.973,51199.3,4337635,3902.2,608744,20511.94,2713415,12663.97,2321624,13682.36,533391
2023-01-02,geo_6,4000000,522149.06,107.608,12701.93,1046655,4366.99,701732,8050.02,891568,10973.27,2429534,12735.17,496462
2023-01-09,geo_6,4000000,534170.73,104.828,13200.3,1169722,3866.64,623549,6420.31,672230,10316.22,2022161,12339.8,477137
2023-01-16,geo_6,4000000,566535.15,104.86,11706.18,1037844,4342.61,696688,6578.46,799504,9697.56,2134690,11065.15,391073
2023-01-23,geo_6,4000000,530309.22,103.941,10019.31,762203,3360.19,559248,6186.71,707653,5906.86,1231152,12043.34,443096
2023-01-30,geo_6,4000000,559821.09,103.148,11249.43,1082276,3083.49,508306,6815.05,788795,3808.4,819665,30353.62,1032881
2023-02-06,geo_6,4000000,535684.6,103.292,8695.96,654048,3576.6,555687,12623.79,1585075,4031.15,919986,28676.66,966458
2023-02-13,geo_6,4000000,501555.27,103.494,11106.29,947214,3929.46,596318,20291.9,2472256,3643.15,686255,10465.33,395384
2023-02-20,geo_6,4000000,550350.21,102.639,11586.63,1016091,3836.9,626330,21201.18,2471580,4902.7,1054093,12223.34,436097
2023-02-27,geo_6,4000000,537231.38,103.898,9466.9,759766,3575.28,602076,7988.47,889817,5830.13,1190921,10463.14,386827
2023-03-06,geo_6,4000000,543688.56,100.62,9414.69,746465,3537.32,625406,17551.38,2142987,5149.48,979141,11970.01,406320
2023-03-13,geo_6,4000000,506015.05,100.581,9577.9,689239,3198.49,519847,14197.73,1683207,5539.43,1204875,9605.54,338025
2023-03-20,geo_6,4000000,553080.73,100.109,10166.27,774293,3308.19,528340,16059.69,1992741,5087.28,975264,19337.37,658572
2023-03-27,geo_6,4000000,580822.87,97.391,11865.12,960074,4140.37,615912,7701.82,928004,5379.42,1159296,22059.32,786174
2023-04-03,geo_6,4000000,596250.33,96.736,45016.79,4183418,4476.64,660019,6773.66,898274,5496.58,1029012,10107.82,387576
2023-04-10,geo_6,4000000,605076.49,94.784,42066.52,3310023,14735.25,2372167,5938.67,721376,5747.49,1269444,23852.95,841061
2023-04-17,geo_6,4000000,547715.52,97.256,43975.24,4129332,18501.55,2957615,6675.85,773294,5596.26,1089729,22678.75,862042
2023-04-24,geo_6,4000000,606307.68,96.303,53307.18,4618271,18325.33,3024476,5585.76,657517,5493.67,1044659,11030.08,391786
2023-05-01,geo_6,4000000,566372.09,95.509,10385.04,928935,13560.65,2312553,5622.54,667686,6949.5,1346046,10430.13,351321
2023-05-08,geo_6,4000000,592303.53,94.844,10025.08,847906,4290.7,669802,6698.29,765365,5420.37,1192555,10155.68,350014
2023-05-15,geo_6,4000000,606365.48,98.26,14970.07,1358851,4261.13,671549,15007.92,1645524,5521.99,1109335,9295.72,325637
2023-05-22,geo_6,4000000,542229.05,99.253,10259.77,863634,3733.79,570106,13505.3,1501386,11757.96,2391430,8480.55,287912
2023-05-29,geo_6,4000000,572122.89,97.387,12034.73,1033342,3862.36,673000,14520.08,1853974,12928.68,2551071,11631.76,486339
2023-06-05,geo_6,4000000,572902.06,97.928,47988.55,4187770,3574.24,588992,5936.07,778639,13500.51,3017328,8923.44,314641
2023-06-12,geo_6,4000000,579280.03,97.936,43532.98,3885920,3467.52,569034,6684.83,755230,6866.72,1380246,9086.69,350337
2023-06-19,geo_6,4000000,568517.12,98.839,42872.67,3668533,3704.41,570638,6743.66,861070,5401.05,1062257,10883.77,387708
2023-06-26,geo_6,4000000,556459.92,100.048,53580.15,4739082,4970.43,820663,6835.86,780174,5223.75,986050,11156.01,374164
2023-07-03,geo_6,4000000,577682.86,99.881,11393.74,950977,4410.12,708293,5790.1,616597,5429.48,1204443,10729.85,373875
2023-07-10,geo_6,4000000,504659.6,100.389,12038.71,1050547,3643.73,556551,5597.49,741702,4800.99,969162,10114.2,384853
2023-07-17,geo_6,4000000,566318.34,98.846,11040.79,1007125,3702.6,549685,7222.89,792654,5389.7,1097845,28275.51,1070916
2023-07-24,geo_6,4000000,542982.02,99.301,13327.77,1099267,4374.94,778525,5801.09,697004,3940.55,744104,19726.24,722693
2023-07-31,geo_6,4000000,502575.34,98.226,10087.34,855216,3550.83,610727,5369.07,602370,5748.5,1220812,13344.92,483743
2023-08-07,geo_6,4000000,530442.49,99.279,40950.43,3230196,3180.47,497688,17292.32,1934167,5824.08,1076265,11086.62,425233
2023-08-14,geo_6,4000000,536834.16,99.265,40269.76,3196893,13493.5,2207347,13054.36,1732994,6109.43,1243576,12454.68,427699
2023-08-21,geo_6,4000000,542759.17,99.36,45068.96,3971407,13264.67,2222148,18900.16,2078282,6821.84,1272718,12081.39,433849
2023-08-28,geo_6,4000000,540966.04,99.756,45945.29,3790416,15547.49,2422099,7753.23,888484,15378.86,3261829,11581.46,381515
2023-09-04,geo_6,4000000,505531.16,101.501,12232.05,1023682,15132.68,2518619,6994.86,882988,15974.17,3608730,10616.42,408991
2023-09-11,geo_6,4000000,440524.39,101.132,11099.14,897937,4426.22,694351,4463.77,567347,14264.35,2746354,12182.8,445933
2023-09-18,geo_6,4000000,467604.57,100.15,12774.5,1156199,3935.03,578206,6838.41,809361,6039.64,1157254,12580.35,485765
2023-09-25,geo_6,4000000,537887.97,100.342,40285.08,3469187,3206.59,534450,6969.42,843271,6608.72,1400504,10711.61,380039
2023-10-02,geo_6,4000000,530324.1,99.937,41045.35,3637755,4086.62,629761,15494.64,1850033,6870.94,1412746,13951.28,463989
2023-10-09,geo_6,4000000,520550.62,99.252,46991.56,3738486,14535.3,2021066,22034.29,2573300,15453.5,3194240,11950.64,426698
2023-10-16,geo_6,4000000,506993.51,96.455,44462.24,3843842,12376.89,1814286,14879.51,1858959,11071.75,2172179,11726.25,411712
2023-10-23,geo_6,4000000,540538.56,96.471,11362.76,973590,13862.72,2160649,6822.55,747153,11528.83,2390709,10233.37,374671
2023-10-30,geo_6,4000000,511709.06,96.954,12040.67,927838,11961.83,1906498,7501.72,856611,5535.39,1064378,24534.91,842487
2023-11-06,geo_6,4000000,573866.29,97.26,11712.0,939461,2834.3,452962,6227.95,822114,4968.2,1012869,28950.05,959206
2023-11-13,geo_6,4000000,462569.58,97.798,14074.2,1122857,3119.69,516087,7189.13,824668,5574.19,1043763,12810.57,489948
2023-11-20,geo_6,4000000,575902.71,98.021,14914.98,1303596,3965.1,644956,6257.98,789103,4840.93,931321,11608.71,419687
2023-11-27,geo_6,4000000,481844.59,98.478,15091.63,1187727,4154.22,668300,5779.05,652016,4782.5,954203,13138.21,473566
2023-12-04,geo_6,4000000,462471.3,96.735,13567.46,1042622,3204.38,499925,5692.92,731516,5050.58,993189,11618.0,403521
2023-12-11,geo_6,4000000,551886.22,94.1,11878.6,990675,3372.88,521415,6260.73,703711,6224.27,1329367,12694.61,432355
2023-12-18,geo_6,4000000,518893.87,95.166,10473.59,930898,2787.93,434007,5785.22,669235,6539.63,1298427,11060.95,400189
2023-12-25,geo_6,4000000,621464.78,93.66,9931.69,841991,3470.05,580680,6818.94,866010,6698.35,1248227,13033.45,454133
2024-01-01,geo_6,4000000,566346.35,95.572,9348.28,816779,2919.92,440915,6561.87,757681,6454.79,1246363,12814.56,475158
2024-01-08,geo_6,4000000,549650.88,95.712,12303.82,1056694,3678.77,593842,5506.84,661056,4034.28,829827,12837.91,430702
2024-01-15,geo_6,4000000,529241.57,97.616,14268.22,1238216,3706.85,580624,7987.24,890031,6162.72,1194657,12964.88,468023
2024-01-22,geo_6,4000000,589153.48,98.14,45154.53,3841992,3524.78,539280,17894.73,2025078,5379.3,1078702,13644.34,500765
2024-01-29,geo_6,4000000,650217.3,94.546,49023.36,3993099,11777.31,1957146,16386.33,1982064,4414.71,858894,12165.0,458227
2024-02-05,geo_6,4000000,618913.39,97.551,38502.52,3014673,11290.76,1795062,23745.28,2676533,4476.89,843863,13481.91,481676
2024-02-12,geo_6,4000000,608217.27,98.687,50231.14,4632223,12667.77,1863538,7003.82,829069,4532.76,874130,15407.18,570477
2024-02-19,geo_6,4000000,634498.11,97.339,11844.64,1050999,12754.33,1932184,7549.64,877445,4356.54,904003,13809.94,511871
2024-02-26,geo_6,4000000,597389.81,98.861,13177.18,1012160,4460.63,691048,7546.09,913037,5428.96,984069,13594.26,466158
2024-03-04,geo_6,4000000,584322.54,98.535,12530.65,1043941,2870.75,421613,6425.88,809866,4762.96,880996,13197.58,450282
2024-03-11,geo_6,4000000,590368.91,98.762,51634.43,3955252,3968.94,578703,7687.35,916331,5923.27,1122479,15537.66,597266
2024-03-18,geo_6,4000000,598294.38,96.312,49329.52,3858307,13484.21,2069106,7567.14,929680,5635.28,1153268,15538.8,577221
2024-03-25,geo_6,4000000,614544.93,95.428,50903.43,4152148,13555.49,2296269,16722.13,1924216,4063.13,829734,16539.05,605015
2024-04-01,geo_6,4000000,663787.84,93.703,66882.9,5562093,17500.03,2781205,18454.66,2176294,4637.26,900635,16550.87,569888
2024-04-08,geo_6,4000000,609778.22,94.773,14291.14,1175806,12927.19,2023264,19154.87,2208113,5500.74,1092120,14930.29,512423
2024-04-15,geo_6,4000000,607999.33,94.343,11223.12,866673,2503.46,382517,7016.88,836741,5147.21,1052045,13623.27,560773
2024-04-22,geo_6,4000000,547030.34,93.954,12821.17,1128024,2793.39,439317,4984.91,559648,11550.61,2395998,14659.39,553678
2024-04-29,geo_6,4000000,564825.94,93.592,12237.04,1044221,2915.99,462085,14657.96,1889439,11592.58,2364322,31089.02,1156959
2024-05-06,geo_6,4000000,614603.8,94.958,16922.43,1351027,2867.16,491697,15800.2,1933475,10840.85,2402889,31876.24,1141518
2024-05-13,geo_6,4000000,607071.42,98.007,10417.67,889064,2801.9,490056,19412.27,2308504,4615.19,903911,12748.59,444487
2024-05-20,geo_6,4000000,481520.2,99.992,13253.86,1089209,12846.64,1958566,6923.11,848862,13338.81,2565085,14520.96,574598
2024-05-27,geo_6,4000000,552783.94,101.212,14154.97,1146039,11175.75,1902837,6794.18,878962,12109.39,2468563,12674.81,448803
2024-06-03,geo_6,4000000,576347.35,100.71,15533.83,1523843,13592.44,1895870,5451.56,652131,10727.23,1957882,12764.45,419113
2024-06-10,geo_6,4000000,536841.29,102.725,14833.3,1298470,12650.26,2144791,6986.68,833936,3748.3,751374,12846.81,411562
2024-06-17,geo_6,4000000,527045.28,99.802,12038.99,1129559,2939.31,488690,8203.0,1017239,4729.93,980860,14850.99,543589
2024-06-24,geo_6,4000000,524639.28,100.949,10723.29,843350,2576.74,403341,6124.22,738697,4289.89,888276,13441.04,481135
2024-07-01,geo_6,4000000,541721.26,101.078,12672.24,1064178,2840.99,458429,5812.22,666603,8053.11,1686686,14836.06,494508
2024-07-08,geo_6,4000000,514824.13,102.071,12772.12,1052766,2590.01,420848,5765.33,702743,11059.64,2283751,14279.33,528327
2024-07-15,geo_6,4000000,510506.91,104.742,13093.69,1119412,3254.3,502865,6254.95,805559,9067.38,1789125,13023.4,469011
2024-07-22,geo_6,4000000,455690.62,104.604,12336.99,973657,2894.67,476599,5806.19,680196,4621.84,984495,12979.32,483551
2024-07-29,geo_6,4000000,438925.93,106.641,10642.92,879389,3165.04,537649,6338.72,756263,4907.26,953422,14858.6,530523
2024-08-05,geo_6,4000000,494188.08,104.445,13667.92,1165674,3829.54,594012,5355.89,630159,5590.79,1088221,14003.16,509512
2024-08-12,geo_6,4000000,495809.05,104.09,13564.26,1232324,2754.73,416630,5699.61,651114,4753.8,953799,14566.78,474977
2024-08-19,geo_6,4000000,515231.02,100.769,11808.83,995697,3182.91,509852,5749.06,609515,6474.6,1343959,13395.48,470950
2024-08-26,geo_6,4000000,515108.92,100.436,45714.4,4108887,3242.05,590818,5579.87,664676,5364.54,1075019,31408.56,1050278
2024-09-02,geo_6,4000000,516229.75,103.025,45637.36,3443909,12109.14,1955326,13391.48,1629184,6708.46,1218165,27757.38,961159
2024-09-09,geo_6,4000000,516650.97,103.303,42778.21,3906443,11652.49,1876463,19731.71,2459486,5690.52,1106393,10198.13,364438
2024-09-16,geo_6,4000000,523426.61,103.333,63747.93,5870441,16638.62,2521521,15989.08,1887434,5476.06,1095317,12399.56,426594
2024-09-23,geo_6,4000000,492916.43,101.778,10108.95,920398,12429.91,1965939,6835.2,838535,4737.62,954565,11577.44,385079
2024-09-30,geo_6,4000000,499449.72,100.701,9587.32,903277,3037.56,482747,4860.94,614834,6561.64,1411396,9931.89,355383
2024-10-07,geo_6,4000000,492522.45,100.875,11631.51,988723,3916.51,592990,5645.23,647048,6291.62,1318135,10156.56,409820
2024-10-14,geo_6,4000000,474869.6,100.276,9217.34,752663,3130.56,473647,5589.49,695712,12859.42,2676608,10872.09,406271
2024-10-21,geo_6,4000000,508334.2,96.385,10251.71,853200,13639.9,2171090,7589.45,821884,11683.28,2195423,8605.28,315570
2024-10-28,geo_6,4000000,519932.38,95.941,8900.31,703161,11937.53,1950984,6652.81,803804,11773.97,2144585,11488.7,407796
2024-11-04,geo_6,4000000,476406.56,99.402,9246.82,794523,11595.81,1856409,6017.81,734135,5039.8,1008655,9521.78,370519
2024-11-11,geo_6,4000000,478292.77,99.387,7905.0,656882,10560.12,1792268,6582.59,775303,5348.93,1256730,12503.05,453722
2024-11-18,geo_6,4000000,510539.74,98.569,10941.97,841196,4266.54,717295,6121.35,698057,4777.86,969629,12761.75,451365
2024-11-25,geo_6,4000000,610528.6,97.272,13574.15,984256,4089.03,653257,15305.28,1775483,4702.36,863296,9848.71,330870
2024-12-02,geo_6,4000000,530784.93,97.205,11610.16,1001496,11508.93,1821265,12604.67,1428336,5367.61,1169918,11087.94,367042
2024-12-09,geo_6,4000000,622397.31,95.56,46507.57,3863116,13671.16,2243866,11077.3,1267875,4609.84,986533,11613.27,417501
2024-12-16,geo_6,4000000,563041.61,96.654,51307.7,4464352,13040.93,1894374,5606.61,662821,4631.1,880527,11381.56,413357
2024-12-23,geo_6,4000000,648939.49,98.404,50316.93,4627837,13240.61,2153414,5486.66,726372,5289.31,1123155,10338.84,380088
2024-12-30,geo_6,4000000,607220.45,96.963,38725.66,3347258,2902.54,442920,5659.19,751462,13082.39,2621469,12497.76,518832
2025-01-06,geo_6,4000000,581109.06,98.955,9789.61,725855,3325.49,556359,6952.01,849367,11972.83,2642366,11282.12,376232
2025-01-13,geo_6,4000000,581338.34,96.174,10356.95,971613,3681.96,520599,14857.61,1909148,12485.52,2790855,9457.87,318821
2025-01-20,geo_6,4000000,665011.27,94.5,12904.12,1266696,5072.24,791189,15323.61,1861251,5465.11,1115635,23017.09,721384
2025-01-27,geo_6,4000000,626570.56,93.847,10620.52,869533,3332.21,562073,14768.15,1619659,5241.97,1110910,21952.03,846179
2025-02-03,geo_6,4000000,562372.49,95.548,11756.36,945123,3536.05,600957,5062.6,549145,5258.59,1126567,11031.61,393589
2025-02-10,geo_6,4000000,606750.82,95.025,12440.4,927280,3596.83,638905,5404.25,611247,5424.77,1132138,11738.61,396947
2025-02-17,geo_6,4000000,592061.28,96.211,12727.04,1087185,3883.19,691082,5514.64,638910,4789.92,910310,9235.42,328527
2025-02-24,geo_6,4000000,580096.79,98.1,12422.7,1020948,3414.74,549142,5979.73,764603,11021.41,2166222,10414.01,359274
2025-03-03,geo_6,4000000,594488.98,97.46,10679.53,885682,3142.97,494163,7091.03,849866,12638.38,2652377,21793.91,826751
2025-03-10,geo_6,4000000,580246.05,96.259,13698.49,1258328,4227.0,649602,15070.81,1824391,12439.75,2243430,21421.3,780405
2025-03-17,geo_6,4000000,541893.93,97.38,10967.58,964144,3097.99,475069,15027.1,1916608,6162.66,1095358,12543.1,449547
2025-03-24,geo_6,4000000,680679.83,94.563,61611.16,5653582,4621.59,691775,12734.76,1601756,6421.42,1200153,12817.96,481892
2025-03-31,geo_6,4000000,602452.12,96.647,49631.86,4532502,12721.03,2170054,7005.67,787262,6024.86,1214336,9081.69,325782
2025-04-07,geo_6,4000000,582857.64,98.327,48786.74,4541047,13449.78,2011661,6158.97,691822,5093.75,1017506,13308.68,510751
2025-04-14,geo_6,4000000,608425.62,96.575,43248.79,3696464,12576.02,1867002,4867.15,570245,4882.2,1092429,13746.21,505809
2025-04-21,geo_6,4000000,618627.25,95.35,11765.44,976874,11241.68,1505723,6703.91,807972,4766.56,870020,11086.56,407954
2025-04-28,geo_6,4000000,600173.49,95.416,9847.38,769690,3929.43,572412,6831.88,718700,5648.42,1112844,13176.99,466091
2025-05-05,geo_6,4000000,568548.46,98.067,9360.2,865570,2648.71,406802,17431.81,2261602,6169.13,1238925,11172.46,384759
2025-05-12,geo_6,4000000,678394.44,98.857,48010.16,4172261,3226.16,504611,16969.28,2131831,4923.18,1014900,11663.05,424035
2025-05-19,geo_6,4000000,614255.78,96.997,44396.86,3994703,12970.06,2091060,14000.78,1793135,5197.27,970394,9777.37,359073
2025-05-26,geo_6,4000000,576541.3,95.972,39123.58,3061952,8343.69,1265217,5978.76,659000,5470.91,998388,12413.38,463100
2025-06-02,geo_6,4000000,624231.93,98.559,35380.02,2907984,10023.96,1773485,5305.64,611399,5337.34,1164698,10065.27,361152
2025-06-09,geo_6,4000000,534729.74,102.774,12240.77,1021347,13391.61,2097868,5988.37,671163,5517.14,1139329,9969.85,408894
2025-06-16,geo_6,4000000,599647.91,101.153,10967.48,795266,3320.68,486260,7046.59,813134,5097.12,972019,12409.19,439066
2025-06-23,geo_6,4000000,550983.94,104.736,11762.39,1105459,3641.57,543284,7336.42,913233,4930.49,982665,13570.05,458676
2025-06-30,geo_6,4000000,542660.29,103.392,12526.97,1083989,3396.63,510824,6095.98,700307,4885.03,938591,11273.09,411359
2025-07-07,geo_6,4000000,551981.87,101.257,12553.46,990575,3502.54,586617,7500.67,980787,5977.65,1231465,12732.83,477511
2025-07-14,geo_6,4000000,607724.48,99.893,8463.8,692164,2680.04,503235,6183.96,825743,4896.69,1096189,14196.43,542717
2025-07-21,geo_6,4000000,500496.28,102.183,7829.33,627121,3438.12,567688,4900.25,556853,5415.59,1100662,12320.32,422491
2025-07-28,geo_6,4000000,602621.18,99.421,49677.29,4144858,4222.31,738772,7881.29,841374,4754.98,961410,28775.33,977997
2025-08-04,geo_6,4000000,569404.9,97.737,34713.17,2753046,11338.15,1672167,7706.84,1096421,5557.22,1092444,28660.16,1093003
2025-08-11,geo_6,4000000,567286.65,97.823,51117.81,4271313,15252.83,2406147,21362.25,2761238,12138.43,2296583,11115.81,380799
2025-08-18,geo_6,4000000,590844.15,97.38,49736.54,4715353,15337.9,2564822,17476.62,1958487,10965.56,2002329,10348.62,347553
2025-08-25,geo_6,4000000,583552.73,97.839,11719.75,1004977,15700.06,2340991,16593.79,1943740,11694.32,2431258,10390.71,345349
2025-09-01,geo_6,4000000,599959.48,97.701,45953.78,3766103,3360.16,558344,6173.15,715873,7019.72,1477595,23879.7,913135
2025-09-08,geo_6,4000000,571359.14,96.581,37346.35,3231873,3494.68,593215,18016.19,2238305,5517.9,1100854,29309.75,956865
2025-09-15,geo_6,4000000,550244.93,96.264,45948.47,3723402,3294.77,570837,17703.99,2199828,6273.6,1312550,14529.82,545468
2025-09-22,geo_6,4000000,546617.5,98.733,44905.84,3437996,3816.66,600647,18039.75,2232301,5156.82,1233859,10805.5,396194
2025-09-29,geo_6,4000000,530282.44,99.776,11659.07,1012497,4833.64,783634,7260.41,916647,6146.54,1241077,15865.98,582468
2025-10-06,geo_6,4000000,526675.32,99.787,13871.0,1098484,5088.47,748867,5832.37,706505,13086.38,2719863,11112.85,401258
2025-10-13,geo_6,4000000,523829.06,99.007,11406.57,948920,3792.42,644502,16203.23,1952707,17658.93,3376864,12089.78,405353
2025-10-20,geo_6,4000000,497085.57,99.403,12748.78,1077145,3607.61,570404,18035.03,1949563,13279.73,2824893,11950.12,428151
2025-10-27,geo_6,4000000,529268.46,98.897,59320.43,4472789,4760.09,772293,16855.3,2096763,6963.72,1390124,15408.41,588692
2025-11-03,geo_6,4000000,597863.86,98.599,45408.65,3657154,14759.91,2492913,7959.51,948089,8184.85,1720182,24739.36,838422
2025-11-10,geo_6,4000000,539864.34,100.239,45258.54,3762955,14552.17,2369806,11634.57,1418274,17046.94,3361691,28923.49,1037328
2025-11-17,geo_6,4000000,591485.67,96.998,43773.19,3687028,15326.59,2296174,16078.27,1837739,14484.83,2900132,14032.46,448192
2025-11-24,geo_6,4000000,662924.99,96.633,9692.51,839207,13717.38,2175746,14316.29,1534809,12256.8,2594817,12582.86,414466
2025-12-01,geo_6,4000000,617508.05,97.757,36508.03,2989594,3056.27,514730,6238.59,814221,6930.04,1242769,12848.18,464377
2025-12-08,geo_6,4000000,592552.28,97.729,49756.38,4464145,3924.22,581809,14924.25,1835861,17752.27,3344690,10972.07,400480
2025-12-15,geo_6,4000000,626493.71,98.409,49858.07,4151072,4415.17,680529,14149.53,1646639,13124.55,2674723,12040.19,430631
2025-12-22,geo_6,4000000,661081.07,99.973,46049.39,3852819,3775.5,562181,14597.1,1728174,13436.9,2561889,11325.04,435628
2023-01-02,geo_7,3500000,427339.23,107.608,12674.79,1036538,3479.63,653750,6588.99,926018,12756.15,2111371,9089.14,335030
2023-01-09,geo_7,3500000,449639.24,104.828,14354.62,1110255,3170.17,521737,4876.03,629978,12141.86,2398251,9525.96,389384
2023-01-16,geo_7,3500000,406077.97,104.86,12381.12,837305,3693.31,635566,5252.34,717440,12491.79,2441523,8041.2,300142
2023-01-23,geo_7,3500000,438419.51,103.941,10674.08,863671,3142.1,565807,5297.25,637216,7723.41,1587075,9142.53,324131
2023-01-30,geo_7,3500000,447361.11,103.148,11624.31,933912,2810.77,480753,5111.72,625889,5058.15,1104894,26335.11,1067585
2023-02-06,geo_7,3500000,445644.08,103.292,8806.89,658393,3361.33,605945,10530.04,1260106,4188.51,923797,24304.14,822834
2023-02-13,geo_7,3500000,441409.31,103.494,11678.88,857447,3361.63,638224,15646.29,2022654,4121.88,887364,9226.42,327914
2023-02-20,geo_7,3500000,462041.63,102.639,11184.18,821938,3622.25,622434,15734.83,2056665,5240.86,993509,11557.39,424295
2023-02-27,geo_7,3500000,496994.93,103.898,9107.57,703767,3644.96,661224,6218.21,856050,5548.86,1095834,10713.34,430042
2023-03-06,geo_7,3500000,475587.57,100.62,8812.81,671753,3573.01,641332,13992.93,1858713,4805.34,1034993,11932.03,462737
2023-03-13,geo_7,3500000,443287.83,100.581,8909.04,632422,3163.69,591907,10785.8,1325011,4707.53,1013430,9837.37,392094
2023-03-20,geo_7,3500000,424029.81,100.109,9157.14,704830,3059.87,534544,11651.69,1564146,4653.55,820048,20208.46,780049
2023-03-27,geo_7,3500000,500400.81,97.391,10201.37,808141,3481.52,582401,5232.72,772945,4894.9,1038737,24254.67,795894
2023-04-03,geo_7,3500000,497616.61,96.736,35548.95,2800742,3777.98,692433,4640.43,679779,4764.33,884633,11558.42,417319
2023-04-10,geo_7,3500000,515048.86,94.784,35516.14,2753116,11748.01,2190672,3747.65,517146,5175.51,965373,27168.04,962418
2023-04-17,geo_7,3500000,516005.67,97.256,37214.82,2755080,14792.97,2412178,4184.81,511983,5144.72,1056148,28445.4,973843
2023-04-24,geo_7,3500000,514577.85,96.303,46634.89,3600674,16716.63,2597256,3528.39,430486,5239.33,1105814,11913.12,431056
2023-05-01,geo_7,3500000,447293.85,95.509,9470.82,736795,11209.51,2038989,3662.21,403060,5861.25,1372576,11777.97,441941
2023-05-08,geo_7,3500000,505250.95,94.844,8984.07,696769,3540.61,645693,4345.38,555101,4852.83,1102576,12169.01,465519
2023-05-15,geo_7,3500000,503716.77,98.26,12096.0,948475,3335.05,605467,9841.09,1247710,4598.4,945185,11685.79,446734
2023-05-22,geo_7,3500000,453375.92,99.253,9204.38,730553,2733.37,448705,9557.86,1248297,10257.08,1899582,10220.52,359193
2023-05-29,geo_7,3500000,452699.17,97.387,11424.92,885479,3020.59,512583,10299.31,1334927,10260.8,2438313,12773.13,463575
2023-06-05,geo_7,3500000,508180.24,97.928,47500.1,3676760,2860.01,495088,4386.85,574998,10538.62,2180553,9748.47,328194
2023-06-12,geo_7,3500000,499603.01,97.936,41509.1,3616257,3016.97,479414,5250.4,653547,5238.81,1127751,10126.82,382549
2023-06-19,geo_7,3500000,494523.59,98.839,40562.38,2967221,3093.57,525215,5602.27,724311,4539.16,908414,11655.83,497362
2023-06-26,geo_7,3500000,515848.27,100.048,48447.71,3772341,4171.54,693197,5303.48,665304,4624.39,1019955,11988.54,430998
2023-07-03,geo_7,3500000,502972.67,99.881,11059.75,899921,3605.69,625349,4438.37,550333,4498.87,847819,11150.95,430192
2023-07-10,geo_7,3500000,495699.4,100.389,11422.41,837409,3004.28,584779,4508.39,591186,3970.97,859263,9740.28,344342
2023-07-17,geo_7,3500000,459568.82,98.846,11004.78,779131,3102.2,499432,5792.21,767471,4469.73,881204,26277.4,946844
2023-07-24,geo_7,3500000,467661.49,99.301,12914.27,890970,3723.03,671283,4749.41,578733,3561.74,755354,17962.8,671717
2023-07-31,geo_7,3500000,439457.44,98.226,9142.32,677419,2628.85,490706,4554.59,579545,4897.34,1000374,11596.08,439874
2023-08-07,geo_7,3500000,467378.03,99.279,34191.85,2841677,2539.07,487498,13739.61,1654971,5221.78,1111743,8981.02,323403
2023-08-14,geo_7,3500000,443281.48,99.265,39816.35,3054474,10111.2,1731703,10799.76,1436959,4677.97,1010147,10282.31,419345
2023-08-21,geo_7,3500000,480141.9,99.36,43269.95,3335921,10353.27,1916331,14706.95,1958163,5390.04,1152351,10482.31,359636
2023-08-28,geo_7,3500000,466736.86,99.756,43172.75,3563832,11444.39,1795512,6058.13,836535,11239.16,2472868,9851.21,395068
2023-09-04,geo_7,3500000,416449.59,101.501,11023.64,855925,11359.61,1995273,5470.03,718982,12258.23,2545694,10377.83,400236
2023-09-11,geo_7,3500000,424430.08,101.132,9788.85,718269,3299.36,525928,3392.85,413751,11348.97,2576307,11025.19,428834
2023-09-18,geo_7,3500000,438780.89,100.15,10958.05,866466,3046.21,559333,5324.19,702813,4440.69,873260,11239.22,421563
2023-09-25,geo_7,3500000,438339.74,100.342,38594.39,2905623,2566.3,478252,5325.85,666111,4794.56,972688,10123.99,396162
2023-10-02,geo_7,3500000,449230.58,99.937,39264.31,3071831,3232.42,543823,13794.66,1938191,4713.43,948240,12448.54,457878
2023-10-09,geo_7,3500000,453451.86,99.252,40205.86,3358829,11934.9,1982702,18134.05,2061976,11029.06,2209776,11229.01,451030
2023-10-16,geo_7,3500000,507120.58,96.455,37786.33,2599258,10972.73,2195144,12501.27,1506127,9002.1,2033580,11251.12,409145
2023-10-23,geo_7,3500000,451981.36,96.471,9675.38,737980,12362.01,2171375,5177.31,625313,9351.72,1880815,9787.48,355208
2023-10-30,geo_7,3500000,450530.92,96.954,9621.21,668078,11326.38,2176109,6390.51,761293,3842.89,827427,23426.63,869591
2023-11-06,geo_7,3500000,447942.69,97.26,9291.46,739162,2852.03,507170,5601.86,722593,3545.62,739643,24621.26,898265
2023-11-13,geo_7,3500000,450522.77,97.798,11039.19,943909,3062.62,547670,6507.64,730586,4107.75,799145,10892.59,390456
2023-11-20,geo_7,3500000,511407.22,98.021,11251.58,948796,3673.49,667287,5883.05,769482,4386.57,1001012,10751.15,402561
2023-11-27,geo_7,3500000,448043.63,98.478,12029.49,925150,3914.76,777941,5141.65,632228,4190.15,859846,11509.67,400375
2023-12-04,geo_7,3500000,443515.27,96.735,10423.91,813234,3103.67,526039,5409.89,696259,4869.33,1069206,10202.55,426081
2023-12-11,geo_7,3500000,484934.4,94.1,9961.19,785902,3158.82,538027,5817.39,694149,5555.28,1145879,11640.59,459242
2023-12-18,geo_7,3500000,481642.22,95.166,9643.0,690690,2459.72,430606,5617.09,766592,5350.9,1112533,11163.05,417810
2023-12-25,geo_7,3500000,561433.01,93.66,10158.39,806353,3250.89,602984,6404.23,897364,5724.44,1201490,13696.34,515100
2024-01-01,geo_7,3500000,510798.07,95.572,9141.98,717101,2594.36,468272,6210.32,783530,5735.68,1318383,13414.41,514463
2024-01-08,geo_7,3500000,469252.46,95.712,11800.43,931827,3352.09,647157,4794.19,604930,3547.87,799652,12550.91,466912
2024-01-15,geo_7,3500000,484227.54,97.616,13500.27,996765,3267.68,663872,6963.92,897441,5737.38,1216089,12389.39,449934
2024-01-22,geo_7,3500000,540892.15,98.14,45365.29,3473365,2716.61,490498,13777.88,1768045,4545.93,869159,12371.06,468971
2024-01-29,geo_7,3500000,547826.11,94.546,43236.41,2973743,8426.04,1421189,12165.47,1627806,3736.55,731145,10737.6,367167
2024-02-05,geo_7,3500000,518745.7,97.551,32352.25,2269696,8860.49,1444757,18948.98,2348622,4224.79,818715,10296.07,396327
2024-02-12,geo_7,3500000,529481.92,98.687,41852.88,3136654,9814.31,1700479,6244.26,733629,4293.08,932268,10755.34,408935
2024-02-19,geo_7,3500000,509182.66,97.339,9529.15,720523,10638.05,1830861,6306.47,818742,4071.06,846975,10334.36,403661
2024-02-26,geo_7,3500000,528137.19,98.861,9218.41,668402,3503.47,626874,6940.45,955068,5001.89,1010651,10539.16,420784
2024-03-04,geo_7,3500000,522166.93,98.535,8159.03,571125,2284.54,393677,4953.8,622618,4324.18,808924,10007.46,389168
2024-03-11,geo_7,3500000,551941.95,98.762,33440.76,2645602,3232.72,529204,5786.24,784996,5312.71,1143816,11255.43,443332
2024-03-18,geo_7,3500000,545365.56,96.312,34067.23,2650388,10584.73,1985769,6409.8,849856,4797.44,994146,10470.1,406241
2024-03-25,geo_7,3500000,550014.69,95.428,34388.54,2543830,10541.68,1864866,13989.56,1844719,3162.63,689494,10991.84,378882
2024-04-01,geo_7,3500000,562547.46,93.703,49138.09,3503745,12851.69,2352735,14992.17,2151514,3355.12,753358,12826.39,442848
2024-04-08,geo_7,3500000,547603.94,94.773,10176.04,773955,10615.62,1868645,16041.17,1774025,4078.15,857261,12107.16,482546
2024-04-15,geo_7,3500000,533069.69,94.343,7850.09,667540,2208.88,370324,6021.88,813741,4007.61,839935,11131.55,421064
2024-04-22,geo_7,3500000,511902.97,93.954,8561.49,659018,2811.4,473952,4392.62,557731,9137.83,1839999,12556.97,445228
2024-04-29,geo_7,3500000,521674.69,93.592,8509.47,642367,2880.04,513108,13090.67,1683831,9159.47,1928296,26656.36,1036898
2024-05-06,geo_7,3500000,445317.55,94.958,12209.25,965286,2738.71,452923,14245.32,2045067,8375.35,1514131,29921.89,1215594
2024-05-13,geo_7,3500000,505313.69,98.007,7975.76,581358,2740.21,486301,15761.0,2108605,3590.72,665879,12652.53,478013
2024-05-20,geo_7,3500000,464689.35,99.992,10269.93,733138,11056.86,2063706,6149.28,801123,10275.93,1996269,13227.04,484213
2024-05-27,geo_7,3500000,472494.15,101.212,10605.61,771863,9835.66,1702593,6266.37,805504,9990.01,2052942,11165.1,391230
2024-06-03,geo_7,3500000,495546.9,100.71,12354.7,864601,12346.19,2127161,5129.71,562947,9240.13,1834950,11414.69,419893
2024-06-10,geo_7,3500000,483682.44,102.725,12185.07,868873,11859.96,2066706,6389.87,786542,3612.15,692022,10242.53,369501
2024-06-17,geo_7,3500000,491421.99,99.802,9924.22,776928,2714.85,474283,8057.67,1053366,4945.93,1030637,12858.37,455614
2024-06-24,geo_7,3500000,437040.75,100.949,8493.0,629034,2492.54,478444,5842.02,801122,4784.19,916382,11167.17,403437
2024-07-01,geo_7,3500000,459419.23,101.078,8977.5,731477,2637.29,519399,5590.18,686047,8172.67,1809572,11607.93,439691
2024-07-08,geo_7,3500000,426809.74,102.071,9726.44,735778,2484.85,476239,5819.92,693004,10499.39,1908963,12393.94,460953
2024-07-15,geo_7,3500000,427308.27,104.742,10442.32,713396,3121.89,529175,5909.6,826750,8347.44,1806769,10760.69,385113
2024-07-22,geo_7,3500000,408777.09,104.604,10274.49,819629,2749.47,459675,5101.03,588282,4286.58,939847,9599.64,362470
2024-07-29,geo_7,3500000,375553.79,106.641,9560.45,760119,2777.01,470534,5141.96,656020,4252.91,880539,13142.18,532610
2024-08-05,geo_7,3500000,430910.81,104.445,11364.14,924467,3199.86,549929,4251.95,559840,4724.09,935505,11973.14,446422
2024-08-12,geo_7,3500000,415499.17,104.09,11316.85,893439,2427.68,463061,4521.77,589631,3745.37,760400,11438.68,380649
2024-08-19,geo_7,3500000,426516.75,100.769,10349.15,836409,3042.2,504857,5126.99,553910,5146.49,1031598,10465.93,369398
2024-08-26,geo_7,3500000,447692.16,100.436,41440.59,3410776,3173.64,602217,4903.04,599388,4162.17,830138,24181.66,958045
2024-09-02,geo_7,3500000,447972.16,103.025,41176.18,3108306,11487.31,2034071,11563.16,1498237,5142.53,982638,21238.73,776861
2024-09-09,geo_7,3500000,464697.68,103.303,38014.24,2958494,10496.08,1925012,17148.47,2042795,4487.14,877365,8430.33,317533
2024-09-16,geo_7,3500000,491929.89,103.333,58210.82,4106779,14195.16,2380962,13789.72,1657021,4152.27,862570,10121.21,379927
2024-09-23,geo_7,3500000,479850.98,101.778,10215.84,867214,11088.3,2033221,5694.75,690279,3705.58,788149,9938.73,388410
2024-09-30,geo_7,3500000,447864.05,100.701,9792.18,767229,2538.88,498719,4206.0,500331,5501.12,1106087,9134.06,360303
2024-10-07,geo_7,3500000,390739.95,100.875,12296.79,924462,3576.6,671831,5209.24,650618,5351.57,1124702,9440.0,330834
2024-10-14,geo_7,3500000,466464.58,100.276,10257.82,900646,2716.34,463077,5355.95,681824,10525.05,1925413,10833.74,373026
2024-10-21,geo_7,3500000,438681.37,96.385,10544.56,736052,11319.91,2062902,6972.15,886793,9666.98,1935523,8200.47,338970
2024-10-28,geo_7,3500000,476899.53,95.941,8218.29,675317,9195.4,1658247,5797.55,729725,9762.71,1850720,10809.44,366985
2024-11-04,geo_7,3500000,405884.38,99.402,9186.81,659839,9004.13,1613140,5138.83,702738,4388.74,921200,9696.66,352028
2024-11-11,geo_7,3500000,419737.02,99.387,7761.95,568851,8093.3,1456242,5397.81,711968,4425.84,829065,12358.45,490385
2024-11-18,geo_7,3500000,419486.41,98.569,10096.95,821128,3302.44,610844,5561.46,693615,3865.98,830392,13680.14,515784
2024-11-25,geo_7,3500000,538677.91,97.272,11147.82,766831,3494.64,612012,15056.09,1803908,3816.47,831350,10531.05,360372
2024-12-02,geo_7,3500000,468233.18,97.205,9445.4,814732,10116.99,1812523,11750.13,1391202,4365.39,931963,10888.71,445417
2024-12-09,geo_7,3500000,496509.44,95.56,36178.62,2609497,11314.38,2141104,10760.04,1353572,3966.58,790559,11934.07,483139
2024-12-16,geo_7,3500000,515952.72,96.654,38575.18,3054962,9714.37,1758850,5933.59,839458,3948.51,764619,11604.0,472889
2024-12-23,geo_7,3500000,609989.09,98.404,42082.41,3059970,10245.63,1663517,5969.22,731645,4622.23,859417,10302.77,379087
2024-12-30,geo_7,3500000,602437.2,96.963,35695.55,2938744,2170.31,401921,5822.6,688606,11448.55,2425542,12841.47,521441
2025-01-06,geo_7,3500000,545794.54,98.955,8691.94,677314,2658.69,471607,6962.27,855852,10362.84,2018994,10982.52,388642
2025-01-13,geo_7,3500000,503740.24,96.174,9092.91,690416,3077.13,590696,14684.63,1624110,11029.75,2244891,9751.87,352747
2025-01-20,geo_7,3500000,540783.5,94.5,11721.49,969073,4236.03,756998,15306.1,2024898,4945.85,1020043,24015.02,847293
2025-01-27,geo_7,3500000,536437.71,93.847,8472.83,604172,2879.77,464749,13960.12,1674746,4874.54,965540,20422.58,810978
2025-02-03,geo_7,3500000,530050.34,95.548,9823.89,724674,3193.96,531614,4808.42,673452,5176.41,1108457,10985.18,455010
2025-02-10,geo_7,3500000,491099.23,95.025,9325.68,707991,3581.9,659860,4784.93,645008,5227.19,1018682,12014.87,481723
2025-02-17,geo_7,3500000,511811.83,96.211,9445.32,768715,3755.33,701674,4960.15,595028,4313.72,930649,9825.1,355221
2025-02-24,geo_7,3500000,497148.67,98.1,9695.81,739599,3452.68,643578,5517.44,700706,9212.82,1860222,10794.05,408453
2025-03-03,geo_7,3500000,511369.97,97.46,9368.31,664974,3197.72,576761,6786.59,916068,10519.88,2081467,20072.58,798062
2025-03-10,geo_7,3500000,538722.06,96.259,12130.59,866798,4393.88,722412,13858.64,1901331,10445.49,2264989,21077.88,800190
2025-03-17,geo_7,3500000,473532.51,97.38,8990.05,630032,3166.48,555428,12687.68,1376211,5158.0,919291,12080.96,458007
2025-03-24,geo_7,3500000,539660.64,94.563,47697.43,3671755,4428.85,759593,11154.5,1494277,5183.7,1013748,11259.95,441862
2025-03-31,geo_7,3500000,501695.08,96.647,39719.97,3182108,12057.85,2225544,5904.63,741075,4731.69,921308,8363.49,325130
2025-04-07,geo_7,3500000,550302.74,98.327,44903.92,3286069,12606.46,2432287,5034.24,564694,4060.34,939032,11451.12,470913
2025-04-14,geo_7,3500000,504170.7,96.575,34126.46,2695554,11264.83,2091772,3772.02,490097,3835.12,733817,10681.12,396893
2025-04-21,geo_7,3500000,546968.28,95.35,9496.88,706526,10021.75,1797841,5201.27,743732,3534.82,717681,8322.64,310946
2025-04-28,geo_7,3500000,514473.5,95.416,7703.13,580592,3425.91,577990,5475.53,701766,4687.26,966942,9966.45,373799
2025-05-05,geo_7,3500000,523992.93,98.067,8157.35,626035,2385.92,437707,12672.92,1573322,5033.65,1110459,8908.66,318754
2025-05-12,geo_7,3500000,526597.94,98.857,40346.5,3219859,2776.21,529292,11851.11,1462695,4443.76,839079,10397.16,398783
2025-05-19,geo_7,3500000,547427.79,96.997,37389.84,2680156,12190.1,2087119,10187.94,1388497,4840.47,968779,7820.17,300834
2025-05-26,geo_7,3500000,531661.82,95.972,34104.81,2373144,7954.17,1401002,4406.55,593742,4979.95,970447,10591.61,392946
2025-06-02,geo_7,3500000,538331.98,98.559,28772.03,2256446,8745.82,1706190,4017.19,467797,4935.69,982309,7643.65,324625
2025-06-09,geo_7,3500000,506655.57,102.774,9754.68,693758,11394.82,1954636,4419.88,538175,5423.4,1129770,7844.2,269748
2025-06-16,geo_7,3500000,440788.36,101.153,8993.63,643966,2685.88,466530,4839.82,635430,4408.12,923474,10006.99,391479
2025-06-23,geo_7,3500000,506077.05,104.736,9508.21,708893,2972.03,517037,4582.27,538443,4580.78,895947,11659.66,462837
2025-06-30,geo_7,3500000,479708.28,103.392,9650.68,756232,2870.17,531834,3931.77,503636,4529.05,916025,10091.15,355970
2025-07-07,geo_7,3500000,482753.07,101.257,10616.85,804006,3006.67,499688,5346.47,688040,5869.36,1255476,11291.2,411130
2025-07-14,geo_7,3500000,474872.28,99.893,7218.42,526226,2321.99,450084,4809.92,585246,5119.28,1067983,11976.23,413686
2025-07-21,geo_7,3500000,440565.29,102.183,6678.27,486002,2699.53,490370,3791.01,511191,5655.13,1210253,10720.33,394181
2025-07-28,geo_7,3500000,502515.35,99.421,42053.6,3381033,3286.41,551224,6039.42,808466,4716.25,943054,26546.99,919881
2025-08-04,geo_7,3500000,494396.42,97.737,30067.83,2271034,8075.41,1311487,5772.84,726085,5697.98,1277670,26640.55,984015
2025-08-11,geo_7,3500000,522479.01,97.823,42456.67,3348683,10868.18,2031279,14402.17,1914828,11870.7,2600188,10163.69,405721
2025-08-18,geo_7,3500000,532348.24,97.38,38699.04,3017609,11950.76,1947844,11530.31,1370952,10764.02,2322988,9932.22,401704
2025-08-25,geo_7,3500000,459871.91,97.839,8799.08,651962,11587.46,2047726,11238.39,1462688,10579.23,2093311,10512.83,460575
2025-09-01,geo_7,3500000,538176.4,97.701,34002.41,2621714,2409.98,410592,4160.54,529698,5796.86,1233537,22902.51,850494
2025-09-08,geo_7,3500000,484239.27,96.581,28164.66,2187615,2299.35,388012,13054.47,1642238,4499.21,893438,27007.49,939418
2025-09-15,geo_7,3500000,543534.15,96.264,33673.04,2416799,2067.75,356203,13555.47,1765577,4963.76,1041682,13982.15,512525
2025-09-22,geo_7,3500000,483599.82,98.733,32623.48,2340312,2607.25,467477,14112.46,1675856,4115.35,774584,9593.58,357275
2025-09-29,geo_7,3500000,455692.87,99.776,9329.9,724098,3416.09,657217,5683.75,751172,4842.28,999184,13732.02,497915
2025-10-06,geo_7,3500000,394537.85,99.787,10968.13,807093,3501.45,592166,4786.9,602964,9890.83,1858513,8813.28,342905
2025-10-13,geo_7,3500000,429826.76,99.007,8477.4,698141,2484.14,431731,13466.33,1812596,13186.25,2807239,9275.43,357174
2025-10-20,geo_7,3500000,446666.43,99.403,10170.21,744435,2485.75,440317,14128.45,1854165,8987.12,1941907,9365.67,353892
2025-10-27,geo_7,3500000,467656.93,98.897,48084.81,3715266,3202.46,565519,13268.24,1593746,4749.34,1000816,12520.79,473310
2025-11-03,geo_7,3500000,482671.18,98.599,35908.65,2684806,10168.25,1832066,6154.67,803732,5700.92,1050505,18869.81,731036
2025-11-10,geo_7,3500000,524631.91,100.239,37425.16,2843293,11184.43,2055894,9671.77,1223480,12626.83,2637824,22780.87,946728
2025-11-17,geo_7,3500000,479556.83,96.998,35264.63,2692252,11911.47,2331811,13472.98,1833764,11511.99,2145048,10479.43,400576
2025-11-24,geo_7,3500000,624576.9,96.633,8048.01,620036,9844.78,1847472,12639.2,1615767,9580.19,1961599,9697.7,364334
2025-12-01,geo_7,3500000,545020.42,97.757,30150.65,2490922,2090.17,354709,5351.03,721043,5608.18,1157426,9663.24,376936
2025-12-08,geo_7,3500000,488329.27,97.729,36829.29,2799048,2677.48,424581,13341.36,1701038,12925.64,2611429,8512.6,323004
2025-12-15,geo_7,3500000,507103.36,98.409,43848.55,3444684,3084.03,483808,13122.74,1688224,10718.42,2039363,9268.44,366329
2025-12-22,geo_7,3500000,618096.49,99.973,40113.26,3544730,2725.09,484800,14362.98,1856467,11383.02,2312056,8887.41,347751
2023-01-02,geo_8,2500000,315823.63,107.608,7811.39,669853,3247.44,659631,4698.0,834631,8532.91,2104250,6948.24,246113
2023-01-09,geo_8,2500000,310039.9,104.828,8882.53,787428,2718.65,472145,3820.53,605003,8178.27,2295489,6896.27,260899
2023-01-16,geo_8,2500000,345202.44,104.86,8192.52,754447,2856.99,580519,3911.12,544349,8028.88,1881886,5648.6,233482
2023-01-23,geo_8,2500000,336040.29,103.941,7016.72,682447,2410.1,443852,3714.47,592118,4932.64,1164393,6515.62,245661
2023-01-30,geo_8,2500000,373890.78,103.148,7782.49,796904,2072.75,357188,4316.9,628113,3544.33,791141,18382.59,733850
2023-02-06,geo_8,2500000,342198.45,103.292,6266.57,609076,2466.33,423096,8376.74,1280794,3506.78,875645,17563.22,711043
2023-02-13,geo_8,2500000,329147.42,103.494,8415.1,797628,2643.67,471115,12311.75,1976082,3074.58,739990,6612.7,231146
2023-02-20,geo_8,2500000,330485.31,102.639,7922.82,712342,2602.7,448140,13479.93,2232374,4024.43,1006672,7491.66,323953
2023-02-27,geo_8,2500000,318810.75,103.898,6534.97,615364,2651.68,453009,5021.92,788213,4588.78,990925,6645.45,296470
2023-03-06,geo_8,2500000,314035.89,100.62,6364.3,551087,2949.55,534779,11353.32,1829207,3744.25,842843,7412.17,267374
2023-03-13,geo_8,2500000,340374.33,100.581,6456.58,612801,2468.84,497655,9172.49,1444699,3391.15,807095,5962.92,253864
2023-03-20,geo_8,2500000,342840.35,100.109,6532.17,553517,2303.24,334952,9847.24,1567750,3447.6,782562,13426.51,543948
2023-03-27,geo_8,2500000,365875.86,97.391,7747.44,629060,2466.92,414504,4369.76,595120,3453.34,874137,16076.5,619701
2023-04-03,geo_8,2500000,376052.59,96.736,28446.41,2299096,2636.75,470976,3811.28,642510,3088.45,685604,7387.18,242863
2023-04-10,geo_8,2500000,365768.69,94.784,26330.43,2275683,8199.92,1477957,3224.96,540913,3349.72,780935,16479.06,713702
2023-04-17,geo_8,2500000,349860.95,97.256,27597.96,2248956,10376.44,1707216,3522.15,578944,3528.2,792867,17991.13,679706
2023-04-24,geo_8,2500000,381280.31,96.303,34581.65,2975136,10015.98,1763856,3307.88,553289,3311.49,762682,8594.32,329829
2023-05-01,geo_8,2500000,381445.21,95.509,7018.41,649090,7218.76,1284147,3584.75,621350,3814.79,927962,7795.94,281091
2023-05-08,geo_8,2500000,399076.0,94.844,6327.23,554426,2592.71,457007,4560.56,689932,2833.43,682705,8556.01,332106
2023-05-15,geo_8,2500000,340133.4,98.26,9161.47,774000,2528.12,466776,9334.75,1456842,2808.75,625475,8487.16,314124
2023-05-22,geo_8,2500000,332138.41,99.253,6276.02,562036,2165.95,345505,8940.97,1453867,5897.46,1417526,7377.05,306018
2023-05-29,geo_8,2500000,355879.28,97.387,7163.09,633069,2349.2,413207,9064.83,1381404,6046.43,1457990,9245.45,378076
2023-06-05,geo_8,2500000,352687.9,97.928,29199.16,2465975,2165.59,412345,3572.04,568430,6694.94,1615702,7121.29,259438
2023-06-12,geo_8,2500000,364405.02,97.936,28048.92,2484675,2393.51,453679,3843.76,628563,3476.0,783625,7799.61,308383
2023-06-19,geo_8,2500000,370797.23,98.839,27600.27,2514917,2394.09,434248,4066.99,693984,2952.46,593999,8776.53,326698
2023-06-26,geo_8,2500000,345826.68,100.048,33578.91,2812799,2892.07,535980,3904.83,663327,2987.71,699768,9431.99,399874
2023-07-03,geo_8,2500000,352792.18,99.881,7218.86,661892,2410.43,393637,3465.14,587451,3193.46,736581,8299.68,312862
2023-07-10,geo_8,2500000,316446.05,100.389,7317.16,683676,1979.24,338404,3484.39,536086,2730.4,628491,7508.49,290733
2023-07-17,geo_8,2500000,380566.56,98.846,7029.51,651880,2079.51,345205,4691.57,747536,2995.18,657585,21439.74,836898
2023-07-24,geo_8,2500000,343226.91,99.301,8527.09,705818,2661.04,473098,3582.78,572821,2495.39,534244,16308.11,612241
2023-07-31,geo_8,2500000,303880.03,98.226,6336.7,608276,1926.58,393106,3579.82,503065,3467.84,837333,10180.13,417368
2023-08-07,geo_8,2500000,345849.17,99.279,23647.55,2257856,1728.4,331016,10517.22,1638236,3295.29,748422,7703.26,304224
2023-08-14,geo_8,2500000,338302.28,99.265,24269.71,2183664,7204.35,1307072,7950.58,1232961,3149.14,731723,8742.22,328521
2023-08-21,geo_8,2500000,348090.04,99.36,26131.09,2464470,7266.54,1232683,10899.34,1607760,3549.17,790995,8335.82,318893
2023-08-28,geo_8,2500000,341662.74,99.756,26780.76,2319757,7639.96,1309199,4410.34,731509,7939.68,1812977,8516.74,337361
2023-09-04,geo_8,2500000,321796.56,101.501,7044.84,637444,7341.11,1328102,4120.73,654621,8422.96,1907166,7253.62,285360
2023-09-11,geo_8,2500000,329348.15,101.132,5951.33,511623,2057.73,353911,2595.48,421285,7962.97,1828222,8181.68,319000
2023-09-18,geo_8,2500000,290990.8,100.15,6750.38,645671,1951.0,334909,3784.63,605312,3056.06,683126,8364.16,341557
2023-09-25,geo_8,2500000,296056.66,100.342,21649.32,1971319,1597.24,303333,3986.25,591078,3368.95,822378,7370.13,302483
2023-10-02,geo_8,2500000,316386.99,99.937,22816.07,2002261,1934.6,325099,9204.24,1394348,3527.2,918883,9665.65,406518
2023-10-09,geo_8,2500000,321369.06,99.252,25035.47,2471497,7245.65,1349447,11973.75,2017319,8612.45,2038486,8170.68,310967
2023-10-16,geo_8,2500000,361141.09,96.455,22484.94,1971306,6709.26,1266284,8168.17,1465831,6529.07,1567368,8683.4,341677
2023-10-23,geo_8,2500000,374958.28,96.471,5905.67,493726,7466.39,1388165,3614.5,602139,5959.44,1323716,7698.83,319346
2023-10-30,geo_8,2500000,346967.23,96.954,5992.24,558662,6683.02,1104333,4326.39,699453,2427.81,575315,17389.97,692516
2023-11-06,geo_8,2500000,354859.11,97.26,5676.67,500969,1605.74,281828,3796.62,620946,2185.98,558060,19017.26,680989
2023-11-13,geo_8,2500000,320132.71,97.798,6100.29,516344,1765.04,314233,4348.98,720176,2269.61,500219,9257.88,360161
2023-11-20,geo_8,2500000,361751.78,98.021,6772.74,638789,2304.78,366181,3995.18,647484,2535.6,564599,9669.2,377359
2023-11-27,geo_8,2500000,316692.92,98.478,7318.25,629235,2244.72,405244,3604.61,584213,2547.78,625085,9955.66,437088
2023-12-04,geo_8,2500000,341515.86,96.735,6237.28,576993,1888.52,340656,3439.56,514102,2933.21,678053,8226.33,329753
2023-12-11,geo_8,2500000,322883.02,94.1,5608.65,555353,1928.65,337066,3712.82,624663,3487.59,747408,8917.62,317244
2023-12-18,geo_8,2500000,335448.25,95.166,5716.07,497959,1504.59,267909,3825.75,571902,3652.09,779856,7610.46,298894
2023-12-25,geo_8,2500000,398658.78,93.66,5723.65,517853,2035.81,351828,4190.0,662491,3604.79,832148,8675.45,335970
2024-01-01,geo_8,2500000,360990.79,95.572,5435.99,433569,1772.29,295263,4141.01,715405,3642.38,837633,8855.54,375486
2024-01-08,geo_8,2500000,341264.73,95.712,7023.07,627932,2192.0,418831,3232.43,534704,2134.37,484395,8590.51,338541
2024-01-15,geo_8,2500000,349857.01,97.616,8173.39,709002,2269.29,404390,4554.23,684673,3697.75,884826,8322.89,354044
2024-01-22,geo_8,2500000,371796.74,98.14,28064.91,2579541,2126.15,408619,9198.91,1364777,3068.3,663108,7932.92,296941
2024-01-29,geo_8,2500000,389743.72,94.546,29304.36,2710195,6555.3,1139194,8258.67,1364499,2739.8,641765,6873.86,285695
2024-02-05,geo_8,2500000,355774.34,97.551,24058.26,2016519,6695.65,1286403,12158.15,1880200,2905.32,606376,6627.05,249756
2024-02-12,geo_8,2500000,388818.62,98.687,29251.26,2668856,7147.17,1443509,3711.63,622460,3297.69,817881,7020.97,288880
2024-02-19,geo_8,2500000,392935.13,97.339,6819.87,610709,7098.46,1290342,3875.81,664953,3254.82,715601,6775.86,260085
2024-02-26,geo_8,2500000,402840.36,98.861,7575.97,733388,2337.29,391373,4317.04,658738,3962.65,829432,7089.75,281919
2024-03-04,geo_8,2500000,363110.48,98.535,6848.6,631511,1575.26,283111,3428.15,514734,3301.49,767237,7048.32,268075
2024-03-11,geo_8,2500000,381663.72,98.762,28816.46,2630446,2250.25,446482,4247.54,685457,4319.66,1075630,7744.72,322869
2024-03-18,geo_8,2500000,382791.06,96.312,28525.82,2502113,7307.55,1316289,4510.09,712849,4089.2,965473,7991.72,305258
2024-03-25,geo_8,2500000,390988.22,95.428,30293.5,2526280,7563.31,1361063,10472.43,1643602,2908.94,684800,8219.07,308761
2024-04-01,geo_8,2500000,371856.99,93.703,40764.28,3691273,9868.32,1748899,11212.68,1811153,3167.66,674391,9678.56,383749
2024-04-08,geo_8,2500000,380054.06,94.773,8389.57,667104,8408.9,1443928,11487.24,1863575,3851.62,883314,8431.78,341977
2024-04-15,geo_8,2500000,391299.88,94.343,6371.29,561902,1572.95,305092,4163.87,645472,3425.27,754373,8183.2,342451
2024-04-22,geo_8,2500000,351640.25,93.954,7804.87,625005,1967.53,376448,2971.29,455950,7882.41,1678941,9089.9,372862
2024-04-29,geo_8,2500000,355629.49,93.592,7924.17,668858,1953.36,373600,9232.55,1422578,8602.77,1999152,19421.55,736002
2024-05-06,geo_8,2500000,387362.36,94.958,10627.64,996119,1910.18,347645,10230.73,1703867,8189.42,2006890,19952.17,907671
2024-05-13,geo_8,2500000,379389.03,98.007,6919.95,636297,1913.6,355597,12143.18,1882569,3463.28,777426,8490.14,331624
2024-05-20,geo_8,2500000,330775.93,99.992,8978.15,803385,8214.81,1533817,3969.34,579379,10107.39,2093089,9043.18,337203
2024-05-27,geo_8,2500000,319265.46,101.212,8508.94,759747,6665.21,1008063,4040.36,640164,8513.81,2036812,7645.73,322898
2024-06-03,geo_8,2500000,305856.61,100.71,9680.48,834930,8401.47,1502624,3452.16,591074,7537.62,1788230,7871.07,315929
2024-06-10,geo_8,2500000,345222.5,102.725,10104.99,959842,7666.52,1337866,4325.84,676794,2788.71,655831,7840.96,302202
2024-06-17,geo_8,2500000,346174.3,99.802,7918.48,750010,1841.9,311349,5009.47,807857,3634.2,774464,9239.24,357307
2024-06-24,geo_8,2500000,328785.16,100.949,6638.4,673573,1755.9,302305,3904.84,654354,3732.9,911429,7998.3,274160
2024-07-01,geo_8,2500000,321915.05,101.078,7169.87,599873,2083.01,351899,3868.84,617229,6752.05,1490349,8461.76,334419
2024-07-08,geo_8,2500000,304043.62,102.071,7660.41,623347,1957.01,369425,4094.72,643718,8536.83,2003091,8706.95,347409
2024-07-15,geo_8,2500000,338050.33,104.742,8139.72,735520,2272.07,426262,4341.55,707345,7005.65,1651327,7074.55,280221
2024-07-22,geo_8,2500000,296840.71,104.604,7180.36,587255,1836.73,341950,3837.64,592440,3474.63,886601,6822.44,295358
2024-07-29,geo_8,2500000,280638.68,106.641,6249.23,500830,2083.55,382501,4198.15,719263,3478.66,744284,9020.65,405565
2024-08-05,geo_8,2500000,301306.35,104.445,7193.27,616171,2435.68,467480,3743.68,651051,4114.82,954564,8999.04,336166
2024-08-12,geo_8,2500000,312480.87,104.09,6441.39,615724,1801.7,350283,4146.99,654702,3333.53,783034,9503.86,376114
2024-08-19,geo_8,2500000,269443.86,100.769,6076.87,507125,2290.76,408311,4214.99,716110,4498.54,993091,8987.3,378030
2024-08-26,geo_8,2500000,333727.74,100.436,23750.64,2227738,2431.94,467555,3794.84,615425,3448.68,791783,21142.13,830543
2024-09-02,geo_8,2500000,332709.16,103.025,23476.32,2119931,9182.96,1874034,8917.25,1569496,4619.15,1023562,20535.44,771563
2024-09-09,geo_8,2500000,337651.91,103.303,23749.0,2210959,8522.11,1759337,12606.38,1792675,3621.04,868853,8248.76,320061
2024-09-16,geo_8,2500000,355938.75,103.333,35258.17,3059972,11727.21,2199134,10793.59,1801204,3502.83,790761,10137.79,440531
2024-09-23,geo_8,2500000,338705.42,101.778,6103.97,542303,9012.52,1569567,4241.63,777000,3245.09,794392,10096.89,366835
2024-09-30,geo_8,2500000,319254.35,100.701,5756.13,530940,2108.47,432991,3241.7,554885,4406.49,937948,8339.97,362403
2024-10-07,geo_8,2500000,299071.46,100.875,6814.2,613104,2759.13,498713,4011.71,626008,4168.02,927388,7731.18,289042
2024-10-14,geo_8,2500000,292058.54,100.276,5432.22,485054,2083.69,349966,4018.27,590936,8533.76,1931894,8465.3,338785
2024-10-21,geo_8,2500000,305026.84,96.385,6262.68,553555,8352.51,1404140,5219.68,921251,7772.01,1774773,6559.99,243956
2024-10-28,geo_8,2500000,314135.77,95.941,5262.9,504973,7686.22,1339985,4685.16,725885,7966.25,1732947,7962.65,284176
2024-11-04,geo_8,2500000,293119.16,99.402,5976.52,554537,7439.58,1239238,4165.49,623023,3400.1,771233,6879.18,267256
2024-11-11,geo_8,2500000,332990.41,99.387,5189.22,481625,6729.77,1180375,4341.69,822901,3506.78,843951,8116.9,296488
2024-11-18,geo_8,2500000,339512.99,98.569,7199.7,638784,2641.28,449446,3926.24,570439,2847.96,599796,8175.63,334561
2024-11-25,geo_8,2500000,423851.38,97.272,9199.31,791161,2718.55,471798,10451.7,1904282,3372.15,790678,6468.29,255157
2024-12-02,geo_8,2500000,325088.96,97.205,7322.01,642850,7190.81,1400763,8625.49,1389901,3780.47,838439,6313.18,238999
2024-12-09,geo_8,2500000,357546.32,95.56,28276.86,2547298,7901.48,1503046,7532.58,1267299,3578.15,838077,7053.55,282891
2024-12-16,geo_8,2500000,357853.9,96.654,32262.96,2800195,7358.85,1314540,3781.17,622705,3240.42,692060,7538.91,292362
2024-12-23,geo_8,2500000,448312.74,98.404,33850.94,2776377,7321.25,1376253,3893.56,615288,4018.86,928134,7638.58,309880
2024-12-30,geo_8,2500000,402906.1,96.963,26901.54,2467934,1671.98,295039,3935.82,614818,10057.93,2258691,9382.59,388658
2025-01-06,geo_8,2500000,388569.93,98.955,7486.08,623807,1902.41,325325,4420.45,700982,8729.71,2000920,8170.65,302886
2025-01-13,geo_8,2500000,390627.9,96.174,7467.82,663287,2167.16,389626,9058.59,1438119,9637.95,2528932,6628.83,266272
2025-01-20,geo_8,2500000,434549.99,94.5,9860.77,904025,2876.33,550098,8714.34,1347631,3912.3,815435,16456.05,654930
2025-01-27,geo_8,2500000,415886.08,93.847,7166.45,621748,1845.91,342528,8110.23,1418605,3509.79,853813,14107.29,592258
2025-02-03,geo_8,2500000,360711.06,95.548,7568.57,629255,1983.32,378905,2814.25,476462,3565.07,756186,7662.89,296536
2025-02-10,geo_8,2500000,374753.09,95.025,7837.39,697903,2100.87,375512,2813.16,458396,3686.13,827989,8774.37,387940
2025-02-17,geo_8,2500000,357232.42,96.211,8094.13,719164,2225.83,415579,3068.51,429101,3096.08,721115,7404.4,305753
2025-02-24,geo_8,2500000,353999.16,98.1,8372.53,724801,1921.22,316622,3165.38,491858,6657.99,1571876,7756.2,294770
2025-03-03,geo_8,2500000,350225.82,97.46,8156.79,746571,1690.84,310665,4084.42,555863,7018.77,1697420,16076.13,648719
2025-03-10,geo_8,2500000,371243.42,96.259,9826.93,805812,2274.11,453281,8660.62,1324219,7027.15,1743411,17509.79,652487
2025-03-17,geo_8,2500000,376407.03,97.38,7624.48,709516,1604.85,304479,7986.51,1129913,3376.8,746076,9524.64,381903
2025-03-24,geo_8,2500000,402740.02,94.563,39966.11,3900758,2278.27,421288,6296.73,1096636,3616.74,831654,9498.06,357686
2025-03-31,geo_8,2500000,410911.47,96.647,33005.29,3100230,6664.91,1256381,3538.33,592061,3680.4,843616,6881.85,309703
2025-04-07,geo_8,2500000,391115.76,98.327,33637.75,3007230,6903.0,1395998,3092.67,518692,3059.39,662455,9658.95,409171
2025-04-14,geo_8,2500000,415777.93,96.575,25080.34,2245716,6150.41,988837,2446.95,398415,2907.33,709056,9429.33,396133
2025-04-21,geo_8,2500000,350616.42,95.35,7115.84,622335,5529.68,1004743,3618.04,613900,2745.8,650184,7705.39,336342
2025-04-28,geo_8,2500000,360585.6,95.416,5560.21,524073,1994.25,381472,3668.93,642568,3600.16,830716,8428.2,335793
2025-05-05,geo_8,2500000,345463.0,98.067,6163.04,511185,1317.08,245944,10288.95,1572355,3639.13,777926,7552.12,301867
2025-05-12,geo_8,2500000,424637.49,98.857,32472.02,2981387,1571.23,288503,9743.15,1601963,2952.12,700231,8637.17,355280
2025-05-19,geo_8,2500000,400857.82,96.997,30167.62,2848594,6803.61,1308557,9150.48,1490463,3208.12,811778,6875.63,278283
2025-05-26,geo_8,2500000,387478.1,95.972,25211.55,2185800,4710.73,912540,3632.66,606814,3576.25,874340,9374.03,371392
2025-06-02,geo_8,2500000,373490.65,98.559,22748.21,1997332,5622.71,1004867,3115.28,478148,3413.13,885645,6940.84,259816
2025-06-09,geo_8,2500000,350465.98,102.774,7311.32,641371,8060.66,1462438,3667.59,587752,3648.63,831921,6912.7,256979
2025-06-16,geo_8,2500000,347410.75,101.153,6993.23,597835,1997.47,325152,4032.66,613238,3200.34,746366,8093.4,324943
2025-06-23,geo_8,2500000,340589.02,104.736,8339.3,758639,2284.5,388155,4180.49,724830,3133.94,722746,9172.25,367883
2025-06-30,geo_8,2500000,338787.5,103.392,8720.95,782711,2330.41,511018,3351.39,603052,3009.53,670883,7935.16,321993
2025-07-07,geo_8,2500000,354147.31,101.257,9611.91,806504,2325.08,447237,4534.08,714051,3813.19,903902,8582.03,350650
2025-07-14,geo_8,2500000,349457.93,99.893,6246.04,535038,1731.35,310196,3476.61,525673,3286.64,763579,8819.31,370526
2025-07-21,geo_8,2500000,330976.52,102.183,5564.68,531450,2032.16,362462,2786.96,459130,3811.04,888352,7858.8,343174
2025-07-28,geo_8,2500000,361905.59,99.421,34815.74,3014156,2262.54,416775,4463.8,721787,3387.04,790244,17873.05,712058
2025-08-04,geo_8,2500000,381162.09,97.737,27960.03,2345212,5892.62,1184648,4329.53,700784,3711.54,856324,18267.37,646280
2025-08-11,geo_8,2500000,392448.59,97.823,42358.79,3768697,7986.0,1669221,11072.29,1742736,7765.23,1838319,6935.58,286600
2025-08-18,geo_8,2500000,379409.86,97.38,38683.5,3297597,8287.13,1499684,9312.0,1623753,6596.29,1500312,6988.96,263567
2025-08-25,geo_8,2500000,367658.27,97.839,8920.83,850306,8607.72,1443053,9661.4,1638573,6254.48,1384439,7565.55,282487
2025-09-01,geo_8,2500000,349236.77,97.701,36309.63,3416152,1849.86,322326,3744.76,623622,3454.45,821172,16490.33,675615
2025-09-08,geo_8,2500000,378528.52,96.581,28932.96,2709551,1870.6,310733,10583.24,1789872,2943.15,676778,18930.66,697129
2025-09-15,geo_8,2500000,368109.65,96.264,35947.74,3290842,1613.17,275871,10245.97,1626702,3216.03,692477,9218.92,361770
2025-09-22,geo_8,2500000,392212.48,98.733,33815.47,3201608,1833.96,343795,9478.76,1484487,2709.52,605669,6776.77,289164
2025-09-29,geo_8,2500000,357679.58,99.776,9105.38,806161,2556.75,451959,4003.78,606091,3457.39,749125,9793.43,384741
2025-10-06,geo_8,2500000,347625.46,99.787,10611.69,963247,2476.62,454352,3130.97,447860,6980.07,1491922,6310.43,257479
2025-10-13,geo_8,2500000,339042.31,99.007,7344.61,632297,1847.46,316793,9088.52,1459331,9298.49,2397653,6408.29,285164
2025-10-20,geo_8,2500000,330078.18,99.403,9425.3,727208,1800.86,315124,9151.24,1506965,7131.58,1823010,6538.96,275961
2025-10-27,geo_8,2500000,350243.53,98.897,42006.8,3717477,2238.88,437244,8626.86,1388997,3419.03,811709,8554.1,328312
2025-11-03,geo_8,2500000,366277.78,98.599,31947.2,2880197,6865.37,1252175,4171.82,604657,4297.67,940326,13492.67,512308
2025-11-10,geo_8,2500000,350422.29,100.239,28502.53,2693140,6679.87,1201173,6803.36,1050720,8656.16,1943372,17002.85,619822
2025-11-17,geo_8,2500000,389832.34,96.998,29934.92,2606923,6999.2,1367557,10410.39,1721019,8503.1,1900093,7276.98,270769
2025-11-24,geo_8,2500000,462852.54,96.633,7317.94,680674,6691.38,1264821,9688.19,1526698,6737.39,1774608,7425.88,293595
2025-12-01,geo_8,2500000,381741.68,97.757,26860.91,2435428,1478.6,259065,4066.35,660645,4108.2,1035674,8331.51,331795
2025-12-08,geo_8,2500000,413427.6,97.729,35988.23,3194272,1974.39,359197,10386.47,1650770,9954.99,2545843,7173.25,309496
2025-12-15,geo_8,2500000,425747.51,98.409,37911.3,3097995,2219.26,437720,9745.34,1622338,7091.18,1800329,7941.42,313231
2025-12-22,geo_8,2500000,502276.47,99.973,35214.1,3393310,1931.52,336303,10076.4,1666644,7838.62,1626258,7877.21,336916
