date,geo,population,revenue,competitor_index,tv_spend,tv_impressions,ooh_spend,ooh_impressions,social_spend,social_impressions,display_spend,display_impressions,search_spend,search_impressions
2023-01-02,geo_1,14000000,1839791.12,98.801,135907.29,9552669,11438.66,2239532,51068.73,7629506,23639.55,4370525,41738.29,1596889
2023-01-09,geo_1,14000000,2030905.6,100.548,135680.16,10631519,37952.89,7216608,48901.38,6470730,35088.93,6782982,40722.5,1544137
2023-01-16,geo_1,14000000,2041388.37,101.362,134224.7,10080652,44287.67,7582589,55526.16,7322982,52632.51,10433934,38750.91,1382122
2023-01-23,geo_1,14000000,2143088.35,101.381,163466.97,12258278,42019.03,7565278,19188.76,2836886,44946.39,8630207,52163.96,1850691
2023-01-30,geo_1,14000000,1904945.81,100.803,38235.76,3120605,40092.65,7246591,26337.99,3534621,21645.33,4229067,42996.21,1574207
2023-02-06,geo_1,14000000,1821016.89,102.02,39315.48,2714539,11887.29,2090440,55364.82,8169525,15776.89,2898565,34149.94,1265229
2023-02-13,geo_1,14000000,2110581.95,102.129,38301.16,2819952,12877.82,2441151,55198.15,6924157,19540.86,3643832,31591.58,1209279
2023-02-20,geo_1,14000000,1887299.4,100.985,32865.92,2336024,11104.47,2035776,54541.4,7128319,15977.13,2988996,40920.35,1554531
2023-02-27,geo_1,14000000,1775902.97,100.229,33936.4,2887792,8786.71,1561351,23378.46,3389897,19778.37,3747350,40008.71,1439142
2023-03-06,geo_1,14000000,2012153.88,101.247,34143.61,2457562,11131.85,1987558,25446.22,3360683,21288.98,3880289,75365.52,3371870
2023-03-13,geo_1,14000000,1880768.83,100.985,48667.26,3644688,13344.25,2534651,25890.14,3323970,20058.03,3706884,86169.53,3005045
2023-03-20,geo_1,14000000,1817621.47,104.728,37234.76,2489669,12666.87,2372407,23165.52,3040842,18887.33,3402297,36105.21,1348989
2023-03-27,geo_1,14000000,1693856.97,104.195,40494.76,2769597,15586.31,2956842,25233.11,3397463,20921.43,4060658,47401.08,1902580
2023-04-03,geo_1,14000000,1873282.77,102.335,121371.75,8533951,9568.53,1787946,20809.24,3078949,19961.15,3899339,40551.48,1504276
2023-04-10,geo_1,14000000,1867310.68,100.7,148553.4,10640790,45670.34,9358629,23220.25,3190967,16977.87,3160188,37112.72,1462239
2023-04-17,geo_1,14000000,1904824.49,99.407,161627.66,11650559,47249.48,8565934,60943.74,8567765,14287.36,2410693,35000.78,1368570
2023-04-24,geo_1,14000000,2008914.56,96.612,152732.33,11323486,35528.82,6491332,58452.22,8032247,16568.38,3266449,47665.8,1815309
2023-05-01,geo_1,14000000,2020988.39,98.646,49692.9,3023744,54146.1,9921994,53554.07,7074127,12986.33,2285691,36504.19,1382522
2023-05-08,geo_1,14000000,1921826.27,98.125,41875.83,2727216,12014.84,2214378,20113.06,2760640,33865.27,6148776,77334.59,2867746
2023-05-15,geo_1,14000000,2245241.82,98.245,43684.86,3242184,12030.42,2261780,22164.1,2838348,48399.92,8474123,78880.22,2609570
2023-05-22,geo_1,14000000,1824107.14,98.329,48592.47,3941737,12168.08,2165297,22298.89,3038766,43061.3,8114165,35606.47,1200105
2023-05-29,geo_1,14000000,1882808.8,100.87,50643.08,3542426,14216.0,2760409,17617.76,2312096,14037.84,2596874,32089.2,1219805
2023-06-05,geo_1,14000000,1830198.33,101.892,45087.28,3289126,13192.15,2484839,18831.36,2485958,16475.34,3261218,34347.22,1221305
2023-06-12,geo_1,14000000,1640548.35,100.41,42732.9,3198564,10505.88,1831632,19617.05,2567953,19785.12,3784134,38893.76,1567070
2023-06-19,geo_1,14000000,1659726.94,100.83,44622.28,3335488,10435.13,2008805,21189.85,2795469,16683.77,3449195,38783.8,1479405
2023-06-26,geo_1,14000000,1698786.47,99.444,54472.4,3798959,11899.39,2315819,19949.43,2803328,14213.89,2636803,36857.12,1348776
2023-07-03,geo_1,14000000,1698328.46,100.723,41473.72,3047890,10072.68,1945389,24599.41,3330848,14263.39,2797975,39039.58,1341675
2023-07-10,geo_1,14000000,1809407.35,103.13,42424.8,3056114,10415.62,1919996,18655.16,2261465,20757.37,3939475,101772.77,3718190
2023-07-17,geo_1,14000000,1641407.52,102.699,43103.76,3071866,11661.03,2141175,27423.69,3888751,20965.7,4439839,96551.34,4095071
2023-07-24,geo_1,14000000,1757359.13,102.085,215712.39,15714990,12229.16,2206984,22098.15,3175570,20800.92,3961163,39498.17,1339901
2023-07-31,geo_1,14000000,1908706.64,101.22,187367.45,13422203,39837.06,7830216,24298.0,3429472,18657.38,3472056,42629.33,1670829
2023-08-07,geo_1,14000000,1930962.29,100.315,154453.46,11481435,35882.69,6702338,21102.57,3072762,42469.76,8006533,39542.39,1616559
2023-08-14,geo_1,14000000,1920681.71,98.082,165500.01,12054438,32166.77,6092818,53887.99,7276445,44383.24,7324411,41969.78,1577018
2023-08-21,geo_1,14000000,1966608.25,98.388,45218.59,3033743,40827.57,7358479,42931.01,6162427,41402.93,7221774,48558.89,1875223
2023-08-28,geo_1,14000000,1822722.01,97.493,41530.44,2712237,8807.81,1739547,60376.44,8063291,19258.81,3605308,36129.52,1318339
2023-09-04,geo_1,14000000,1660077.03,97.111,38428.41,2754450,8423.95,1612309,18157.02,2474589,47894.83,9547183,40872.73,1641538
2023-09-11,geo_1,14000000,1727899.59,99.581,40011.97,2759983,9546.17,1707779,19887.29,2662030,41540.51,8328639,39618.57,1563764
2023-09-18,geo_1,14000000,1709856.23,100.261,41531.22,3158820,8379.9,1442822,39543.93,5420528,59827.68,11783249,37939.09,1604580
2023-09-25,geo_1,14000000,1735000.1,100.641,41206.56,2925530,10353.34,1848881,50941.48,6610654,20849.63,3993442,37801.23,1572141
2023-10-02,geo_1,14000000,1997264.47,101.805,43836.31,3225351,12153.45,2284290,47163.64,6347006,21402.89,4304093,35468.11,1477314
2023-10-09,geo_1,14000000,1458038.86,103.618,38993.1,2785487,11023.12,1898164,22935.31,3138971,17331.49,2874012,34831.59,1378638
2023-10-16,geo_1,14000000,1390280.87,102.563,37119.87,2570989,11003.03,2250713,21085.57,2850245,19969.93,3904290,31149.83,1255207
2023-10-23,geo_1,14000000,1640954.43,102.271,42366.11,3335075,11996.33,2259697,20351.93,2534057,19282.43,3453642,35838.06,1280552
2023-10-30,geo_1,14000000,1769846.52,102.551,41713.62,3125730,10825.43,2041214,18508.86,2511629,17660.17,3195058,40336.36,1548163
2023-11-06,geo_1,14000000,1566441.88,104.528,123620.38,9235624,9258.69,1559493,25288.21,3222480,19042.15,3428682,49442.21,1958686
2023-11-13,geo_1,14000000,1615883.55,105.265,164199.02,11379889,37615.78,6561825,20451.24,2707017,26890.66,5199039,47563.95,1841026
2023-11-20,geo_1,14000000,2070841.29,101.326,146170.28,9891378,41078.5,7642892,23515.18,3421059,21017.66,4002383,87254.77,3304806
2023-11-27,geo_1,14000000,1687907.87,99.092,133948.78,9941553,42310.04,7594126,22913.29,3035044,21303.6,4115246,79555.8,2784353
2023-12-04,geo_1,14000000,2026058.52,101.173,41950.11,3080288,52474.67,10664354,59456.84,8050297,19974.36,3768199,37320.18,1452430
2023-12-11,geo_1,14000000,1907315.21,101.478,155311.66,10415946,10963.72,2217649,44322.09,5995369,20142.13,3796085,34255.66,1412711
2023-12-18,geo_1,14000000,1856722.09,100.069,157110.96,10631991,44940.64,8448167,45379.47,6735369,18564.95,3725655,40115.22,1427165
2023-12-25,geo_1,14000000,2207098.3,102.169,137531.03,9613805,40507.4,7338934,20570.76,2610792,20298.09,3502778,43207.22,1693455
2024-01-01,geo_1,14000000,2161071.99,101.015,196362.41,14058366,43905.93,8947720,19531.8,2507326,17470.66,3119586,41255.15,1705530
2024-01-08,geo_1,14000000,2011728.31,103.648,42542.51,3263897,41193.55,7393205,24009.98,3200948,19814.12,3440386,79163.21,2991267
2024-01-15,geo_1,14000000,2032418.97,101.01,35941.52,2475975,10497.22,1871743,56415.89,8335253,14971.05,3107524,84323.95,3144902
2024-01-22,geo_1,14000000,2011046.46,102.534,195192.59,13085322,13067.17,2631664,60129.92,8335119,16151.39,3253970,49955.63,1666276
2024-01-29,geo_1,14000000,1988495.38,104.385,137870.79,9087338,45048.27,8532683,57829.58,9299660,16841.56,2724805,42059.69,1622524
2024-02-05,geo_1,14000000,2172888.28,102.604,175820.92,12464855,38565.81,6938408,23076.55,2967565,17979.49,3192555,38371.74,1487422
2024-02-12,geo_1,14000000,1818052.52,104.178,141822.13,10354641,37264.18,6198451,23883.82,3559826,15737.3,2900027,44517.81,1759548
2024-02-19,geo_1,14000000,1827189.58,102.53,34475.08,2558821,34271.42,6496310,24379.59,3370171,18405.75,3783512,40162.42,1695886
2024-02-26,geo_1,14000000,2005753.81,102.973,34094.22,2475567,11296.47,2105175,55423.94,8085567,18988.7,3340269,35362.73,1349255
2024-03-04,geo_1,14000000,1930248.5,102.7,32393.85,2441086,10388.55,1832893,66192.78,8707323,20659.3,3939475,40658.65,1629903
2024-03-11,geo_1,14000000,2091383.21,104.648,34046.39,2692287,8677.11,1560294,55916.03,7329953,19260.19,3328956,39381.98,1390651
2024-03-18,geo_1,14000000,1715912.55,104.697,40303.93,2679437,11974.27,2289406,19429.88,2834104,19404.32,3896236,44092.62,1630821
2024-03-25,geo_1,14000000,1931107.79,100.552,38473.9,2812388,33992.44,5603041,17912.5,2567847,18397.28,3620455,35782.29,1394987
2024-04-01,geo_1,14000000,1877337.93,100.634,32373.57,2498779,38169.45,7299087,23594.1,3259491,16125.6,3494700,41308.98,1451284
2024-04-08,geo_1,14000000,1960255.29,100.767,39392.62,2722609,40373.98,7640863,21049.01,3313592,18877.73,3546156,42008.49,1585038
2024-04-15,geo_1,14000000,1951329.95,101.662,32199.74,2415966,38474.27,8309973,20909.3,2998978,16997.33,3196219,42462.1,1703225
2024-04-22,geo_1,14000000,1867988.85,99.198,39786.63,2835939,9481.02,1714321,18578.44,2691857,19160.25,3590798,41866.26,1567814
2024-04-29,geo_1,14000000,1796260.59,100.564,34602.19,2463260,10607.77,1839514,22672.98,2966834,53703.23,9993779,41133.19,1465090
2024-05-06,geo_1,14000000,2066564.08,96.773,36478.59,2682340,10172.59,1941955,24262.73,3439147,46023.48,9258501,39086.12,1438339
2024-05-13,geo_1,14000000,2180374.97,99.005,41564.42,2736192,38895.97,6757427,21364.26,2865087,40731.05,7874029,39056.36,1561876
2024-05-20,geo_1,14000000,1612652.86,100.581,27056.26,2168130,27609.62,5073498,17666.53,2515696,15773.35,2794118,40755.94,1576649
2024-05-27,geo_1,14000000,1911948.98,100.363,46907.32,3167613,49034.46,9021469,19800.15,2878792,14120.17,2527661,38365.51,1582691
2024-06-03,geo_1,14000000,1833010.95,101.285,54767.17,3856169,57588.11,11151421,20937.66,2703773,12680.16,2273094,38116.95,1349296
2024-06-10,geo_1,14000000,1908593.97,100.982,43699.6,2908658,12468.54,2368887,18504.11,2536317,33260.9,5853608,39735.61,1407537
2024-06-17,geo_1,14000000,1802457.84,100.442,41550.87,3311483,14247.69,2619063,18706.93,2796583,38446.58,7387385,40436.7,1571375
2024-06-24,geo_1,14000000,1882782.3,101.85,34758.49,2737131,12461.33,2484803,18837.58,2675795,34694.96,6284406,41123.53,1537962
2024-07-01,geo_1,14000000,1885431.42,102.048,43360.67,2865730,13616.24,2739230,27511.44,4150236,12435.5,2291080,42102.02,1694860
2024-07-08,geo_1,14000000,1835166.67,103.38,38762.72,2675867,10083.26,1727082,68277.85,9416447,16134.81,2973859,75476.17,2750422
2024-07-15,geo_1,14000000,1753150.83,101.611,37985.32,2792000,12017.4,2084537,59013.62,7668370,12984.59,2451148,85943.55,2969213
2024-07-22,geo_1,14000000,1810429.84,102.451,36387.67,2413865,10722.3,2037836,60080.9,8301869,13830.18,2488608,47267.22,1830009
2024-07-29,geo_1,14000000,1822482.51,102.436,46872.63,3755698,11864.93,2385736,26855.81,3607017,17769.17,3585739,42229.97,1756366
2024-08-05,geo_1,14000000,1788818.02,102.828,44507.16,3061316,12540.09,2248561,26045.78,3493067,41522.67,7660270,36764.51,1366946
2024-08-12,geo_1,14000000,1623878.75,102.984,135072.31,10005532,9914.82,1865865,25381.39,3108042,46019.62,7557592,33418.96,1364609
2024-08-19,geo_1,14000000,1818470.86,101.321,163673.44,12321022,48056.43,8586531,20082.7,2948556,32975.82,6011366,38169.75,1371491
2024-08-26,geo_1,14000000,1998501.67,101.934,146904.64,9357845,41021.32,7536199,19646.89,2949153,16600.57,2979225,37470.49,1373911
2024-09-02,geo_1,14000000,1977720.8,101.238,191085.68,14734500,50313.47,9770883,21401.68,2868006,16480.62,2979136,38816.24,1418025
2024-09-09,geo_1,14000000,1631192.87,102.575,37122.88,2615761,45517.94,8241680,57639.2,8379602,15584.24,2961757,34694.41,1239224
2024-09-16,geo_1,14000000,1678624.7,102.864,40766.87,2817962,14051.27,2461786,57058.34,7965940,16085.4,2724316,34456.48,1275620
2024-09-23,geo_1,14000000,1642450.92,102.016,44649.51,2904295,13032.93,2356324,52892.55,6993018,13555.59,2643904,43191.73,1573435
2024-09-30,geo_1,14000000,1867485.56,99.996,166716.82,13169908,10135.77,1892227,20026.36,2562297,17013.97,3117645,39190.71,1460473
2024-10-07,geo_1,14000000,1621952.11,101.229,143394.19,9486284,43848.71,8401187,27227.28,3710183,15544.2,2815214,46223.86,1664947
2024-10-14,geo_1,14000000,1771056.27,102.1,148892.89,10485007,42110.2,7384142,21569.86,2743114,18352.39,3417525,37772.69,1447845
2024-10-21,geo_1,14000000,1809931.76,102.54,137207.1,10257011,44965.63,8553093,23623.86,3290445,16203.56,2694489,34384.47,1234114
2024-10-28,geo_1,14000000,1750188.44,102.384,48843.04,3676593,48956.66,8724139,23916.62,3475603,20568.87,3454941,42714.06,1565401
2024-11-04,geo_1,14000000,1708504.84,104.254,44061.02,3125027,12780.91,2183309,23830.94,3172403,18818.35,3317936,36427.74,1423289
2024-11-11,geo_1,14000000,1747370.89,104.558,34185.93,2499711,9471.6,1814692,26178.94,3651839,17622.36,3495180,36913.25,1452793
2024-11-18,geo_1,14000000,1549690.95,103.223,35308.49,2219305,10806.54,1949677,17294.71,2292549,16948.66,2715979,42452.33,1651736
2024-11-25,geo_1,14000000,2199598.15,103.338,49918.04,4059616,14875.65,2675540,15572.45,2116707,36750.26,7358137,40847.35,1501658
2024-12-02,geo_1,14000000,1688811.62,104.949,38777.81,3192344,11588.93,2123228,21990.01,2943459,44013.19,7931493,95966.82,3373447
2024-12-09,geo_1,14000000,1568524.72,105.43,36103.89,2347423,10939.03,2165457,22909.31,2877110,38899.51,7925353,84875.5,3222547
2024-12-16,geo_1,14000000,1777573.51,106.088,41961.71,3297063,11008.62,2071237,23477.59,2902994,15814.97,2687965,42165.15,1518837
2024-12-23,geo_1,14000000,2191100.39,105.52,39559.94,2550723,11752.9,2234744,58057.97,8146286,15498.46,3406027,46060.35,1730276
2024-12-30,geo_1,14000000,2051545.62,106.449,167844.52,13170745,12373.94,2337473,56177.42,7105025,15126.06,2713705,46980.95,1646732
2025-01-06,geo_1,14000000,2069970.67,104.625,150000.42,9736436,45988.51,8727587,53681.42,7775751,16778.84,3691338,46834.2,1905624
2025-01-13,geo_1,14000000,2058544.05,103.725,188913.93,12672730,47751.99,8319969,28430.75,3619400,16199.29,2826306,42154.8,1861588
2025-01-20,geo_1,14000000,2307323.68,104.035,163416.01,12317588,44438.34,8137777,20944.94,2849721,14583.72,2688961,41769.69,1483545
2025-01-27,geo_1,14000000,2132181.48,103.044,34418.98,2437043,34975.76,6877824,25204.49,3553120,30904.09,6575127,46289.91,1899353
2025-02-03,geo_1,14000000,2083739.36,103.169,39075.64,2755767,12456.41,2618830,21598.31,2838232,33130.13,5849018,46670.24,1723937
2025-02-10,geo_1,14000000,1944603.56,104.722,39166.3,2662176,10728.23,2064180,22445.88,2677691,41873.69,8239315,44739.86,1824244
2025-02-17,geo_1,14000000,2034614.43,102.019,42665.64,3075912,10131.48,1775206,20255.35,2592402,14835.63,2653021,36311.85,1354423
2025-02-24,geo_1,14000000,2037993.6,99.289,171135.19,12293483,10826.54,1944895,21910.8,2784691,17872.58,3269577,34862.57,1319982
2025-03-03,geo_1,14000000,2182070.54,100.891,166472.27,12644985,41384.72,7771120,21303.94,3071806,19771.09,3700510,41407.34,1507175
2025-03-10,geo_1,14000000,2037448.96,103.576,142726.67,10549965,42019.47,7839927,19218.16,2679210,17215.9,2916955,37635.51,1582591
2025-03-17,geo_1,14000000,2104230.35,103.205,159855.13,12244000,42219.04,7775209,20129.26,2644422,17186.57,3474717,82799.9,3011191
2025-03-24,geo_1,14000000,2135024.64,102.231,36817.6,2410780,43461.75,8628417,18252.29,2392882,17660.58,2987323,82527.41,3226612
2025-03-31,geo_1,14000000,2055696.58,99.005,52976.23,4020470,11777.65,2030616,25349.27,3502437,21301.43,4184453,38304.37,1448258
2025-04-07,geo_1,14000000,1829031.36,100.273,36990.01,2622016,8898.24,1820091,19992.21,2989163,16857.65,3195331,39522.55,1565137
2025-04-14,geo_1,14000000,1964779.48,102.33,42112.64,3077882,9392.25,1628685,21793.15,3320967,19255.01,3651596,44946.76,1664588
2025-04-21,geo_1,14000000,1910450.25,101.658,39622.08,3028171,11284.86,2170470,71369.02,8995077,22927.11,4222261,34747.9,1249496
2025-04-28,geo_1,14000000,2125789.23,98.851,37863.51,2607747,9006.02,1542420,64067.91,8518803,19379.01,3680959,40368.96,1482550
2025-05-05,geo_1,14000000,2010161.2,96.754,45864.39,3238873,38481.13,7391258,56102.6,7116619,19124.45,3789972,36155.07,1400397
2025-05-12,geo_1,14000000,2166497.02,100.221,44712.76,3187294,38355.11,6866612,25254.48,3445908,17969.54,3359683,37682.27,1355783
2025-05-19,geo_1,14000000,1743227.34,102.187,44420.65,3043357,34776.78,6112420,23236.45,3167871,15962.69,2820012,35181.09,1284215
2025-05-26,geo_1,14000000,1898366.4,98.683,50933.1,3894025,45804.99,9536624,24510.47,3653610,13798.78,2847860,43434.71,1751122
2025-06-02,geo_1,14000000,1885891.48,98.653,39671.61,2846489,10547.75,2049809,51734.48,6702569,43042.92,8246689,40535.17,1472681
2025-06-09,geo_1,14000000,2098153.48,99.217,45269.49,3418328,9670.86,1943002,63260.81,8465567,45084.93,8133692,50864.82,1947472
2025-06-16,geo_1,14000000,1884532.48,97.873,44853.28,3354957,12418.16,2058437,58390.21,7617605,33527.81,6516147,48237.37,1804403
2025-06-23,geo_1,14000000,1865546.14,98.267,45029.18,3291972,11219.83,1899565,22330.56,3129311,17072.71,3288036,37183.04,1316802
2025-06-30,geo_1,14000000,1895269.32,101.947,36385.5,2566956,8774.19,1421909,20754.58,2804531,19725.54,3976417,45509.21,1696891
2025-07-07,geo_1,14000000,1878295.59,101.337,36488.23,2567795,8217.6,1509211,57998.72,7724897,44396.04,8951842,41137.76,1530653
2025-07-14,geo_1,14000000,2195211.94,100.887,46281.08,3258103,10949.6,2055991,52162.61,7748913,44146.86,9202118,40241.04,1525614
2025-07-21,geo_1,14000000,1755611.27,98.323,37729.27,2814272,8980.78,1640869,57966.37,7278249,35467.16,6638214,99021.63,3748553
2025-07-28,geo_1,14000000,1900420.62,99.311,51281.42,3689335,12139.0,2108713,21934.46,3037845,14913.8,2705599,116382.24,4625356
2025-08-04,geo_1,14000000,1867763.0,100.008,209179.74,12815609,11257.51,1938206,18370.58,2647938,15888.6,2924838,41204.11,1392345
2025-08-11,geo_1,14000000,1909758.24,99.359,165603.55,10138358,11195.52,1970251,22847.31,3446578,43968.28,8871058,40756.12,1502546
2025-08-18,geo_1,14000000,1881575.7,96.747,185385.64,13382517,13604.05,2519911,23188.44,3015930,36108.68,6464211,39823.61,1475736
2025-08-25,geo_1,14000000,1984159.68,97.43,176142.82,12054033,10380.52,1865547,43429.64,5589859,47217.95,9614502,45869.03,1641047
2025-09-01,geo_1,14000000,1976416.35,95.924,51081.5,3770537,12003.78,2331188,63036.97,8623714,14947.26,2695936,40523.42,1553318
2025-09-08,geo_1,14000000,2112837.62,97.604,52607.2,3993342,14809.86,2648781,49466.79,6455846,36093.67,7275583,102138.78,3490766
2025-09-15,geo_1,14000000,1887553.1,98.683,42608.38,2837438,12967.62,2515268,18235.26,2726466,43752.3,7955947,75502.48,2674984
2025-09-22,geo_1,14000000,2199342.72,97.086,172976.22,11841448,9518.97,1730181,57513.15,7753074,33373.07,6123808,40826.04,1515778
2025-09-29,geo_1,14000000,2022496.5,96.709,186019.02,13582903,11058.51,2039906,66432.99,9075625,18163.03,3191678,102338.64,3642910
2025-10-06,geo_1,14000000,2035441.13,97.237,141402.35,10190713,8490.99,1417506,69032.16,8992874,18328.38,3477648,102062.02,4231296
2025-10-13,geo_1,14000000,1778434.23,97.758,162112.58,12104507,11335.85,2228966,22110.57,2922208,17388.39,3268345,39457.16,1382182
2025-10-20,geo_1,14000000,1872514.8,97.604,45899.67,3405231,11992.22,2285374,60375.68,8141180,15593.35,2960257,38508.58,1494679
2025-10-27,geo_1,14000000,1941150.07,101.472,157536.64,12109819,9694.21,1836635,62465.52,8345210,16532.25,3370019,42582.99,1509395
2025-11-03,geo_1,14000000,1936484.28,102.401,202118.54,12732864,47028.84,9076053,75235.3,9699161,14040.12,2715501,42819.68,1643419
2025-11-10,geo_1,14000000,2044577.66,101.891,149829.36,10550891,44496.57,8617996,28595.5,4328781,16627.42,3051142,40446.09,1527380
2025-11-17,geo_1,14000000,1820804.34,104.112,153727.6,11162752,30410.88,5960592,68213.89,8952108,16758.17,3268289,40578.56,1366505
2025-11-24,geo_1,14000000,2282655.36,105.219,39606.68,2743434,35404.52,6365893,67688.72,9304644,14791.25,2638483,56890.28,2063457
2025-12-01,geo_1,14000000,2044603.51,104.482,159560.73,11414674,10111.68,1914177,66619.57,9475933,35799.37,7185324,47948.51,1956625
2025-12-08,geo_1,14000000,2059327.22,106.959,139951.59,9725170,9816.27,1832415,27284.64,3762580,46237.76,8739595,41086.98,1423708
2025-12-15,geo_1,14000000,1833528.12,105.516,145453.6,9715930,10558.0,1860588,27179.14,3928452,41378.46,7450182,41936.82,1605002
2025-12-22,geo_1,14000000,2217788.6,105.884,160158.83,11170136,11188.3,2108791,24479.45,3285829,16361.83,3169952,44245.31,1643356
2023-01-02,geo_2,9000000,1311824.01,98.801,103591.44,8336836,7193.84,1078943,40669.01,6501528,13753.18,2633090,29183.55,1262612
2023-01-09,geo_2,9000000,1161763.97,100.548,99250.26,7281804,23306.03,3945705,37606.93,5560164,19921.46,3631695,29840.9,1328332
2023-01-16,geo_2,9000000,1245896.26,101.362,96254.44,6527711,25677.19,3861711,41441.5,5733619,28296.39,5051591,28458.43,950646
2023-01-23,geo_2,9000000,1253343.2,101.381,125408.93,8961370,23029.99,3522629,13643.93,2153922,24786.33,5420770,37149.17,1501751
2023-01-30,geo_2,9000000,1362210.79,100.803,27722.96,1858052,22280.87,3674040,17829.66,2693974,12035.57,2248057,31742.09,1371822
2023-02-06,geo_2,9000000,1342825.78,102.02,28103.4,1799808,6491.63,1032339,34386.63,5169826,9028.97,1657458,27881.53,1229750
2023-02-13,geo_2,9000000,1253969.92,102.129,27735.55,2036254,7471.95,1104845,32562.4,5071013,10274.17,1953264,25155.35,955664
2023-02-20,geo_2,9000000,1136964.41,100.985,22066.84,1639982,6413.9,1027181,31392.14,4675789,9092.37,1780250,31260.05,1389895
2023-02-27,geo_2,9000000,1297333.67,100.229,21219.27,1844512,5071.31,863070,14306.81,2200411,11239.19,2159132,28871.17,1180713
2023-03-06,geo_2,9000000,1236294.42,101.247,21494.76,1495234,6977.13,1030451,15528.11,2213101,12439.07,2511229,59023.62,2381747
2023-03-13,geo_2,9000000,1234007.27,100.985,32366.66,2730271,8273.53,1427622,15157.87,2352847,10768.64,2120768,71693.35,3028766
2023-03-20,geo_2,9000000,1183816.95,104.728,26157.21,2050653,7677.26,1322389,12939.5,1974315,9735.14,1787497,30688.62,1458917
2023-03-27,geo_2,9000000,1274903.72,104.195,29116.13,2327702,8833.56,1417380,14037.08,2002243,10784.81,2056292,37128.82,1495095
2023-04-03,geo_2,9000000,1256891.18,102.335,87164.69,6389473,5473.71,836130,12274.49,1685407,10699.2,2290501,32652.37,1318568
2023-04-10,geo_2,9000000,1333414.47,100.7,102710.18,7279830,26780.33,4207111,14178.16,2175715,10174.23,2104400,28916.24,1389646
2023-04-17,geo_2,9000000,1346632.27,99.407,106103.44,7446711,31604.93,5125568,39625.8,5978859,8537.47,1745495,28075.01,1115691
2023-04-24,geo_2,9000000,1360523.92,96.612,91546.6,6836002,23305.15,3991344,38173.41,6026015,11246.7,1993620,38715.35,1685437
2023-05-01,geo_2,9000000,1285542.18,98.646,27410.69,2142659,32637.7,5180277,33530.44,4740082,9073.02,1761407,30329.96,1304718
2023-05-08,geo_2,9000000,1266353.85,98.125,23002.63,1598533,7612.08,1319449,13666.34,1841783,27034.86,5211174,60983.42,2831456
2023-05-15,geo_2,9000000,1371025.87,98.245,24104.95,1770625,7128.18,1211435,15624.47,2348921,40518.01,7605536,64886.16,2951601
2023-05-22,geo_2,9000000,1131345.7,98.329,28680.05,2209448,7012.28,1054169,15381.49,2755862,37268.87,7176352,26019.09,1105668
2023-05-29,geo_2,9000000,1204296.59,100.87,31623.99,2455344,7955.31,1314322,13022.26,2021434,11763.68,2177147,25164.43,1074225
2023-06-05,geo_2,9000000,1098351.61,101.892,26839.39,1793575,7925.39,1085017,14027.43,1927447,12672.74,2542060,25494.87,996657
2023-06-12,geo_2,9000000,1132603.63,100.41,23716.38,1657250,6197.12,1099364,16124.34,2416482,13885.23,2814231,28199.86,1036243
2023-06-19,geo_2,9000000,1125283.16,100.83,24351.36,1782116,6637.92,1116887,16885.26,2765964,11495.88,2223918,26644.17,1259995
2023-06-26,geo_2,9000000,1202737.96,99.444,30501.89,2324666,6819.31,1104264,16303.45,2363281,9102.77,1727303,25266.84,1059598
2023-07-03,geo_2,9000000,1155768.75,100.723,22045.54,1697511,7073.67,1058244,18616.32,2710407,9539.92,1934898,27310.79,1179855
2023-07-10,geo_2,9000000,1166363.59,103.13,21938.4,1528157,6879.38,1082130,13694.24,2219922,14250.56,2739634,64461.91,2440424
2023-07-17,geo_2,9000000,1166410.94,102.699,20628.95,1509981,7020.6,1099398,17033.75,2711334,14514.28,2971465,62679.29,2686532
2023-07-24,geo_2,9000000,1202267.53,102.085,102112.44,7366200,8177.31,1315419,14315.5,2278517,14145.64,2744004,27483.71,1263030
2023-07-31,geo_2,9000000,1110968.27,101.22,100440.03,8487210,26781.29,4107212,15537.21,2255634,13568.21,2750574,28697.93,1305260
2023-08-07,geo_2,9000000,1274783.21,100.315,87967.11,6647788,26455.58,4743060,14606.27,2491166,29817.79,5304057,28798.63,1219112
2023-08-14,geo_2,9000000,1317288.88,98.082,85896.3,5941525,23472.58,3694055,38531.23,5635591,30420.95,6328444,30712.21,1255076
2023-08-21,geo_2,9000000,1219914.56,98.388,23862.66,1689545,31055.01,5094555,32892.35,4911204,28203.37,5581833,36518.47,1567147
2023-08-28,geo_2,9000000,1140975.12,97.493,23618.13,1770555,7016.6,1107344,44868.5,5954099,12464.03,2498165,28641.05,1154155
2023-09-04,geo_2,9000000,1188306.2,97.111,21933.55,1673925,6870.63,1130172,14780.12,2137473,28040.12,5416586,31387.34,1289497
2023-09-11,geo_2,9000000,1159889.5,99.581,23585.34,1803088,7425.82,1212292,14085.34,2361802,23316.73,4571251,30096.34,1371538
2023-09-18,geo_2,9000000,1156925.31,100.261,25146.33,1899026,6608.2,1002891,26545.96,4177471,34950.53,6606725,31531.41,1414470
2023-09-25,geo_2,9000000,1043859.45,100.641,22017.72,1614757,8186.08,1346406,35813.27,5184784,12844.65,2470553,29243.36,1253495
2023-10-02,geo_2,9000000,1162588.68,101.805,24029.66,1825003,8596.28,1547826,34379.49,5125329,13543.37,2654328,26533.66,1054380
2023-10-09,geo_2,9000000,974911.64,103.618,25039.83,1837685,7818.4,1171614,15521.3,2167534,11084.53,2108098,26214.36,923238
2023-10-16,geo_2,9000000,993959.95,102.563,23964.97,1843984,7389.33,1246035,15012.78,2182074,11897.67,2336797,22752.77,1009591
2023-10-23,geo_2,9000000,901085.79,102.271,27023.72,2070541,7736.96,1175751,13100.91,1921920,11381.8,2180716,24241.43,964104
2023-10-30,geo_2,9000000,1112658.95,102.551,26401.55,1892170,7748.27,1292291,11504.69,1740721,9670.61,1773731,25515.04,969497
2023-11-06,geo_2,9000000,1029360.02,104.528,79154.78,5451168,6400.16,939659,16152.34,2294376,9908.7,1702195,27078.05,1193690
2023-11-13,geo_2,9000000,1089715.39,105.265,103951.55,7563562,25208.24,4436404,13215.41,1939525,13688.94,2476199,27969.44,1174225
2023-11-20,geo_2,9000000,1443813.21,101.326,98238.47,7535243,26979.19,4736396,15366.89,2619381,11029.27,2309777,54916.16,2335222
2023-11-27,geo_2,9000000,1403860.68,99.092,95723.4,7554557,25338.88,4305780,16508.76,2530745,11861.66,2398472,52562.82,2235636
2023-12-04,geo_2,9000000,1342853.05,101.173,29489.98,2256446,31965.12,5163959,46911.12,7560694,10793.24,2080970,23744.69,1001390
2023-12-11,geo_2,9000000,1271524.45,101.478,108814.34,7180683,6485.58,1065174,33237.16,4665406,10745.36,1946609,24630.46,928586
2023-12-18,geo_2,9000000,1259181.16,100.069,116913.92,7347162,26555.99,4087771,32552.05,4886214,9662.96,2011794,30133.92,1299182
2023-12-25,geo_2,9000000,1473036.94,102.169,102396.68,6868881,25370.1,4471813,13445.83,1897548,11534.49,2211335,32001.08,1406301
2024-01-01,geo_2,9000000,1362997.14,101.015,132862.71,10415994,27975.87,4993662,13323.44,2131413,10096.83,1958773,28824.99,1166541
2024-01-08,geo_2,9000000,1326903.62,103.648,29304.76,2231197,24197.29,3874468,16507.9,2707219,11516.87,2385050,53574.26,2334527
2024-01-15,geo_2,9000000,1346907.17,101.01,26325.45,1963511,6084.36,937989,40401.7,6266450,9546.43,1720035,50951.72,2103680
2024-01-22,geo_2,9000000,1336066.93,102.534,140260.36,9632228,7597.9,1252660,41180.78,6162327,10528.1,2012187,34063.86,1356857
2024-01-29,geo_2,9000000,1442658.17,104.385,99217.71,6978441,29171.14,4313274,39491.29,6020329,11026.36,2266209,30502.57,1213303
2024-02-05,geo_2,9000000,1582104.73,102.604,140339.72,10869269,24514.37,4027829,15422.71,2440426,12342.58,2113580,27428.07,1110035
2024-02-12,geo_2,9000000,1259258.94,104.178,107243.56,8574546,22021.89,3854463,14648.83,2166098,10408.08,1962074,31358.38,1396507
2024-02-19,geo_2,9000000,1485261.27,102.53,25386.32,1808626,20853.73,3223942,13937.09,1984334,11638.06,2062912,30071.48,1224493
2024-02-26,geo_2,9000000,1310706.32,102.973,24623.4,1648224,6602.7,1041080,32733.29,4416037,11461.79,2284611,25938.52,937250
2024-03-04,geo_2,9000000,1261123.39,102.7,25528.15,1820243,6491.57,995388,40712.92,6547814,11537.4,2363009,32466.82,1505404
2024-03-11,geo_2,9000000,1249946.41,104.648,24815.1,1856586,5869.08,1037352,34009.42,5388841,11155.98,2345564,33140.13,1371288
2024-03-18,geo_2,9000000,1216380.26,104.697,28248.5,2278990,7557.86,1257141,11685.02,1684250,11214.27,2072320,34853.92,1392730
2024-03-25,geo_2,9000000,1286357.69,100.552,26772.04,1871417,22893.7,3698471,11376.63,1566677,10853.89,2003977,29133.72,1361412
2024-04-01,geo_2,9000000,1206116.26,100.634,21663.1,1715152,27502.4,4663262,15697.42,2319520,9175.04,1936536,33668.73,1423679
2024-04-08,geo_2,9000000,1171652.03,100.767,27615.03,1930390,27960.61,4603212,13856.8,2011090,11659.33,2572924,33053.57,1547970
2024-04-15,geo_2,9000000,1179807.79,101.662,22627.46,1751874,26528.69,4570800,13960.81,2058958,10926.6,2120198,30204.27,1282062
2024-04-22,geo_2,9000000,1305088.24,99.198,29236.93,2099284,7072.63,1152094,12128.38,1877738,11643.43,2117958,29177.7,1142012
2024-04-29,geo_2,9000000,1108463.35,100.564,26741.29,2292525,8197.89,1267309,15020.99,2271697,33670.58,6491644,30632.74,1389617
2024-05-06,geo_2,9000000,1242419.23,96.773,26769.49,2034650,7841.63,1254586,16977.56,2571841,31088.74,6591005,30674.69,1225379
2024-05-13,geo_2,9000000,1451304.14,99.005,31285.0,2456788,30495.52,5018396,16440.72,2664667,29927.26,6129258,29298.99,1164561
2024-05-20,geo_2,9000000,1168726.72,100.581,21548.47,1536238,22141.25,3385922,13708.95,1986119,11923.74,2277401,30719.16,1412787
2024-05-27,geo_2,9000000,1263146.0,100.363,35764.39,2829231,38708.22,6136962,15127.68,2536030,11457.24,2485523,27989.39,1226070
2024-06-03,geo_2,9000000,1156539.98,101.285,37523.15,3231202,37201.59,6458691,15594.25,2407744,10971.66,1995967,27296.43,1114738
2024-06-10,geo_2,9000000,1311301.73,100.982,28508.23,2035408,7637.6,1235856,13440.45,1871283,32167.14,5846328,27157.18,1203077
2024-06-17,geo_2,9000000,1282721.01,100.442,26279.34,1875062,8242.85,1363064,12883.87,2029392,39580.25,7713931,27182.27,1032989
2024-06-24,geo_2,9000000,1154230.16,101.85,22767.58,1616601,7663.75,1211100,12683.21,1935691,34585.08,6600699,28178.78,1101361
2024-07-01,geo_2,9000000,1207537.14,102.048,29013.32,2152031,9339.7,1438788,17650.05,2646820,12899.57,2573464,29808.18,1388615
2024-07-08,geo_2,9000000,1164141.65,103.38,24000.16,1519774,6942.75,1132891,41238.58,5439430,15809.44,2963269,54085.85,2346899
2024-07-15,geo_2,9000000,1231437.52,101.611,23015.81,1803755,8000.06,1161507,35274.22,5816488,12159.49,2499668,67425.81,2789735
2024-07-22,geo_2,9000000,1252921.96,102.451,22584.66,1603258,7007.67,1095087,35941.73,5863983,11781.36,2286263,37675.56,1788080
2024-07-29,geo_2,9000000,1086001.66,102.436,30158.14,2209347,7796.99,1255193,16925.38,2575261,13865.75,2889533,33782.79,1498831
2024-08-05,geo_2,9000000,1184526.83,102.828,28097.72,2298847,8168.69,1389783,17788.39,2767541,29035.15,5931917,28997.69,1166591
2024-08-12,geo_2,9000000,1256549.69,102.984,84002.21,6815803,6843.37,1049615,17209.06,2748959,31532.95,6252899,26315.96,1030012
2024-08-19,geo_2,9000000,1118148.69,101.321,96795.55,7896702,31361.9,4909952,14651.23,2140721,20771.78,3878570,30432.26,1179721
2024-08-26,geo_2,9000000,1189265.26,101.934,85328.49,5589539,23762.41,4074257,15328.7,2225501,10664.22,1982971,28800.94,1372558
2024-09-02,geo_2,9000000,1183593.23,101.238,113084.61,7974230,28429.84,4168642,16631.86,2645910,10924.12,2108158,29970.11,1260992
2024-09-09,geo_2,9000000,1057780.42,102.575,22452.38,1726562,25264.41,3865003,46501.46,6360760,11312.17,2025521,26197.52,1023031
2024-09-16,geo_2,9000000,1157185.99,102.864,24291.18,1861149,8334.53,1359501,43825.89,6830730,11746.13,2075760,27981.13,1189590
2024-09-23,geo_2,9000000,1098493.54,102.016,24245.35,1744173,8070.35,1288801,38698.75,5844475,9164.35,1716978,31568.32,1346830
2024-09-30,geo_2,9000000,1070220.29,99.996,95107.0,7145518,6568.31,961446,14655.36,2260594,11670.16,2072962,29829.53,1323842
2024-10-07,geo_2,9000000,1243278.61,101.229,84784.31,6351086,29738.3,4478650,18010.08,2849608,10634.09,2068482,32651.13,1457599
2024-10-14,geo_2,9000000,1056474.41,102.1,99757.96,8016396,27310.64,4401699,12145.42,1691254,11354.64,2083044,26319.96,1096811
2024-10-21,geo_2,9000000,1165703.1,102.54,85514.71,6324785,26802.0,4610380,14339.27,2177867,10573.94,1828676,24604.57,1035736
2024-10-28,geo_2,9000000,1216865.62,102.384,30404.5,2363465,29453.68,4285854,14111.96,2104194,12497.43,2233084,31343.13,1282634
2024-11-04,geo_2,9000000,1086508.8,104.254,28479.16,2024395,7058.21,1151261,14732.15,2249016,11849.55,2274773,26642.56,1088578
2024-11-11,geo_2,9000000,1007637.99,104.558,19379.01,1456219,5300.76,807603,16769.55,2778368,11899.85,2354164,28227.57,1226485
2024-11-18,geo_2,9000000,1093177.14,103.223,22345.31,1722294,6440.43,1065504,11584.21,1862191,12422.35,2507497,32472.61,1393508
2024-11-25,geo_2,9000000,1366616.45,103.338,34830.82,2780798,8803.92,1343782,10809.66,1785097,28081.71,5044104,29257.93,1221201
2024-12-02,geo_2,9000000,1198183.06,104.949,30056.98,2424142,6837.2,1070527,16284.9,2567005,34677.51,7359967,68926.97,2722448
2024-12-09,geo_2,9000000,1175122.35,105.43,26736.75,1764289,6610.68,929818,17932.75,2595747,33413.28,5876280,60736.08,2582738
2024-12-16,geo_2,9000000,1311801.06,106.088,32369.64,2256456,7429.3,1268541,17576.6,2749447,13527.64,2477416,30689.81,1212228
2024-12-23,geo_2,9000000,1370496.57,105.52,28208.32,2042480,7488.9,1236243,43065.85,6662276,13111.65,2278621,31241.86,1316240
2024-12-30,geo_2,9000000,1264042.96,106.449,127730.73,8873385,7979.37,1332315,38643.81,6142043,13054.9,2487598,31316.22,1371305
2025-01-06,geo_2,9000000,1412745.16,104.625,107194.34,8692333,27460.58,4371754,35220.68,5579664,13527.17,2549362,30213.25,1292164
2025-01-13,geo_2,9000000,1442232.61,103.725,140754.79,11278724,28223.27,4872940,18916.6,2865228,12251.24,2387935,27331.39,1046887
2025-01-20,geo_2,9000000,1413641.33,104.035,113975.72,8707858,28300.0,4648711,13017.85,1935523,10590.4,1951249,28949.26,1327916
2025-01-27,geo_2,9000000,1463026.48,103.044,22919.87,1644118,23899.56,3762149,17030.38,2448095,23031.11,4574767,34430.52,1577011
2025-02-03,geo_2,9000000,1371647.75,103.169,27810.05,1914071,8101.13,1221971,14448.76,2232879,25827.91,5417265,33287.06,1279541
2025-02-10,geo_2,9000000,1256621.99,104.722,24969.75,1861053,7239.05,1173735,14474.87,1911527,35514.43,6571754,32439.16,1228047
2025-02-17,geo_2,9000000,1387579.88,102.019,27907.53,1848531,6516.68,1142039,12537.69,1794810,11791.13,2170097,24532.87,1105012
2025-02-24,geo_2,9000000,1238211.67,99.289,111594.05,8300463,6514.72,1088771,13370.13,2089006,13275.91,2484047,23366.72,964924
2025-03-03,geo_2,9000000,1403955.0,100.891,110866.78,8269929,27995.82,4714034,13443.84,2073043,14770.36,2769453,26579.27,1193441
2025-03-10,geo_2,9000000,1319895.9,103.576,96430.15,6893929,30176.75,4924735,11446.42,1623257,13113.99,2472018,24499.7,1098638
2025-03-17,geo_2,9000000,1370002.57,103.205,111791.9,8831121,28240.29,4923814,11816.46,1633091,11406.62,2194066,54255.79,2299764
2025-03-24,geo_2,9000000,1294465.22,102.231,24306.0,1702192,31042.03,5367130,10169.74,1518066,11534.55,2208041,56577.26,2310219
2025-03-31,geo_2,9000000,1354073.61,99.005,30678.51,1978954,8722.05,1521634,13444.79,2178491,13177.89,2480500,27322.55,1141015
2025-04-07,geo_2,9000000,1219034.56,100.273,21632.61,1612729,6086.62,962421,10688.43,1511894,10511.17,2322015,27398.42,1013913
2025-04-14,geo_2,9000000,1251209.9,102.33,24860.66,1564401,6469.85,1052915,12488.31,1818188,12481.8,2513895,31771.48,1311602
2025-04-21,geo_2,9000000,1157512.49,101.658,24172.15,1675317,8529.19,1469814,41198.49,6235206,13802.84,2617424,25539.55,994278
2025-04-28,geo_2,9000000,1292318.8,98.851,22693.39,1714754,6385.94,1141109,36480.58,5427759,12125.97,2354307,28531.4,1258580
2025-05-05,geo_2,9000000,1216574.35,96.754,27161.96,1765693,25450.42,4089035,32060.89,4639238,11518.02,2125285,27017.07,1187242
2025-05-12,geo_2,9000000,1311330.31,100.221,27419.04,2122002,23621.62,3797993,15915.5,2184034,11650.13,2255932,26444.93,1254093
2025-05-19,geo_2,9000000,1122466.28,102.187,26349.88,2004618,23750.63,4055872,14468.63,1969512,11511.88,2276092,24114.95,1071898
2025-05-26,geo_2,9000000,1251084.95,98.683,32906.56,2221145,33622.15,5704697,15284.7,2409025,9768.48,1755476,27312.08,1219093
2025-06-02,geo_2,9000000,1299828.42,98.653,25614.17,1859926,8094.19,1342506,31642.7,4732933,31396.17,5801050,25792.4,1151148
2025-06-09,geo_2,9000000,1276285.83,99.217,28826.62,2098982,7283.85,1171954,38971.21,5996644,30403.08,5573869,32511.44,1336598
2025-06-16,geo_2,9000000,1159924.29,97.873,25803.36,1649772,9132.33,1585462,35272.94,4909949,22792.45,4248112,31554.44,1281477
2025-06-23,geo_2,9000000,1171991.47,98.267,25841.95,1688912,8777.54,1377091,12990.18,1923912,12252.15,2201437,25277.09,1191920
2025-06-30,geo_2,9000000,1191481.31,101.947,21584.03,1458670,6726.34,1198170,12691.07,1834223,13666.55,2440626,31091.02,1312010
2025-07-07,geo_2,9000000,1202504.62,101.337,22539.65,1726555,5760.43,983846,35017.65,4892192,32354.1,5837959,32481.5,1317328
2025-07-14,geo_2,9000000,1181383.64,100.887,29072.41,2081319,7630.89,1122363,32275.37,4662092,31590.45,6250382,32637.56,1477698
2025-07-21,geo_2,9000000,1158036.73,98.323,22936.59,1716984,6717.83,1055123,37120.54,5631657,27347.46,4985670,73050.12,3008749
2025-07-28,geo_2,9000000,1312725.05,99.311,29797.28,2166885,9038.52,1432038,15616.21,2212887,11264.16,2033782,78839.31,3081416
2025-08-04,geo_2,9000000,1227084.36,100.008,121629.94,8184316,8343.85,1299365,13877.02,2143094,11998.14,2286358,26002.56,1012998
2025-08-11,geo_2,9000000,1273671.41,99.359,90115.72,6637745,7679.46,1329597,18088.92,2520050,32013.22,5944895,26560.24,1060229
2025-08-18,geo_2,9000000,1310425.78,96.747,104613.42,7787174,9384.93,1604686,16018.35,2211845,25220.89,4540635,25431.3,987133
2025-08-25,geo_2,9000000,1287211.53,97.43,102842.22,7806069,6848.41,1083223,28954.59,4631203,32683.19,5832335,28239.67,1190372
2025-09-01,geo_2,9000000,1316829.86,95.924,31349.16,2525201,7769.66,1277896,39395.48,5922664,10002.0,1941515,26302.13,1155888
2025-09-08,geo_2,9000000,1300997.06,97.604,34594.4,2696445,9976.21,1403231,30805.24,4710886,25550.01,4483367,61088.62,2843489
2025-09-15,geo_2,9000000,1113937.83,98.683,31163.75,2107236,9221.56,1510466,11481.65,1782414,31433.04,6095206,44204.23,1917087
2025-09-22,geo_2,9000000,1240054.19,97.086,123000.56,10540585,7142.78,1175003,33692.71,5485731,22422.94,4185100,25707.41,1146147
2025-09-29,geo_2,9000000,1387083.53,96.709,129346.06,10317293,7904.89,1291641,40556.65,5952942,12894.11,2507317,59102.59,2536381
2025-10-06,geo_2,9000000,1316763.92,97.237,91407.19,7053322,6129.73,912457,41050.18,6182546,12683.68,2758989,62166.78,2257770
2025-10-13,geo_2,9000000,1279305.11,97.758,99776.67,7437077,7520.4,1290368,13009.66,1918290,12630.64,2386371,23798.97,1089220
2025-10-20,geo_2,9000000,1199602.54,97.604,27422.65,1908833,7529.92,1200926,35523.75,5184571,12217.67,2113146,23299.57,972438
2025-10-27,geo_2,9000000,1224891.17,101.472,98872.0,7544553,6602.13,1016081,35114.46,5141935,11878.42,2201478,25437.78,997337
2025-11-03,geo_2,9000000,1298978.08,102.401,125848.64,8357773,31525.71,4917448,37508.49,5337400,10179.82,1922779,24782.85,986646
2025-11-10,geo_2,9000000,1285172.99,101.891,89427.65,6531227,29772.45,4319441,14532.88,2310103,10765.0,2345196,24625.84,988504
2025-11-17,geo_2,9000000,1374301.61,104.112,105967.57,7647623,20917.79,2954034,35565.82,5240043,9878.55,1892595,24483.62,1190796
2025-11-24,geo_2,9000000,1523072.75,105.219,29286.13,2046205,24303.68,3834875,35024.2,5334913,9106.88,1777095,33739.51,1367281
2025-12-01,geo_2,9000000,1258834.64,104.482,129717.9,9086937,7918.91,1361632,33797.56,4954859,22924.14,4704779,29779.25,1152762
2025-12-08,geo_2,9000000,1245865.07,106.959,107944.63,7494691,7752.62,1240988,14002.12,2075446,30334.43,5934871,25912.31,1044377
2025-12-15,geo_2,9000000,1277235.77,105.516,121147.04,8778700,8377.08,1373319,12856.71,2108898,24652.95,4319768,25068.73,1114433
2025-12-22,geo_2,9000000,1550290.03,105.884,126625.05,9377056,8187.54,1356941,12573.25,1934277,10462.79,2280698,29029.66,1257009
2023-01-02,geo_3,7000000,956755.24,98.801,91249.09,7905121,6562.74,1031981,26299.23,4078315,9922.93,1811895,21944.68,904256
2023-01-09,geo_3,7000000,1018590.57,100.548,85031.77,6885298,21213.94,3253410,22845.87,3347923,14968.82,2652426,22683.48,997046
2023-01-16,geo_3,7000000,896132.16,101.362,79175.48,6058241,23867.79,3908933,25324.21,3416390,23115.29,3673901,21083.41,903316
2023-01-23,geo_3,7000000,1063307.32,101.381,96552.34,8008595,23709.01,3923521,8695.6,1139224,21050.46,3816095,28743.31,1310176
2023-01-30,geo_3,7000000,1104560.56,100.803,19856.99,1595460,21380.22,3552203,10356.91,1401202,9898.78,1714981,25949.94,1087234
2023-02-06,geo_3,7000000,1045287.35,102.02,20616.59,1846694,5790.0,911121,22528.26,3009418,7693.62,1396585,22397.77,838257
2023-02-13,geo_3,7000000,1013274.75,102.129,24168.98,2012607,5973.72,1039115,21106.76,2732175,9845.49,1864622,21766.52,931172
2023-02-20,geo_3,7000000,1009913.45,100.985,19967.21,1918453,5035.37,753334,20350.48,2803090,8540.51,1625855,25824.32,1075197
2023-02-27,geo_3,7000000,942622.97,100.229,19700.62,1647522,3944.36,637945,8660.49,1298627,9962.61,1698529,23723.44,937284
2023-03-06,geo_3,7000000,910041.81,101.247,18544.64,1509795,4767.49,778592,9300.37,1226245,11574.56,1930616,47102.43,1898015
2023-03-13,geo_3,7000000,958567.59,100.985,26942.65,2391513,5389.65,850336,9533.02,1241499,9653.41,1587233,48586.34,2227815
2023-03-20,geo_3,7000000,921417.47,104.728,20565.47,1827412,4941.84,858355,8678.37,1161161,9371.48,1616890,21110.14,895992
2023-03-27,geo_3,7000000,909995.53,104.195,23630.06,1836246,5780.83,1018484,9968.3,1182294,10188.58,1663347,27670.35,1163701
2023-04-03,geo_3,7000000,1011290.61,102.335,67490.22,5691583,3526.99,621015,8440.39,1151930,10592.74,1710398,21732.2,873747
2023-04-10,geo_3,7000000,967293.88,100.7,79643.03,8050882,17684.51,2854526,9459.94,1238046,8476.83,1580697,18801.25,802622
2023-04-17,geo_3,7000000,1034834.72,99.407,83710.79,6150918,19184.19,2859795,23891.93,3229140,6774.26,1262218,18529.51,794821
2023-04-24,geo_3,7000000,1049949.56,96.612,79997.57,7318633,14338.53,2285940,23573.04,3252471,8436.05,1649431,26183.31,1067931
2023-05-01,geo_3,7000000,1152213.12,98.646,23416.98,2179845,21772.73,3524981,22128.28,2878879,7356.34,1247915,21894.61,975006
2023-05-08,geo_3,7000000,905875.3,98.125,19096.8,1593790,4937.71,763180,8462.22,1013120,21398.63,3950328,47419.31,2106233
2023-05-15,geo_3,7000000,1091316.77,98.245,18606.74,1491495,5019.51,864213,10123.81,1296948,31428.52,5839046,52997.52,2225822
2023-05-22,geo_3,7000000,943864.98,98.329,21176.72,1891046,5056.97,782592,8903.07,1124165,29165.8,5017938,22953.02,882119
2023-05-29,geo_3,7000000,919021.02,100.87,22551.51,1917178,5638.25,896236,7336.05,958744,9944.48,1753177,22666.96,1024128
2023-06-05,geo_3,7000000,905523.7,101.892,18897.09,1667372,5201.03,731895,8783.35,1178126,11091.54,2013522,23415.98,965177
2023-06-12,geo_3,7000000,917973.33,100.41,17047.11,1507370,4543.31,760275,10013.63,1438195,13378.57,2416207,26121.35,1159025
2023-06-19,geo_3,7000000,817828.55,100.83,17039.88,1309473,4877.21,751965,10187.92,1411521,10256.27,1601150,24738.92,985636
2023-06-26,geo_3,7000000,897846.89,99.444,20241.91,1702728,5213.28,751684,9908.87,1309685,7791.39,1329359,21540.0,883952
2023-07-03,geo_3,7000000,929550.05,100.723,15225.9,1410909,4976.65,780887,12789.77,1660828,7596.6,1484742,23235.5,932081
2023-07-10,geo_3,7000000,868630.26,103.13,15331.37,1479192,5258.71,924834,9276.93,1265808,10750.14,2000529,59600.88,2368148
2023-07-17,geo_3,7000000,931261.68,102.699,16001.62,1385748,5539.82,884150,12121.33,1580938,10293.12,1712445,53788.05,2332665
2023-07-24,geo_3,7000000,890248.78,102.085,84969.13,6615236,5971.76,920204,9776.91,1343510,10403.29,1686368,22666.1,910346
2023-07-31,geo_3,7000000,931064.28,101.22,81168.09,6914859,19921.39,3219052,10132.64,1314889,9973.23,1765231,24391.89,881857
2023-08-07,geo_3,7000000,1026993.07,100.315,73276.82,5902438,19357.11,3404246,8990.9,1179852,23671.08,4409653,25234.26,1024163
2023-08-14,geo_3,7000000,978705.79,98.082,73900.89,6048920,18542.27,2867642,25926.82,3527385,23515.83,4298276,25554.13,1028876
2023-08-21,geo_3,7000000,962898.62,98.388,19233.28,1614368,22400.25,3788018,20593.65,2996356,20496.89,3209208,30486.59,1218042
2023-08-28,geo_3,7000000,861004.69,97.493,17423.23,1595250,4881.98,745965,29584.92,3901627,9628.88,1743128,24473.99,1010675
2023-09-04,geo_3,7000000,928307.3,97.111,15953.01,1478763,4604.27,698424,9981.73,1411865,23080.9,3824086,24955.87,911234
2023-09-11,geo_3,7000000,811183.24,99.581,15857.03,1257759,5294.46,904317,10955.46,1563586,19469.07,3448151,23871.75,870463
2023-09-18,geo_3,7000000,824648.53,100.261,18064.63,1339349,4671.06,736705,21746.06,2890231,28285.01,4570643,24975.77,988051
2023-09-25,geo_3,7000000,849295.33,100.641,17108.8,1437705,5715.28,960097,27771.93,3606020,10350.78,1862097,23563.21,1032791
2023-10-02,geo_3,7000000,829438.43,101.805,17640.88,1625822,6784.56,1111253,26316.27,3525021,10888.71,1984946,23139.29,1015809
2023-10-09,geo_3,7000000,720362.06,103.618,18190.54,1548664,6279.6,1079167,12707.84,1744700,8836.66,1297618,24183.1,1052777
2023-10-16,geo_3,7000000,725354.23,102.563,17130.39,1350451,6099.21,1090193,12320.5,1686274,9522.35,1691548,20988.61,831952
2023-10-23,geo_3,7000000,804946.56,102.271,19279.89,1689996,6557.98,963159,11351.59,1558244,8754.94,1695273,23472.18,938767
2023-10-30,geo_3,7000000,876089.55,102.551,20081.33,1841122,6599.55,1107214,10198.9,1437759,8355.21,1492497,25465.93,936485
2023-11-06,geo_3,7000000,807400.95,104.528,60678.48,5255835,5380.21,870882,14133.63,1808116,9106.59,1701215,27619.95,1131657
2023-11-13,geo_3,7000000,868986.77,105.265,80960.7,7391218,21095.81,3125359,11365.16,1500307,13970.43,2388599,28432.88,1208941
2023-11-20,geo_3,7000000,1124216.06,101.326,76120.45,6193081,22821.87,3431837,13684.75,1787025,10776.7,1908994,54012.0,2337600
2023-11-27,geo_3,7000000,959920.71,99.092,68875.07,6774240,25533.11,3787697,13783.94,1889110,11497.78,1969840,50612.59,1976478
2023-12-04,geo_3,7000000,986521.47,101.173,20414.02,1616792,31748.96,4849754,35930.29,4522400,10873.92,1818199,23201.21,876966
2023-12-11,geo_3,7000000,1005896.07,101.478,79789.58,7172536,6714.22,1019855,26458.06,3425501,10096.52,1823268,21596.64,929416
2023-12-18,geo_3,7000000,1073608.48,100.069,83758.04,6732287,27467.18,4614144,27096.98,3131297,8702.83,1629164,23750.65,911155
2023-12-25,geo_3,7000000,1208206.1,102.169,74850.35,6998963,25383.13,3825930,12017.64,1797413,10361.28,1907843,24113.58,1003208
2024-01-01,geo_3,7000000,1016512.34,101.015,98431.46,7899371,26883.89,4171521,11727.88,1540066,8813.66,1668382,21808.25,910515
2024-01-08,geo_3,7000000,1054919.78,103.648,21564.51,1861383,22620.75,3383519,12971.13,1681597,9846.64,1688951,41173.02,1646465
2024-01-15,geo_3,7000000,1033814.96,101.01,19458.7,1620441,5875.07,1005795,28538.63,3826417,8008.74,1273698,41482.89,1703769
2024-01-22,geo_3,7000000,1055176.92,102.534,101714.95,9345014,7101.64,1062627,30046.94,4408286,8656.29,1596475,25325.46,1187869
2024-01-29,geo_3,7000000,1002067.27,104.385,74676.4,6005573,26571.86,3962815,26983.51,3962647,9289.16,1724143,24466.5,1010752
2024-02-05,geo_3,7000000,1100550.86,102.604,105328.84,9028943,23641.13,3904678,11748.08,1563060,10654.96,1799199,23542.92,943022
2024-02-12,geo_3,7000000,1064689.69,104.178,84062.02,7574748,22793.74,3459798,12598.04,1514787,8301.48,1360075,27860.89,1133980
2024-02-19,geo_3,7000000,1074575.65,102.53,20118.55,1660416,20677.55,3159490,11637.8,1573492,9163.41,1652719,26284.02,950160
2024-02-26,geo_3,7000000,1052927.79,102.973,21507.23,1942787,6254.56,986658,27513.66,3744612,9462.93,1722744,20944.87,854446
2024-03-04,geo_3,7000000,976526.92,102.7,20240.39,1762354,6615.81,1135520,34499.76,4479779,9443.21,1889331,27379.9,1094505
2024-03-11,geo_3,7000000,949344.2,104.648,19782.16,1564695,5794.95,1057582,28125.48,3765208,8710.76,1485535,27933.33,1242138
2024-03-18,geo_3,7000000,999498.06,104.697,21372.01,1777674,7448.08,1169775,9715.02,1251895,8783.06,1645616,30886.97,1230225
2024-03-25,geo_3,7000000,984530.47,100.552,19931.85,1830099,22122.68,3327027,9512.0,1308441,8133.52,1339221,25587.03,953629
2024-04-01,geo_3,7000000,937297.78,100.634,16132.02,1395859,24091.11,3959524,12859.94,1940207,7276.13,1126680,30992.12,1224248
2024-04-08,geo_3,7000000,993539.75,100.767,20316.21,1650244,22955.36,3388927,11131.4,1433364,9035.22,1615476,29978.26,1188586
2024-04-15,geo_3,7000000,925882.36,101.662,17022.21,1607545,22435.91,3211262,10371.3,1414088,7605.52,1316561,28017.98,1212251
2024-04-22,geo_3,7000000,973797.03,99.198,21723.67,1891877,5541.24,914294,9947.37,1362155,8445.18,1564804,26254.63,1014250
2024-04-29,geo_3,7000000,1001994.68,100.564,19667.27,1782782,6137.91,965345,11224.56,1466557,24148.28,4592302,24378.1,947833
2024-05-06,geo_3,7000000,957462.07,96.773,19580.82,1695689,5938.24,938734,12273.47,1692738,23581.55,3901705,25622.19,1077539
2024-05-13,geo_3,7000000,1179046.8,99.005,25327.21,2183396,23471.42,3752896,11937.21,1548592,23179.07,4232701,27782.19,1114408
2024-05-20,geo_3,7000000,913742.61,100.581,17323.89,1529352,16888.47,2850374,10815.65,1525701,9080.78,1420595,29665.34,1262668
2024-05-27,geo_3,7000000,917672.86,100.363,30047.04,2698775,27259.8,4143713,11800.62,1521744,8920.77,1626457,26889.87,1061272
2024-06-03,geo_3,7000000,1015868.55,101.285,34929.12,3180620,28171.8,4517196,12047.55,1655783,8306.36,1432853,24364.15,1032804
2024-06-10,geo_3,7000000,990010.3,100.982,27308.04,2255872,5929.63,890288,10193.15,1388267,24256.13,4173375,25085.92,984690
2024-06-17,geo_3,7000000,940403.33,100.442,25033.5,2097190,6484.02,1089854,9658.68,1323603,29959.22,4882697,24597.72,1003572
2024-06-24,geo_3,7000000,990669.97,101.85,21245.29,2019142,5912.7,872709,10089.51,1314583,26368.75,4288064,23356.21,831167
2024-07-01,geo_3,7000000,863700.24,102.048,24824.21,2006105,6281.39,1026437,14652.31,2089536,9808.18,1676718,24025.82,972441
2024-07-08,geo_3,7000000,896175.25,103.38,21446.0,1749446,4693.41,638343,33588.34,4892077,12195.58,2160210,40901.29,1747593
2024-07-15,geo_3,7000000,944053.25,101.611,20528.88,1606276,5782.4,884994,27799.41,3848854,9727.64,1577601,48564.09,2171189
2024-07-22,geo_3,7000000,981336.91,102.451,18560.07,1634080,5328.95,941843,28316.94,4401068,9425.08,1762913,28084.79,1007581
2024-07-29,geo_3,7000000,889677.86,102.436,23601.54,2075808,5497.32,827026,12781.24,1741223,11833.61,2066444,26341.05,1121573
2024-08-05,geo_3,7000000,873075.31,102.828,22104.23,1992069,5596.72,912488,12320.44,1440503,27440.47,5480486,23119.35,937579
2024-08-12,geo_3,7000000,959153.14,102.984,69575.67,6200780,4303.33,694366,12272.02,1711058,31171.03,4869740,19790.81,826059
2024-08-19,geo_3,7000000,859683.33,101.321,82129.68,7325815,20778.55,3856714,10102.92,1370404,23102.52,4128794,22039.99,834394
2024-08-26,geo_3,7000000,919899.07,101.934,68498.96,5864419,16637.4,2706766,9519.43,1407167,12133.34,1849813,21987.67,996444
2024-09-02,geo_3,7000000,924817.27,101.238,87512.7,7229128,21286.68,3145116,10392.88,1350064,11313.53,1888335,22257.85,943448
2024-09-09,geo_3,7000000,858290.86,102.575,18147.41,1549250,19879.05,2833764,29923.49,3936227,10613.27,1851739,21336.38,891634
2024-09-16,geo_3,7000000,808211.92,102.864,21194.29,1924442,6334.06,1017209,30660.69,4666219,11054.53,2098453,21671.95,885350
2024-09-23,geo_3,7000000,891686.73,102.016,23148.95,2025751,5934.59,890127,26044.95,3355111,8717.86,1545334,24649.29,1032372
2024-09-30,geo_3,7000000,815009.13,99.996,77206.48,6816652,4595.23,736404,9576.15,1190173,11040.1,1700061,21978.91,944806
2024-10-07,geo_3,7000000,860764.26,101.229,69228.05,4793287,21595.91,3337475,12807.29,1670930,9005.17,1556717,24887.06,1021142
2024-10-14,geo_3,7000000,958908.37,102.1,73638.43,6421747,20658.23,3106227,9629.18,1317921,9724.34,1873405,18789.17,728562
2024-10-21,geo_3,7000000,935647.66,102.54,64649.44,5115568,21533.91,3292040,11056.06,1639135,7681.03,1479411,16611.13,725011
2024-10-28,geo_3,7000000,948315.39,102.384,22887.28,1950677,24147.11,3971456,11394.98,1443485,9490.35,1852109,20897.3,821545
2024-11-04,geo_3,7000000,831925.94,104.254,22369.4,2151973,6140.61,898003,11661.38,1587554,8454.94,1290617,19115.08,759567
2024-11-11,geo_3,7000000,850438.76,104.558,15571.94,1345171,4585.38,697180,12808.47,1622509,7543.84,1341484,18951.25,748074
2024-11-18,geo_3,7000000,890326.06,103.223,16494.91,1367600,5781.09,890053,8752.02,1241997,7696.72,1368879,22994.46,947138
2024-11-25,geo_3,7000000,1148002.37,103.338,25418.25,2303335,7598.15,1264529,8255.14,1093636,17182.37,2849201,20119.65,762232
2024-12-02,geo_3,7000000,825917.57,104.949,21397.29,1819314,6109.5,1011514,12825.78,1892245,22460.11,3918289,49286.53,2028980
2024-12-09,geo_3,7000000,897328.81,105.43,18605.81,1647432,5311.73,803120,13738.68,1760279,21200.06,4111967,41327.72,1611988
2024-12-16,geo_3,7000000,889885.33,106.088,20867.5,1751399,5772.55,843649,12235.46,1594484,8736.48,1583631,23403.96,949082
2024-12-23,geo_3,7000000,1015366.8,105.52,19049.93,1709483,5569.14,872093,29430.93,3601112,8529.6,1483133,23969.34,949613
2024-12-30,geo_3,7000000,1036748.3,106.449,74915.63,6611147,5928.68,898231,25574.25,3345920,8695.5,1523623,24178.26,966119
2025-01-06,geo_3,7000000,1003765.67,104.625,64808.91,5722199,22478.46,3969882,26890.62,3575000,8346.37,1522163,24077.23,947150
2025-01-13,geo_3,7000000,1131001.28,103.725,81953.35,7126263,22775.78,3508815,13472.48,1885939,7715.28,1264019,21647.9,971631
2025-01-20,geo_3,7000000,1047543.41,104.035,63819.2,5286891,21135.86,3531000,9777.8,1306688,7256.01,1275271,21728.63,940707
2025-01-27,geo_3,7000000,1088800.83,103.044,14446.69,1419977,16761.73,2589724,11856.29,1803742,16443.99,2776454,24485.83,924919
2025-02-03,geo_3,7000000,1023677.36,103.169,17328.73,1471416,5656.66,940855,9862.17,1312742,17873.09,3032774,26285.16,1173145
2025-02-10,geo_3,7000000,984247.45,104.722,17844.15,1461834,5602.13,893038,9991.29,1345007,22477.57,3912119,26039.09,1007921
2025-02-17,geo_3,7000000,1031484.96,102.019,19189.34,1835731,5077.73,886894,9269.55,1262167,8082.49,1445030,19530.84,864797
2025-02-24,geo_3,7000000,990666.98,99.289,76928.35,6685840,5195.77,823437,10382.03,1407788,9117.01,1596008,20209.64,759160
2025-03-03,geo_3,7000000,993153.6,100.891,71324.24,5932487,18677.72,3234980,8868.26,1238068,10647.05,1952928,23966.32,976778
2025-03-10,geo_3,7000000,1046757.12,103.576,65048.7,5521498,19430.18,3136087,7889.06,1060165,8693.96,1495535,21151.87,912936
2025-03-17,geo_3,7000000,1112070.9,103.205,74871.73,6368817,19007.97,2784077,8785.17,1183272,7956.22,1331039,45346.51,1889604
2025-03-24,geo_3,7000000,1098907.67,102.231,17495.83,1509376,21513.48,3122381,8404.47,1163868,7801.56,1298310,51945.08,2152195
2025-03-31,geo_3,7000000,1054817.55,99.005,21736.06,1703619,6401.67,1033188,11665.4,1594467,8731.3,1469161,21694.57,887372
2025-04-07,geo_3,7000000,1010999.89,100.273,16141.39,1420832,4320.81,686399,9206.52,1250228,7759.23,1425002,23137.76,1019390
2025-04-14,geo_3,7000000,996786.58,102.33,18656.94,1589485,4632.15,736666,9494.46,1171395,9209.95,1674371,27594.0,1292624
2025-04-21,geo_3,7000000,977330.85,101.658,18960.43,1579066,5565.6,839496,28634.51,3631780,11490.27,2208686,21073.96,848720
2025-04-28,geo_3,7000000,987764.19,98.851,18273.82,1614996,4269.36,649891,25925.11,3592395,9149.05,1521161,24347.59,1147122
2025-05-05,geo_3,7000000,1075724.06,96.754,22177.45,1927387,18485.33,2840684,22744.05,3397548,9048.03,1429632,21761.6,910763
2025-05-12,geo_3,7000000,1031332.3,100.221,21957.09,2017360,18305.33,3303430,10580.59,1421091,9330.16,1527726,23765.42,982029
2025-05-19,geo_3,7000000,987780.26,102.187,21097.87,1779121,17250.44,2872517,10226.97,1471017,9045.33,1518441,21288.28,866467
2025-05-26,geo_3,7000000,1006234.57,98.683,23195.08,1882562,23254.27,3430149,10954.18,1578689,8040.69,1617942,23635.34,1122816
2025-06-02,geo_3,7000000,1026908.79,98.653,16805.29,1412366,5456.36,799471,22318.29,3184231,22943.8,4383300,21856.26,911412
2025-06-09,geo_3,7000000,952980.8,99.217,18835.89,1585919,4940.51,847152,26081.25,3477910,22413.06,4158626,24957.43,978679
2025-06-16,geo_3,7000000,950954.58,97.873,17482.19,1494180,6406.22,1028545,26015.03,3371772,17043.21,3324518,21960.32,886966
2025-06-23,geo_3,7000000,973686.65,98.267,17664.62,1507537,6120.71,979602,9510.69,1227753,8958.06,1694411,17506.99,686065
2025-06-30,geo_3,7000000,903093.99,101.947,14700.93,1196279,4998.82,717741,8501.3,1180494,10062.94,1713737,22046.94,920584
2025-07-07,geo_3,7000000,915929.57,101.337,14464.82,1349891,4566.71,722989,22915.93,3308658,22438.17,4659663,19597.56,875875
2025-07-14,geo_3,7000000,971678.39,100.887,19402.89,1499108,5678.75,867639,22315.65,3257827,22852.61,4213894,20208.0,792847
2025-07-21,geo_3,7000000,1062135.3,98.323,14677.73,1185900,5240.5,889029,23987.1,3233105,20396.3,3955841,48177.96,1899772
2025-07-28,geo_3,7000000,957899.65,99.311,18610.47,1773374,6703.05,1065896,9434.86,1337587,8623.42,1325368,52582.31,2099407
2025-08-04,geo_3,7000000,980006.36,100.008,81436.73,6347575,6324.33,935519,8545.29,1109695,9999.41,1870964,17751.46,755298
2025-08-11,geo_3,7000000,953690.39,99.359,62577.09,5718981,6144.77,1015965,11204.37,1509114,25489.74,3998271,18834.64,776558
2025-08-18,geo_3,7000000,992989.44,96.747,66465.75,5400258,8101.75,1349635,10438.77,1235799,21824.72,4016415,20567.17,843747
2025-08-25,geo_3,7000000,998975.89,97.43,67675.91,6157601,5811.41,992110,21050.34,3079697,28604.71,4849281,23881.78,1167326
2025-09-01,geo_3,7000000,965716.07,95.924,19306.19,1968851,6281.65,1126269,29846.75,4340142,8369.01,1429272,20044.03,796525
2025-09-08,geo_3,7000000,998448.22,97.604,21706.57,1915001,7914.68,1203159,23246.65,3277931,20863.78,3575392,46266.84,1795629
2025-09-15,geo_3,7000000,947019.62,98.683,17943.32,1468794,8191.01,1226190,8496.52,1177088,25566.4,4686451,30653.14,1320455
2025-09-22,geo_3,7000000,932957.4,97.086,70828.65,6802999,5461.03,854928,25075.45,3556397,18996.98,3461256,16460.18,611249
2025-09-29,geo_3,7000000,998072.66,96.709,74378.47,6423808,6594.0,1084296,28237.5,3628263,10437.32,1863944,44626.29,1774686
2025-10-06,geo_3,7000000,942392.73,97.237,58384.8,5421402,4927.66,801507,29694.03,3796921,10370.4,1900503,49637.17,1978793
2025-10-13,geo_3,7000000,861008.52,97.758,67345.08,6086869,6158.51,1013030,9146.76,1271507,10384.64,2056856,19305.27,852083
2025-10-20,geo_3,7000000,906753.21,97.604,18229.28,1425566,5887.27,932959,25986.01,3651006,10126.62,2009487,19761.17,799345
2025-10-27,geo_3,7000000,1004656.45,101.472,60830.94,5061364,5122.36,839465,24033.34,3306065,9398.17,1710773,23028.1,977061
2025-11-03,geo_3,7000000,964567.86,102.401,77802.25,7645275,23972.34,3620004,27804.61,3873923,8526.13,1571073,21981.67,981228
2025-11-10,geo_3,7000000,995835.22,101.891,58457.46,4959825,20428.52,3038541,10947.72,1441429,10189.74,1789785,23706.18,972374
2025-11-17,geo_3,7000000,973780.69,104.112,63683.51,5482395,14264.27,2186201,25646.51,3421966,8875.76,1662665,23073.71,883396
2025-11-24,geo_3,7000000,1219211.46,105.219,16731.66,1488484,17709.57,2890300,26120.25,3427465,7595.11,1229949,33083.99,1346637
2025-12-01,geo_3,7000000,1055928.54,104.482,73099.46,6013159,5472.08,1033511,26313.08,3404340,18909.55,3092837,28010.04,1249314
2025-12-08,geo_3,7000000,924721.21,106.959,59305.27,4496037,5235.74,801054,10411.44,1446257,23571.13,4510769,22418.14,981546
2025-12-15,geo_3,7000000,994010.31,105.516,64946.82,4654690,5787.17,796184,9252.52,1386469,21059.61,3778924,22448.92,945556
2025-12-22,geo_3,7000000,1133606.96,105.884,72514.02,6256766,6055.65,1073698,8940.11,1146722,8717.78,1481242,25339.5,987616
2023-01-02,geo_4,5500000,779372.95,98.801,66000.77,5250782,4416.58,801902,24928.92,3441078,9100.15,1668663,16736.04,733489
2023-01-09,geo_4,5500000,780308.97,100.548,62436.34,5363662,14193.31,2312732,21516.04,2753642,12671.62,2436931,16986.54,775227
2023-01-16,geo_4,5500000,839597.95,101.362,53539.75,4440349,16961.42,2633377,24613.61,3501120,17104.66,3160648,16677.93,744460
2023-01-23,geo_4,5500000,890931.37,101.381,65223.92,5352014,16795.48,2972680,8379.18,1148071,14427.89,2548512,22023.87,948412
2023-01-30,geo_4,5500000,776466.92,100.803,15096.18,1198179,16473.75,3046043,10116.41,1362920,7489.18,1443947,18331.73,827281
2023-02-06,geo_4,5500000,827459.65,102.02,14926.75,1322398,5009.26,851175,19376.49,2768168,5478.94,1133430,14659.03,705411
2023-02-13,geo_4,5500000,713266.13,102.129,16058.72,1312857,5615.33,867605,18277.43,2616692,7079.39,1333886,14099.11,640979
2023-02-20,geo_4,5500000,726286.7,100.985,13413.07,1089755,4651.31,725698,18382.67,2320917,6290.2,1148023,17642.37,826018
2023-02-27,geo_4,5500000,763349.33,100.229,12643.33,1078174,3569.55,576577,7937.23,1032805,7938.36,1465735,15603.25,709964
2023-03-06,geo_4,5500000,692518.64,101.247,13432.34,1119026,4534.46,834511,8454.86,1170607,8141.14,1580901,29908.1,1329860
2023-03-13,geo_4,5500000,682666.77,100.985,18804.6,1525791,5245.76,806479,8857.19,1175275,7235.57,1269059,34273.98,1596039
2023-03-20,geo_4,5500000,730048.57,104.728,15202.98,1283381,4734.2,824552,7727.56,1106199,6744.19,1249417,14622.94,627444
2023-03-27,geo_4,5500000,674610.82,104.195,16927.87,1490686,5317.23,924307,9384.85,1420867,7212.82,1274716,18503.06,808082
2023-04-03,geo_4,5500000,705550.75,102.335,49613.69,4104589,3547.68,612593,8159.28,1113878,7164.6,1406035,16227.07,694713
2023-04-10,geo_4,5500000,775654.69,100.7,55287.09,4718572,18010.47,3259980,9016.07,1298400,6432.06,1143853,15483.44,669230
2023-04-17,geo_4,5500000,802327.31,99.407,62743.39,5229652,19988.58,3588533,24376.36,3080179,5494.71,1096597,13619.45,553232
2023-04-24,geo_4,5500000,875706.43,96.612,57192.01,4530873,15781.94,2450753,24055.27,3885791,6407.22,1181645,19930.29,896445
2023-05-01,geo_4,5500000,801484.73,98.646,17046.17,1476733,22767.64,4076557,22370.75,3550171,5015.18,946718,16676.65,728941
2023-05-08,geo_4,5500000,808633.71,98.125,14547.38,1118424,5107.73,984658,8847.99,1363110,14031.68,2365256,35422.53,1635379
2023-05-15,geo_4,5500000,814363.54,98.245,15471.88,1327204,5081.66,852020,9792.0,1266218,22370.84,4398778,37582.15,1635018
2023-05-22,geo_4,5500000,747718.52,98.329,17778.86,1440021,5088.64,840979,8941.44,1177012,19698.65,3538870,16614.07,752762
2023-05-29,geo_4,5500000,697693.73,100.87,17589.69,1610100,5713.98,950065,6721.57,883225,6555.26,1210154,16351.91,752343
2023-06-05,geo_4,5500000,708040.31,101.892,14150.04,1189603,5157.26,827093,7720.34,1146272,7432.53,1494492,17609.46,861091
2023-06-12,geo_4,5500000,741791.02,100.41,12289.45,1038478,4152.34,775552,8307.49,1151727,8212.87,1571745,18553.72,800689
2023-06-19,geo_4,5500000,724847.45,100.83,12439.34,1099081,4173.85,672494,8819.39,1351071,6170.17,1162271,18455.46,872195
2023-06-26,geo_4,5500000,722385.26,99.444,14502.62,1205254,4540.68,835247,8768.26,1274126,4914.41,967278,16963.92,677877
2023-07-03,geo_4,5500000,714689.95,100.723,10796.17,1006676,4530.79,821616,10434.64,1414225,5190.36,1025910,17313.92,771732
2023-07-10,geo_4,5500000,708356.3,103.13,11507.75,1092238,4656.26,855633,7462.33,994702,7380.89,1329181,40868.71,1703598
2023-07-17,geo_4,5500000,667367.54,102.699,12547.23,1021083,4806.98,821885,10479.26,1521666,7882.82,1528053,41703.18,1833585
2023-07-24,geo_4,5500000,654653.21,102.085,66642.88,5153583,5290.18,893245,8009.43,1064312,7968.02,1470938,17684.26,829756
2023-07-31,geo_4,5500000,754663.35,101.22,64614.79,5367825,18341.26,3163872,9292.8,1261860,7130.1,1536215,18387.4,765535
2023-08-07,geo_4,5500000,767051.26,100.315,54061.15,4194055,17967.93,2883084,9177.23,1315443,16072.85,3344038,17480.28,829723
2023-08-14,geo_4,5500000,850143.07,98.082,54404.58,4566276,17048.78,2841241,23958.8,3292064,15385.51,2971387,18520.96,784073
2023-08-21,geo_4,5500000,702646.61,98.388,15457.66,1381013,20794.41,3458990,19578.14,2727121,15042.5,2830104,20860.13,951686
2023-08-28,geo_4,5500000,763235.05,97.493,14424.11,1164763,4642.34,861512,27473.09,3866359,7160.78,1332579,16993.89,753768
2023-09-04,geo_4,5500000,740765.17,97.111,13946.29,1161638,4457.19,791710,9071.73,1258213,18388.24,3646546,19249.21,899659
2023-09-11,geo_4,5500000,721847.93,99.581,14017.04,1091535,4629.03,726020,9385.23,1211086,15110.58,2700286,18353.4,806766
2023-09-18,geo_4,5500000,630317.73,100.261,15515.54,1317590,3931.97,645152,17515.49,2437993,20393.64,3656331,17623.88,959944
2023-09-25,geo_4,5500000,642929.71,100.641,14234.61,1159808,4591.18,842218,22829.55,3416530,7223.04,1458488,16372.98,701959
2023-10-02,geo_4,5500000,664147.33,101.805,16054.4,1335140,5560.98,1012166,20362.34,2962012,7454.77,1436872,15334.17,686230
2023-10-09,geo_4,5500000,645240.82,103.618,15571.13,1284430,4912.44,847843,9305.7,1414386,5623.39,1012823,16565.57,694041
2023-10-16,geo_4,5500000,665016.33,102.563,14729.14,1139546,4753.0,734355,8800.85,1262978,6085.09,1244178,13739.98,606539
2023-10-23,geo_4,5500000,656086.87,102.271,17320.95,1541945,4977.24,810884,7725.56,1245966,6118.47,1131596,15075.63,642630
2023-10-30,geo_4,5500000,612048.18,102.551,17065.3,1356933,4700.97,823793,6943.82,927921,5651.0,1166225,15685.04,649237
2023-11-06,geo_4,5500000,656913.93,104.528,49317.7,4140109,3936.1,627222,9710.71,1384837,5752.53,1161796,17634.78,759380
2023-11-13,geo_4,5500000,712240.07,105.265,66610.18,5457296,15315.38,2794211,7846.61,1081699,8156.27,1542457,18162.28,822441
2023-11-20,geo_4,5500000,949293.49,101.326,62711.61,5340757,16561.6,2682158,9817.13,1288926,6960.23,1504811,35195.38,1532632
2023-11-27,geo_4,5500000,806169.43,99.092,55744.42,4420250,16434.99,2610355,9889.35,1353919,7201.76,1359377,34282.56,1421926
2023-12-04,geo_4,5500000,749928.33,101.173,17035.61,1378887,20188.95,3543813,24129.17,3553504,6944.29,1307221,15546.82,624763
2023-12-11,geo_4,5500000,756513.33,101.478,69444.19,5496313,4399.36,738884,16505.23,2302182,7285.94,1641305,15112.25,609550
2023-12-18,geo_4,5500000,821506.98,100.069,69834.86,5835613,17932.36,2837287,16897.01,2223073,6535.77,1226578,18510.54,869052
2023-12-25,geo_4,5500000,881700.57,102.169,60411.39,5038781,16962.88,2645060,7685.16,1052636,7589.79,1635152,18394.77,819174
2024-01-01,geo_4,5500000,831317.76,101.015,76374.57,6305448,19033.66,3073254,7546.16,1066452,6531.42,1212233,16342.51,713679
2024-01-08,geo_4,5500000,866604.76,103.648,14752.88,1230606,17186.48,2975564,8926.39,1273130,7509.74,1393368,32896.22,1447203
2024-01-15,geo_4,5500000,782723.54,101.01,13215.79,1104592,4336.51,779985,21007.42,3168540,6027.37,1097864,31348.74,1418214
2024-01-22,geo_4,5500000,796245.83,102.534,72300.89,6211713,5191.04,816376,21551.4,3042355,6471.15,1405732,19935.2,973281
2024-01-29,geo_4,5500000,784398.63,104.385,53403.06,4491629,17996.52,3177264,21136.86,2770756,6834.34,1358877,18298.97,737244
2024-02-05,geo_4,5500000,839352.71,102.604,74442.76,6560401,16523.2,2750361,8857.04,1273104,7451.41,1433087,17114.27,705132
2024-02-12,geo_4,5500000,810001.07,104.178,63286.09,5013343,14943.22,2630691,8602.07,1325544,5915.57,1063242,19194.91,811145
2024-02-19,geo_4,5500000,792807.81,102.53,15319.22,1268836,14239.71,2180385,8333.44,1196291,7589.13,1357871,16415.52,752130
2024-02-26,geo_4,5500000,728056.66,102.973,13993.19,1116746,4358.5,724789,19660.22,2795046,7976.11,1572954,13298.85,589063
2024-03-04,geo_4,5500000,803198.82,102.7,12306.54,968597,4776.68,823338,23705.19,3453072,8399.56,1576211,14815.34,700448
2024-03-11,geo_4,5500000,730444.16,104.648,12845.03,1035516,3783.82,592928,19798.56,2941938,8037.73,1519954,14239.73,636207
2024-03-18,geo_4,5500000,761878.92,104.697,15271.49,1269163,5086.46,965019,6799.66,991228,8300.89,1620008,17129.16,702033
2024-03-25,geo_4,5500000,768869.59,100.552,15046.41,1228753,15100.61,2376427,6251.59,864849,8392.83,1543660,13633.98,526825
2024-04-01,geo_4,5500000,710621.29,100.634,12847.77,1056463,17156.94,3143384,8363.21,1237265,7429.64,1287720,15079.76,707621
2024-04-08,geo_4,5500000,742057.27,100.767,16305.36,1322036,15459.45,2629296,7514.82,1081287,9449.31,1829067,15098.5,652149
2024-04-15,geo_4,5500000,802691.21,101.662,13619.01,1161320,14789.64,2409023,7637.73,1107306,8399.25,1645587,14782.47,608657
2024-04-22,geo_4,5500000,769582.99,99.198,18146.77,1621180,3671.54,662190,7406.46,1003979,8736.49,1678086,15009.12,723225
2024-04-29,geo_4,5500000,762924.35,100.564,15861.03,1237306,4925.67,839502,8942.87,1201645,23755.53,4810666,15771.89,720419
2024-05-06,geo_4,5500000,695675.56,96.773,16974.09,1481284,4636.06,755070,10486.26,1401145,21109.62,3806919,15416.42,705851
2024-05-13,geo_4,5500000,802712.37,99.005,19169.36,1677589,17913.74,2962869,9228.95,1295238,19507.21,3800776,15669.26,588473
2024-05-20,geo_4,5500000,710887.49,100.581,12770.83,1186010,12833.84,2302873,7889.7,1148986,8181.93,1526743,16420.78,737296
2024-05-27,geo_4,5500000,739196.81,100.363,20480.02,1566688,20795.62,3454258,8650.83,1180749,7821.96,1532689,16326.32,670761
2024-06-03,geo_4,5500000,636558.95,101.285,22633.1,1946999,22155.92,3537630,9376.57,1362265,7139.0,1284769,14333.48,642993
2024-06-10,geo_4,5500000,679401.75,100.982,18095.15,1653332,4397.79,690336,8219.26,1222203,18716.09,3717158,15239.5,658987
2024-06-17,geo_4,5500000,780904.21,100.442,16526.52,1444721,4693.79,910192,7714.81,1115073,20308.31,3603547,15772.88,700557
2024-06-24,geo_4,5500000,702868.54,101.85,14076.43,1097920,4327.38,735913,7676.08,1145900,17876.85,3495647,14450.14,680768
2024-07-01,geo_4,5500000,723015.25,102.048,17930.06,1339095,5037.81,835329,11270.97,1723782,6575.22,1208447,14749.27,652515
2024-07-08,geo_4,5500000,756448.3,103.38,15623.33,1255268,3597.27,591054,25450.59,3739160,7655.47,1379415,25832.54,1085356
2024-07-15,geo_4,5500000,660347.68,101.611,16176.59,1363959,3999.39,714695,20531.3,2877869,5919.6,1256696,32590.62,1345261
2024-07-22,geo_4,5500000,721863.37,102.451,14091.92,1166937,4058.65,654283,20759.16,2819531,5757.88,985907,19836.83,925004
2024-07-29,geo_4,5500000,702563.43,102.436,18795.61,1585369,4358.31,762179,9079.34,1383379,7426.79,1333744,17632.84,767356
2024-08-05,geo_4,5500000,686882.32,102.828,17969.23,1473020,4629.9,746200,8888.73,1183839,17373.45,3404610,14542.61,617008
2024-08-12,geo_4,5500000,663220.0,102.984,55502.92,4242645,3685.25,600322,8324.52,1244222,20161.06,3618427,13728.51,561687
2024-08-19,geo_4,5500000,700087.84,101.321,66922.62,5261895,17631.0,2980968,7395.46,1004548,14983.39,2721700,15284.23,631702
2024-08-26,geo_4,5500000,686888.81,101.934,54879.83,4589055,14250.78,2262190,7111.5,994494,7477.07,1372730,16057.6,664090
2024-09-02,geo_4,5500000,780510.61,101.238,72086.63,6373422,17334.88,2796937,7822.69,1086384,7823.5,1489341,17384.64,728307
2024-09-09,geo_4,5500000,734365.25,102.575,15355.51,1281547,16169.4,2619049,21743.36,3134315,7052.7,1380214,15251.03,676150
2024-09-16,geo_4,5500000,686707.69,102.864,16703.75,1368919,5182.33,883488,21412.01,3398631,6941.79,1372030,15412.07,657713
2024-09-23,geo_4,5500000,639124.12,102.016,17668.03,1524108,4719.89,805822,20207.99,3026572,5828.47,1034741,17643.14,835960
2024-09-30,geo_4,5500000,709115.9,99.996,61554.92,5329055,3634.45,627653,7556.6,1112580,7265.28,1446373,15561.93,656194
2024-10-07,geo_4,5500000,707122.68,101.229,55640.04,4198752,16093.29,2561070,9586.45,1347489,6464.84,1270423,17346.24,760791
2024-10-14,geo_4,5500000,680410.24,102.1,66272.68,5295710,14889.05,2619225,6764.86,787967,7527.42,1458031,15681.16,708571
2024-10-21,geo_4,5500000,766190.37,102.54,58796.08,4247565,15217.64,2571728,7551.89,1048395,6808.63,1305105,16018.32,621213
2024-10-28,geo_4,5500000,735526.34,102.384,19943.7,1654078,17850.65,2958921,7404.85,931306,8113.82,1353538,19490.2,1027872
2024-11-04,geo_4,5500000,710857.15,104.254,20072.43,1527308,4338.34,690392,8318.82,1261859,8240.09,1448925,16683.47,764051
2024-11-11,geo_4,5500000,659670.9,104.558,14134.69,1127631,3284.53,572606,9166.64,1260127,7238.22,1367107,16479.82,744108
2024-11-18,geo_4,5500000,691025.93,103.223,15183.46,1299500,4090.65,658048,6600.97,928921,7486.44,1533536,19458.08,858507
2024-11-25,geo_4,5500000,821820.37,103.338,24071.9,1840654,6029.28,930062,5955.64,847538,15344.43,2925113,16147.29,694320
2024-12-02,geo_4,5500000,686336.84,104.949,20245.33,1872061,4584.59,751644,9097.79,1307005,19397.52,3665817,33348.92,1406826
2024-12-09,geo_4,5500000,748125.92,105.43,18159.8,1616485,4245.27,714993,9587.0,1353858,17908.73,3194368,29545.47,1272287
2024-12-16,geo_4,5500000,681835.4,106.088,21319.81,1788611,4643.76,687057,9870.44,1553071,7026.63,1195546,14936.24,650682
2024-12-23,geo_4,5500000,759599.29,105.52,19903.58,1823521,4689.36,739687,23734.42,3275218,7277.11,1326688,15142.4,755247
2024-12-30,geo_4,5500000,904967.79,106.449,84225.49,7387761,5130.0,934391,21046.3,2871599,6643.38,1406499,16571.39,723485
2025-01-06,geo_4,5500000,818136.74,104.625,71475.4,5171620,17985.37,2916610,20508.5,3228949,6915.25,1275262,16908.03,845739
2025-01-13,geo_4,5500000,836711.16,103.725,88855.81,7452439,19062.54,3371312,10249.24,1497876,6622.52,1268988,15159.67,655748
2025-01-20,geo_4,5500000,821095.41,104.035,73420.07,6064370,17418.89,3009887,7612.59,1079816,5854.14,1028885,15354.17,683860
2025-01-27,geo_4,5500000,838553.4,103.044,15883.47,1188348,13676.51,2310164,9610.59,1346949,12978.55,2571249,16753.6,662400
2025-02-03,geo_4,5500000,821945.5,103.169,17932.49,1546625,5289.06,1008387,8349.52,1107678,13925.85,2737991,16694.75,762231
2025-02-10,geo_4,5500000,800245.59,104.722,16548.76,1386846,4718.75,840619,8707.49,1332921,19246.79,3765243,17251.5,784139
2025-02-17,geo_4,5500000,770532.12,102.019,17511.15,1428729,4413.86,736529,7533.54,1074795,6924.25,1325928,13829.01,636269
2025-02-24,geo_4,5500000,765948.25,99.289,65967.44,5220166,4544.07,730872,7955.15,1050514,8455.47,1708978,13178.15,589079
2025-03-03,geo_4,5500000,868371.16,100.891,61099.74,4595915,17632.54,2798543,7568.88,1049353,8776.86,1530541,15656.89,660209
2025-03-10,geo_4,5500000,820570.04,103.576,56715.71,4965831,20072.13,3490850,7080.41,964739,7506.58,1376019,14308.8,639008
2025-03-17,geo_4,5500000,779777.07,103.205,66107.46,5483090,20034.05,3571392,7856.37,1044389,7171.68,1317260,32717.18,1322938
2025-03-24,geo_4,5500000,774253.9,102.231,14883.75,1232786,21456.15,3760416,7013.69,1078524,7388.89,1430309,35008.87,1490438
2025-03-31,geo_4,5500000,849231.91,99.005,18165.12,1525299,6341.15,1028202,9459.81,1259585,7885.01,1499489,16843.27,735207
2025-04-07,geo_4,5500000,812886.89,100.273,12837.42,1123541,4606.48,770821,7729.45,1125162,6509.91,1195548,18128.88,841711
2025-04-14,geo_4,5500000,776531.43,102.33,13171.64,1033409,4812.49,806809,7672.4,1092311,8004.29,1462886,21413.09,946406
2025-04-21,geo_4,5500000,803779.24,101.658,13064.57,1067008,5915.14,954725,24488.82,3545540,9554.54,1802123,14776.77,650774
2025-04-28,geo_4,5500000,803924.72,98.851,12258.02,1063270,4341.22,777523,21100.46,3227916,8055.83,1517364,16459.1,834175
2025-05-05,geo_4,5500000,739689.79,96.754,14519.79,1200296,16965.08,2793043,17710.55,2578258,7478.23,1356985,14822.52,656373
2025-05-12,geo_4,5500000,830852.44,100.221,13663.08,1156585,17070.79,3083926,8319.42,1126234,7200.8,1426728,15348.55,654239
2025-05-19,geo_4,5500000,740732.46,102.187,14769.4,1221051,16361.77,2861073,7771.43,1138278,7292.3,1457146,14875.33,652891
2025-05-26,geo_4,5500000,778669.39,98.683,18006.57,1451554,22134.93,3633760,8090.88,1248310,6365.33,1094789,17217.46,737216
2025-06-02,geo_4,5500000,758086.23,98.653,14802.48,1301069,5369.2,852500,16932.02,2536475,18115.4,3490765,15525.97,736161
2025-06-09,geo_4,5500000,832853.78,99.217,16303.21,1409880,4438.43,754114,21178.4,3313132,16603.34,2842911,18985.63,747729
2025-06-16,geo_4,5500000,806365.83,97.873,15478.01,1349127,5336.51,956980,20189.21,2552520,12799.2,2567179,17388.69,790056
2025-06-23,geo_4,5500000,752509.77,98.267,16653.53,1327772,4979.5,819172,7230.6,1092267,6401.84,1191981,13484.27,597567
2025-06-30,geo_4,5500000,720021.85,101.947,14298.05,1206664,3945.64,711384,7041.4,937696,7815.15,1534926,16838.91,748146
2025-07-07,geo_4,5500000,746377.89,101.337,14204.67,1209409,3346.35,590962,19679.65,2658964,17635.21,3433711,14442.43,687202
2025-07-14,geo_4,5500000,689281.86,100.887,17785.13,1510916,4263.3,751375,18752.82,2634330,16927.73,3033627,15047.66,681885
2025-07-21,geo_4,5500000,768321.42,98.323,13672.29,1204637,3681.16,627490,20955.57,2879616,15463.47,2821092,36358.23,1524009
2025-07-28,geo_4,5500000,777777.11,99.311,18128.97,1439782,4741.42,752670,8881.68,1261857,6372.31,1291133,38271.38,1589057
2025-08-04,geo_4,5500000,799622.21,100.008,74006.63,6440716,4466.33,777934,8721.33,1217937,7206.15,1295655,12787.05,534529
2025-08-11,geo_4,5500000,756354.43,99.359,59040.37,5024918,4323.19,762709,11237.93,1751734,20136.54,3511805,13537.18,547617
2025-08-18,geo_4,5500000,880424.62,96.747,66313.91,5407198,5472.89,796142,10913.46,1616734,15560.29,2715315,14051.27,582981
2025-08-25,geo_4,5500000,786108.05,97.43,66235.04,5145776,4132.33,765779,23146.89,3352933,22647.17,4381934,16426.23,720396
2025-09-01,geo_4,5500000,712004.0,95.924,19247.7,1501166,4378.13,702157,31452.36,4243443,6655.59,1079893,14438.33,674424
2025-09-08,geo_4,5500000,715032.07,97.604,21754.65,1927330,5707.27,881641,22949.16,3527234,17479.46,3144886,37193.22,1713197
2025-09-15,geo_4,5500000,756175.83,98.683,19180.55,1562821,5649.98,973987,7969.78,1093870,22120.78,4231475,29246.91,1152224
2025-09-22,geo_4,5500000,729629.78,97.086,76418.21,6676213,3838.14,651331,23754.26,3726984,15417.79,3336473,15079.86,728622
2025-09-29,geo_4,5500000,812870.25,96.709,76347.68,6483845,4514.3,696974,23847.86,3340679,8136.83,1591431,38590.94,1828261
2025-10-06,geo_4,5500000,784983.07,97.237,62037.76,5117019,3393.38,571740,24220.0,3455082,8351.67,1458768,37203.56,1635800
2025-10-13,geo_4,5500000,767141.58,97.758,64204.78,5609174,4666.44,778078,7938.19,1117204,8289.45,1667626,13613.36,578047
2025-10-20,geo_4,5500000,770396.74,97.604,18190.83,1356220,4956.4,899505,22065.92,3399882,7895.96,1466012,13291.31,619367
2025-10-27,geo_4,5500000,752753.11,101.472,56411.79,4581131,4019.46,650385,21175.39,3403590,7314.53,1367908,14260.02,646863
2025-11-03,geo_4,5500000,750745.18,102.401,78383.41,6149388,19504.04,3159116,22674.42,3232991,6306.53,1177082,14847.69,607837
2025-11-10,geo_4,5500000,804867.64,101.891,58892.12,4863503,17323.29,2986476,8653.66,1097645,6949.03,1367611,15694.67,799224
2025-11-17,geo_4,5500000,703230.1,104.112,62471.12,5750559,12469.74,2225916,20042.06,3010055,6869.82,1292252,14507.09,613431
2025-11-24,geo_4,5500000,866412.4,105.219,15665.49,1358788,13990.62,2335146,19023.15,2700123,6452.02,1236649,19277.57,813886
2025-12-01,geo_4,5500000,791184.99,104.482,69091.03,5630639,4380.2,734345,19383.11,2770705,15591.84,2962378,16264.98,671876
2025-12-08,geo_4,5500000,773770.89,106.959,51700.15,3984633,3849.26,739159,7303.81,922919,18443.8,3647485,13461.34,559370
2025-12-15,geo_4,5500000,795617.92,105.516,51336.93,4140389,4061.79,691755,7105.52,979570,16784.26,2630557,13314.92,594812
2025-12-22,geo_4,5500000,840192.77,105.884,59053.16,5224181,4045.26,702746,6749.06,974334,6616.88,1416178,13941.22,652516
2023-01-02,geo_5,4500000,636382.0,98.801,54312.89,4232388,2995.93,444423,15439.33,2512242,7453.41,1476918,13216.03,552704
2023-01-09,geo_5,4500000,633134.38,100.548,54123.58,3983863,10363.97,1775725,14277.44,2083809,10506.63,2161908,13092.29,525088
2023-01-16,geo_5,4500000,648455.99,101.362,48825.76,3706894,12572.87,2307686,16552.76,2471627,15101.4,3160246,12764.96,539119
2023-01-23,geo_5,4500000,638258.53,101.381,59746.63,4894163,12579.0,2183663,5584.95,835653,12715.71,2676937,18626.11,702503
2023-01-30,geo_5,4500000,678297.28,100.803,12487.73,869297,12343.53,2298431,6920.91,1102520,6369.04,1332013,16480.54,654875
2023-02-06,geo_5,4500000,639008.93,102.02,12477.67,966689,3459.65,660621,14407.04,2016535,4785.24,1102604,13719.52,639149
2023-02-13,geo_5,4500000,660418.8,102.129,13134.0,943880,3834.73,616436,13698.74,1902031,5935.74,1137160,12843.63,527898
2023-02-20,geo_5,4500000,612742.56,100.985,10286.86,840574,2949.96,546913,13714.03,2113760,5175.79,1044927,15988.32,715771
2023-02-27,geo_5,4500000,632610.49,100.229,9966.08,760437,2156.35,368609,6711.02,876972,5906.33,1200684,14565.39,600754
2023-03-06,geo_5,4500000,601254.66,101.247,10509.45,768706,2872.81,472877,7426.17,1059988,6513.77,1324011,27053.37,1139825
2023-03-13,geo_5,4500000,582780.57,100.985,15789.47,1182292,3378.86,584794,6877.67,922408,6300.76,1345665,28717.69,1142889
2023-03-20,geo_5,4500000,569032.3,104.728,12283.61,918977,3004.48,502604,6233.16,929842,6034.12,1360472,12749.62,498671
2023-03-27,geo_5,4500000,571379.93,104.195,15007.63,1050502,3422.61,566191,7140.76,1035557,6489.95,1391181,16181.22,707194
2023-04-03,geo_5,4500000,565531.62,102.335,41972.7,3358219,2295.54,363100,6405.14,836022,5754.96,1202122,13448.65,505134
2023-04-10,geo_5,4500000,606508.08,100.7,48638.61,3355873,11000.17,1882021,7117.32,1017625,4852.01,982486,12309.98,519307
2023-04-17,geo_5,4500000,684738.47,99.407,48977.73,3697000,13056.21,2220184,19768.7,3059344,3984.78,784392,11052.14,431406
2023-04-24,geo_5,4500000,672517.98,96.612,45598.32,3221144,9561.56,1719633,17688.42,2656591,4967.85,953153,16081.23,680454
2023-05-01,geo_5,4500000,700334.13,98.646,12923.95,930434,14925.19,2709090,16664.68,2560774,3878.34,878043,12725.34,510556
2023-05-08,geo_5,4500000,641551.35,98.125,11064.9,791469,3525.14,654773,6499.45,934536,10097.39,2291195,26273.75,1074837
2023-05-15,geo_5,4500000,612971.01,98.245,11726.31,890878,3393.54,530469,7562.68,1044377,15051.62,3105685,29594.81,1227677
2023-05-22,geo_5,4500000,640383.11,98.329,13945.69,1087188,3227.37,604435,7753.42,1175828,14567.26,3008848,12940.59,550891
2023-05-29,geo_5,4500000,577847.71,100.87,15442.69,1212980,3900.84,686016,6020.44,980018,4760.56,917197,13585.85,503028
2023-06-05,geo_5,4500000,577223.24,101.892,12706.06,943404,3885.85,797026,6264.51,848349,4980.24,1128714,15766.49,649279
2023-06-12,geo_5,4500000,627041.37,100.41,11036.94,768356,3279.09,589230,6409.4,918895,6093.69,1392681,17687.88,759794
2023-06-19,geo_5,4500000,571966.97,100.83,11076.07,781516,3352.4,596479,6868.42,892262,4874.6,1027843,17871.92,713099
2023-06-26,geo_5,4500000,560970.55,99.444,13125.96,934102,3749.01,649061,7109.12,1033496,4117.37,815845,16410.73,666556
2023-07-03,geo_5,4500000,535380.03,100.723,11322.75,849410,3425.49,612007,7618.2,1174469,4349.78,863209,16146.8,668373
2023-07-10,geo_5,4500000,564180.96,103.13,11096.97,807519,3363.34,653182,5544.12,868122,6497.71,1313249,38728.99,1619412
2023-07-17,geo_5,4500000,617437.53,102.699,10740.2,750890,3473.25,629544,7448.42,1162669,7113.64,1489361,36855.61,1506881
2023-07-24,geo_5,4500000,564649.76,102.085,53819.13,4110924,4059.48,675117,5712.03,897494,6913.75,1406382,15062.51,641070
2023-07-31,geo_5,4500000,642074.79,101.22,50184.0,3540753,12499.29,2250916,6084.89,925138,5952.74,1311784,16463.4,670967
2023-08-07,geo_5,4500000,621573.54,100.315,43900.88,3148697,12075.02,2000684,6187.32,910981,14370.54,3087655,15999.14,599845
2023-08-14,geo_5,4500000,575901.1,98.082,42662.2,3415631,12490.27,2254184,17617.65,2515888,14674.89,3187100,16269.79,604277
2023-08-21,geo_5,4500000,634742.75,98.388,11509.94,828685,15505.45,2515879,14422.47,2248187,13450.95,2941270,20143.32,906395
2023-08-28,geo_5,4500000,598419.1,97.493,10848.99,779705,3214.82,637793,21779.91,3120639,5984.0,1290205,15701.98,624640
2023-09-04,geo_5,4500000,592471.54,97.111,10869.75,754011,3312.75,596307,7074.69,1167162,13444.24,2936651,17292.59,709115
2023-09-11,geo_5,4500000,500166.68,99.581,10837.67,885933,3760.27,665489,7729.19,1042130,10920.58,2126948,16168.97,653910
2023-09-18,geo_5,4500000,559717.73,100.261,11625.59,810528,3357.56,559145,14333.59,2040464,15955.25,3543445,16969.94,750886
2023-09-25,geo_5,4500000,555628.52,100.641,11523.74,923590,4030.61,744164,18608.77,2605224,5558.58,1171220,16623.74,793887
2023-10-02,geo_5,4500000,543866.41,101.805,13414.81,1054111,4375.44,750191,17193.76,2659479,5581.4,1215634,13917.09,600331
2023-10-09,geo_5,4500000,516125.18,103.618,12645.34,971281,4100.31,717420,8157.64,1211726,4586.42,1015783,15039.69,633480
2023-10-16,geo_5,4500000,449348.39,102.563,12524.92,921564,4131.65,742875,7805.55,1049872,4804.23,915286,12471.55,537053
2023-10-23,geo_5,4500000,512513.8,102.271,14733.63,1172565,4243.24,714403,6732.73,917895,4817.52,1035065,13811.93,553382
2023-10-30,geo_5,4500000,542134.7,102.551,15191.06,1140193,4011.1,644974,5789.58,759813,4499.51,893266,14690.33,602800
2023-11-06,geo_5,4500000,547836.12,104.528,47002.24,3521431,3358.44,557984,8505.02,1245721,4968.61,1124352,16030.97,637976
2023-11-13,geo_5,4500000,580166.53,105.265,58857.73,4456583,12861.69,2042563,7214.07,962000,6843.75,1357958,16342.19,723688
2023-11-20,geo_5,4500000,751664.41,101.326,48748.19,3497020,13929.27,2564669,9194.01,1357461,5286.48,1034348,29415.53,1111953
2023-11-27,geo_5,4500000,597850.0,99.092,46865.77,3624559,13692.17,2304041,9441.06,1410579,5818.58,1267799,26260.35,1064804
2023-12-04,geo_5,4500000,610518.02,101.173,14679.39,1027355,16811.71,2927580,24866.83,3351412,5556.2,1095406,12293.07,482179
2023-12-11,geo_5,4500000,662424.64,101.478,52731.32,3909944,3384.07,594280,17387.77,2549021,5769.63,1131653,11589.32,451963
2023-12-18,geo_5,4500000,645977.09,100.069,55284.52,4163742,14011.18,2385060,18094.87,2621952,5098.95,946735,14395.23,620341
2023-12-25,geo_5,4500000,764605.27,102.169,47293.31,3330113,13152.21,2630530,7542.12,1110821,6234.68,1278523,15483.82,705349
2024-01-01,geo_5,4500000,687503.61,101.015,61251.24,4783219,14350.01,2607374,6958.68,1049794,5095.49,1075354,15218.02,681046
2024-01-08,geo_5,4500000,616844.41,103.648,12519.18,964980,14247.52,2734537,7899.47,1162948,6018.5,1273140,26474.53,1139545
2024-01-15,geo_5,4500000,692503.7,101.01,10631.12,770139,3490.01,559713,19858.66,2725685,4838.0,1151527,26193.95,1087738
2024-01-22,geo_5,4500000,651106.46,102.534,59980.77,5071886,4065.56,721695,20493.49,3001496,5234.05,972920,16213.09,672737
2024-01-29,geo_5,4500000,694452.74,104.385,43307.54,3174855,15143.31,2561564,18557.85,2657167,5396.04,1091232,14884.89,606142
2024-02-05,geo_5,4500000,757777.3,102.604,57677.78,4079811,12934.43,2338717,8017.29,1230194,5939.69,1270061,14138.11,593536
2024-02-12,geo_5,4500000,677506.72,104.178,47922.32,3783131,11079.34,2148102,7946.24,1208056,4825.29,966318,15259.41,634455
2024-02-19,geo_5,4500000,662948.45,102.53,11623.91,829252,11891.15,1826576,7160.03,1016297,5359.7,1131731,14574.6,540095
2024-02-26,geo_5,4500000,594898.71,102.973,11104.89,775326,3528.68,611059,15464.86,2211792,5640.52,1216140,11929.57,410114
2024-03-04,geo_5,4500000,627143.24,102.7,10691.46,798580,3527.5,597663,19006.19,2831765,5806.4,1256739,14352.76,585452
2024-03-11,geo_5,4500000,581682.36,104.648,11120.45,752299,3229.58,538255,15591.65,2222402,5318.47,1110627,15730.5,598620
2024-03-18,geo_5,4500000,592180.58,104.697,13428.62,1017522,4077.21,722463,5201.68,844374,5219.12,1061794,16917.59,631420
2024-03-25,geo_5,4500000,582163.59,100.552,12296.83,874901,13137.74,2401376,5373.49,741800,5328.46,1133360,13627.52,554583
2024-04-01,geo_5,4500000,642042.0,100.634,9516.57,718149,15332.11,2773666,6930.14,955159,4706.58,911726,14671.46,600733
2024-04-08,geo_5,4500000,594276.14,100.767,11906.24,992371,14605.6,2535742,6579.01,909011,5761.39,1149571,14170.36,649519
2024-04-15,geo_5,4500000,611162.83,101.662,9618.78,707499,14387.74,2700112,6442.49,907418,4924.92,991001,13728.73,611499
2024-04-22,geo_5,4500000,609702.43,99.198,12415.97,919586,3511.64,618271,5914.44,928401,4789.53,994358,13443.17,584217
2024-04-29,geo_5,4500000,605288.04,100.564,10385.9,759147,4106.7,817579,7049.23,1062235,12835.75,2744576,13916.43,573496
2024-05-06,geo_5,4500000,641810.53,96.773,10827.2,784836,3765.2,603729,7542.84,1215295,12911.62,2718868,13748.73,578691
2024-05-13,geo_5,4500000,693972.52,99.005,13466.31,967541,13398.64,2486566,7316.54,1073087,13444.58,2844765,15228.4,579676
2024-05-20,geo_5,4500000,584737.5,100.581,9059.58,648390,9270.02,1732174,6091.1,872597,5726.66,1120002,16053.68,700771
2024-05-27,geo_5,4500000,565490.31,100.363,15130.74,1122023,16270.25,2642123,6912.46,999135,5772.18,1126150,15803.85,571244
2024-06-03,geo_5,4500000,555463.96,101.285,16534.94,1350681,17182.3,3358722,7072.35,1060436,5528.01,1070499,15202.87,641536
2024-06-10,geo_5,4500000,582048.29,100.982,12673.86,883696,3774.26,641435,5975.66,806665,15098.23,3494515,15915.7,598871
2024-06-17,geo_5,4500000,593849.04,100.442,12885.02,1014067,3929.87,681852,5979.7,898367,17270.5,3743986,14925.36,598446
2024-06-24,geo_5,4500000,590018.27,101.85,11453.0,866451,3709.69,600280,6150.85,982014,15745.53,3320541,15793.89,647171
2024-07-01,geo_5,4500000,571642.6,102.048,13767.21,1111633,4640.28,767300,8432.12,1276699,5707.31,1162803,16215.36,707552
2024-07-08,geo_5,4500000,618044.64,103.38,12610.83,896113,3575.08,612244,20532.61,3130648,7248.67,1544791,28273.69,1157188
2024-07-15,geo_5,4500000,574881.26,101.611,12455.29,889325,4194.44,777794,16588.15,2374494,5960.74,1254462,32902.21,1387388
2024-07-22,geo_5,4500000,604847.8,102.451,11325.1,847510,4110.43,770983,18263.13,2784645,6134.99,1330468,18168.03,787063
2024-07-29,geo_5,4500000,647551.08,102.436,15190.83,1223365,4211.64,737315,8272.06,1221693,7625.38,1514388,15863.96,615526
2024-08-05,geo_5,4500000,567494.76,102.828,13755.25,966041,4355.87,755498,8242.26,1286197,16886.4,3499659,14299.46,535560
2024-08-12,geo_5,4500000,635401.06,102.984,41176.15,2982103,3230.48,530366,7601.02,1135984,20483.3,4310004,13192.17,516584
2024-08-19,geo_5,4500000,558954.67,101.321,48479.58,3214010,15495.63,2632172,6451.69,935823,15496.31,3258115,15001.16,622924
2024-08-26,geo_5,4500000,570704.44,101.934,41272.14,3231153,12730.33,2097295,7057.77,1170836,7370.4,1395746,15419.81,575999
2024-09-02,geo_5,4500000,569881.55,101.238,56431.57,4033785,15391.31,2722577,8286.07,1259641,7173.28,1603318,15329.74,635645
2024-09-09,geo_5,4500000,595909.74,102.575,11211.74,856395,14656.23,2413970,23158.95,3245364,6941.99,1445646,14784.56,654640
2024-09-16,geo_5,4500000,549058.79,102.864,12397.58,910391,4223.78,696329,23439.78,3582811,6323.58,1332048,13630.22,501969
2024-09-23,geo_5,4500000,601023.74,102.016,12897.34,930791,3994.19,709710,21040.89,3315509,5167.49,1029896,15487.21,620730
2024-09-30,geo_5,4500000,598461.95,99.996,48264.46,3870061,3304.81,572036,7411.99,1160141,6251.18,1212077,13911.32,604252
2024-10-07,geo_5,4500000,576291.9,101.229,41107.87,2847650,13659.67,2489563,9666.07,1407307,5458.26,1203311,15347.29,570522
2024-10-14,geo_5,4500000,577847.17,102.1,45936.82,3238430,12014.09,2013137,7476.69,1115929,6426.96,1411976,12644.31,470682
2024-10-21,geo_5,4500000,604214.62,102.54,41014.19,3001868,11496.33,2261048,8100.4,1196245,5602.39,1134199,12902.64,592508
2024-10-28,geo_5,4500000,594457.06,102.384,14140.39,996382,13913.13,2358509,8174.74,1253851,6775.08,1358842,15019.05,627150
2024-11-04,geo_5,4500000,542650.5,104.254,13654.85,1048069,3253.36,516186,7973.68,1196766,6508.31,1295231,13822.81,522524
2024-11-11,geo_5,4500000,522974.59,104.558,9941.93,670682,2411.06,413933,8924.31,1272231,6288.25,1275231,13887.53,608433
2024-11-18,geo_5,4500000,571330.13,103.223,10937.44,894229,2910.31,530990,5495.84,771843,6869.18,1351631,16159.5,619172
2024-11-25,geo_5,4500000,648116.23,103.338,16360.66,1330737,3801.85,674398,5033.68,686235,13806.89,3163277,14113.71,591008
2024-12-02,geo_5,4500000,506625.79,104.949,14031.31,1114874,3084.91,532594,7408.94,1002798,16381.51,3672763,32631.02,1277232
2024-12-09,geo_5,4500000,583580.61,105.43,12054.34,901711,2967.45,520648,8088.01,1213100,15475.6,2957220,28876.01,1237486
2024-12-16,geo_5,4500000,548250.25,106.088,13645.29,928308,3385.52,573460,7815.62,1120110,6293.25,1200443,14986.1,614825
2024-12-23,geo_5,4500000,734707.95,105.52,12831.36,986981,3545.32,633668,18620.25,2708849,6188.72,1380535,15420.03,706005
2024-12-30,geo_5,4500000,648956.27,106.449,54869.3,4011231,3500.6,654483,16493.28,2479220,6435.41,1210350,17173.34,724078
2025-01-06,geo_5,4500000,612286.94,104.625,49603.97,3472831,12362.27,2062037,17107.83,2595246,6338.25,1319479,16048.55,659816
2025-01-13,geo_5,4500000,648581.85,103.725,65492.8,4471671,13134.77,2286920,8856.33,1269589,5783.02,1235242,14711.92,587337
2025-01-20,geo_5,4500000,759906.25,104.035,57645.78,4277015,12953.52,2412391,6657.54,893224,5212.44,1099732,13977.29,623227
2025-01-27,geo_5,4500000,623021.92,103.044,11575.54,899229,10208.6,1651767,8323.69,1183505,11751.24,2736764,14819.7,602604
2025-02-03,geo_5,4500000,694639.69,103.169,11744.46,965168,3504.59,589130,6983.31,1038285,12253.05,2447701,15204.23,698085
2025-02-10,geo_5,4500000,581973.19,104.722,11743.23,819522,3105.16,555855,7235.13,1012615,17070.39,3183690,15014.25,657317
2025-02-17,geo_5,4500000,616914.16,102.019,12653.52,1011797,2978.97,519548,6293.79,908921,5595.66,1149431,11816.4,487404
2025-02-24,geo_5,4500000,669435.63,99.289,51670.39,3752479,3196.56,505987,6533.36,946480,6585.32,1347758,12168.26,521591
2025-03-03,geo_5,4500000,658680.6,100.891,53981.73,3803653,11783.78,1832281,5987.32,899817,6732.22,1323785,14994.75,629966
2025-03-10,geo_5,4500000,636401.54,103.576,50266.36,3859059,13523.76,2313777,5395.0,789809,5881.0,1158063,13445.32,573964
2025-03-17,geo_5,4500000,695823.26,103.205,55436.38,4245848,12850.84,1997863,5891.78,898452,5864.99,1058967,28086.0,1164967
2025-03-24,geo_5,4500000,659153.19,102.231,12560.24,970212,14377.43,2465478,5404.56,815738,5937.57,1235769,29651.99,1115601
2025-03-31,geo_5,4500000,629166.36,99.005,15886.91,1235332,4005.53,742990,7501.34,1022315,6252.13,1106928,14264.42,587161
2025-04-07,geo_5,4500000,607260.47,100.273,12062.69,823311,2764.73,511921,6142.71,826892,5307.65,1173356,15489.12,561956
2025-04-14,geo_5,4500000,633164.51,102.33,13561.69,1057832,3032.7,500788,6429.7,944635,6714.54,1550962,18088.46,770096
2025-04-21,geo_5,4500000,599039.43,101.658,12988.15,994744,3811.61,713162,20448.39,3177822,8710.5,1879241,13720.83,611276
2025-04-28,geo_5,4500000,664158.09,98.851,12056.63,888736,2798.77,504803,17676.08,2801522,7454.0,1669190,14809.93,603947
2025-05-05,geo_5,4500000,638044.73,96.754,13805.3,1098597,11420.06,1872845,15888.87,2248292,8003.38,1656625,13936.98,515487
2025-05-12,geo_5,4500000,707501.72,100.221,14346.95,1126748,11719.47,2172555,7540.83,1072743,7921.25,1713651,13885.17,561857
2025-05-19,geo_5,4500000,620764.99,102.187,13257.29,1018895,11018.61,1841013,7214.09,1083183,6447.3,1354159,13445.55,493023
2025-05-26,geo_5,4500000,603680.66,98.683,15579.86,1190383,14787.32,2515929,6829.3,904247,5601.99,1339470,15536.85,616002
2025-06-02,geo_5,4500000,676325.24,98.653,11624.83,794342,3567.13,654801,14247.74,2079451,16505.26,3525803,14477.98,524426
2025-06-09,geo_5,4500000,633599.5,99.217,13537.61,1138667,3411.64,596232,17432.42,2777028,17060.49,3296426,17587.97,755300
2025-06-16,geo_5,4500000,644977.85,97.873,13607.59,1066372,4377.03,815636,16565.15,2248760,13295.84,2604670,16278.5,677301
2025-06-23,geo_5,4500000,686710.26,98.267,13343.51,987533,4556.4,748933,6026.87,903290,6548.9,1566132,13299.48,535953
2025-06-30,geo_5,4500000,542230.51,101.947,10492.64,841341,3567.65,569663,6085.98,901428,7483.41,1569765,16100.32,593651
2025-07-07,geo_5,4500000,606365.64,101.337,10381.67,738365,3220.37,454162,15657.08,2162459,16345.16,3384890,14629.45,599290
2025-07-14,geo_5,4500000,594916.67,100.887,13743.32,950347,3924.78,709736,15567.88,2298191,16515.66,3479956,14465.18,552755
2025-07-21,geo_5,4500000,590604.59,98.323,10317.1,736260,3381.4,570479,17413.95,2686665,13361.74,2432596,34092.69,1358622
2025-07-28,geo_5,4500000,616631.21,99.311,13710.39,1038323,4314.49,651183,7093.74,1074942,5453.74,1155169,35954.06,1464634
2025-08-04,geo_5,4500000,675971.94,100.008,61465.86,5243657,3956.98,670657,6547.27,921104,6139.03,1329913,12509.63,560951
2025-08-11,geo_5,4500000,653607.63,99.359,46482.12,3376107,4054.17,742048,8337.55,1278627,16258.3,3215259,12846.37,504390
2025-08-18,geo_5,4500000,642173.24,96.747,52180.65,3646342,4823.21,856733,8274.26,1166589,13318.48,3134937,13856.1,556150
2025-08-25,geo_5,4500000,691488.65,97.43,50259.77,3575146,3366.68,581090,14818.16,2000113,17993.02,3835293,15532.18,669999
2025-09-01,geo_5,4500000,668572.17,95.924,14824.17,1125015,3817.15,705913,22471.35,3773256,4897.88,1041507,14155.88,599885
2025-09-08,geo_5,4500000,570732.44,97.604,15445.2,1231259,4647.55,784788,16296.19,2434655,12189.65,2561193,33367.97,1353442
2025-09-15,geo_5,4500000,591968.04,98.683,13157.31,972360,4621.76,765866,6036.35,887157,14955.83,3171136,22261.6,870511
2025-09-22,geo_5,4500000,592196.86,97.086,52213.48,3978146,3239.49,575323,17817.41,2769810,11251.43,2417871,13365.64,572934
2025-09-29,geo_5,4500000,671322.4,96.709,55051.6,4573199,3779.79,694489,21124.94,3006643,6208.08,1304947,33637.92,1339745
2025-10-06,geo_5,4500000,647553.37,97.237,45854.55,3712821,2903.97,542262,22162.58,3410189,5650.03,1199805,35757.75,1414697
2025-10-13,geo_5,4500000,635534.01,97.758,51351.26,3858090,3969.89,705886,6350.42,902570,6046.4,1146637,13233.96,526973
2025-10-20,geo_5,4500000,632604.91,97.604,14433.62,1143342,4361.66,743907,18420.6,2565230,5413.29,1222847,12339.99,508948
2025-10-27,geo_5,4500000,594233.34,101.472,48665.32,3988509,3420.53,580308,18485.31,2765392,5848.83,1118272,13550.45,582541
2025-11-03,geo_5,4500000,611519.68,102.401,60739.89,4255601,16028.48,2817702,22686.96,3139691,5103.67,1120156,12805.39,479280
2025-11-10,geo_5,4500000,670902.55,101.891,43049.89,3532333,14463.7,2590959,8594.9,1233704,5762.27,1185730,13158.97,597646
2025-11-17,geo_5,4500000,632283.44,104.112,47874.56,3459171,9972.94,1724147,19884.08,3033346,5579.87,1270133,12355.55,550106
2025-11-24,geo_5,4500000,683096.32,105.219,11918.07,803769,12039.73,2378002,19139.58,2966233,4714.22,999176,16763.23,613864
2025-12-01,geo_5,4500000,632106.58,104.482,53146.63,4364643,3729.82,642568,19714.16,2905627,11888.41,2382580,14022.46,607994
2025-12-08,geo_5,4500000,631711.45,106.959,44259.76,3524783,3629.49,653007,7130.24,936743,14995.55,3103290,11523.26,475693
2025-12-15,geo_5,4500000,650172.71,105.516,44872.71,3709057,4034.27,683247,6070.81,864880,12480.7,2645873,11783.94,467728
2025-12-22,geo_5,4500000,712575.38,105.884,50763.69,4065142,4046.82,729705,6221.5,910812,5082.8,1090763,11801.82,507931
2023-01-02,geo_6,4000000,584499.3,98.801,48699.98,4195646,3141.8,521102,15329.11,2310022,5867.31,1156243,14184.95,501732
2023-01-09,geo_6,4000000,599415.32,100.548,46956.37,4064125,9990.38,1673200,14287.3,1752304,8320.2,1605389,13932.93,471651
2023-01-16,geo_6,4000000,614819.98,101.362,46269.02,4577316,12474.91,2197138,17287.31,2368824,12237.36,2535944,13312.52,444995
2023-01-23,geo_6,4000000,609214.35,101.381,57635.72,5488807,11421.05,1917010,6266.42,885463,10295.15,2154078,17887.87,599659
2023-01-30,geo_6,4000000,627008.34,100.803,12686.93,1148845,12111.22,2174248,8247.44,1073970,5451.05,1033260,15776.2,499099
2023-02-06,geo_6,4000000,591155.91,102.02,12422.6,1118202,3358.48,523013,16002.51,2183432,4312.71,768040,13522.33,481822
2023-02-13,geo_6,4000000,535789.26,102.129,12844.49,1030321,3809.02,698907,15738.29,2221056,5314.63,1054849,12446.08,441589
2023-02-20,geo_6,4000000,576094.67,100.985,10777.8,936970,3269.92,564553,14386.89,1794386,4754.01,940935,15693.16,549533
2023-02-27,geo_6,4000000,551780.15,100.229,10477.23,899879,2496.57,429132,6113.47,770654,5903.09,1017780,13689.89,448999
2023-03-06,geo_6,4000000,569618.67,101.247,10675.0,1094239,3282.82,620307,6809.29,932144,6379.32,1382278,27677.07,934793
2023-03-13,geo_6,4000000,527082.93,100.985,15647.91,1397800,3644.24,612104,6033.65,908635,5695.87,1096186,29193.34,1009998
2023-03-20,geo_6,4000000,507470.38,104.728,12229.59,1233127,3279.6,576152,5354.06,816632,5517.86,1057540,12227.72,389311
2023-03-27,geo_6,4000000,553449.68,104.195,13488.81,1128379,4019.53,692376,5588.47,779207,6449.99,1137256,14952.36,506475
2023-04-03,geo_6,4000000,522801.68,102.335,38940.09,3347959,2515.21,424696,4943.56,655414,6097.62,1225745,12451.88,421148
2023-04-10,geo_6,4000000,521140.64,100.7,48775.48,4690892,12294.49,2090115,5516.82,771745,5164.89,897357,10919.39,362907
2023-04-17,geo_6,4000000,588566.66,99.407,53453.99,5032336,14219.93,2840319,15857.98,2281751,4210.01,817712,10712.28,380619
2023-04-24,geo_6,4000000,613780.29,96.612,50050.96,4594146,11099.48,1821926,14391.49,1949582,5307.32,973465,14412.15,507271
2023-05-01,geo_6,4000000,637493.38,98.646,15295.32,1300965,17013.51,2881404,13764.21,1825764,4203.42,908962,12234.55,461226
2023-05-08,geo_6,4000000,575930.55,98.125,12715.92,1086391,3835.55,668777,5211.32,688697,11708.04,2119744,26475.15,876057
2023-05-15,geo_6,4000000,644683.95,98.245,13142.47,1148318,3682.61,705956,5865.5,804190,18421.42,3310567,26472.24,833980
2023-05-22,geo_6,4000000,583403.25,98.329,16257.15,1369530,3250.27,556136,5420.45,775935,15150.28,2807802,11440.07,409928
2023-05-29,geo_6,4000000,510065.95,100.87,17024.18,1703122,4135.92,764274,4537.21,605759,5027.82,1031062,11338.92,413695
2023-06-05,geo_6,4000000,475537.72,101.892,15343.4,1326242,3756.74,649041,4972.75,660514,5464.31,1140048,12090.2,407517
2023-06-12,geo_6,4000000,543694.93,100.41,14490.02,1325288,3067.52,528806,5459.49,761905,6111.96,1201167,12242.06,417140
2023-06-19,geo_6,4000000,495871.11,100.83,14400.1,1313778,3138.5,552028,5697.47,829250,5158.78,1002473,11894.98,418340
2023-06-26,geo_6,4000000,531958.48,99.444,15926.12,1451588,3302.26,563069,5452.72,734766,4189.82,790922,11062.88,382842
2023-07-03,geo_6,4000000,471763.0,100.723,12102.09,1151186,3224.63,560784,6346.37,794682,4083.19,686872,11833.7,458486
2023-07-10,geo_6,4000000,559374.38,103.13,11480.65,1000817,3273.14,543300,4971.09,670103,6204.23,1200226,31492.07,1067455
2023-07-17,geo_6,4000000,523837.19,102.699,11680.89,1109467,3477.28,539416,6728.38,943311,5897.51,1167159,29634.17,1096424
2023-07-24,geo_6,4000000,508925.63,102.085,57576.01,5164478,3699.7,583045,5552.49,746403,5386.72,1010115,12024.14,421436
2023-07-31,geo_6,4000000,539559.05,101.22,55059.9,4833695,13335.91,2399630,5948.73,727194,5150.45,872534,12926.36,493530
2023-08-07,geo_6,4000000,542142.97,100.315,47838.31,4250770,12352.31,2145265,5584.2,751553,12059.96,2320194,11610.92,425418
2023-08-14,geo_6,4000000,526514.36,98.082,46409.01,3969214,11530.06,1899527,15909.37,2186751,11488.15,2140720,13261.3,456001
2023-08-21,geo_6,4000000,507832.17,98.388,12149.97,1111640,13640.5,2088429,12603.39,1814026,11053.43,2210538,16213.2,598654
2023-08-28,geo_6,4000000,524929.47,97.493,11927.67,1076065,2756.01,476804,17977.8,2396096,5354.67,1073500,11951.14,411568
2023-09-04,geo_6,4000000,538250.58,97.111,11113.53,1064948,2647.63,422337,5609.25,763744,13360.73,2481704,14174.88,467689
2023-09-11,geo_6,4000000,448762.45,99.581,11081.43,925883,2864.97,448104,5728.84,814268,10605.13,2029008,14499.63,542407
2023-09-18,geo_6,4000000,518360.9,100.261,11906.5,1051152,2375.62,401834,11019.86,1510670,15339.05,2645424,15703.56,493882
2023-09-25,geo_6,4000000,510610.23,100.641,11337.84,965562,2831.79,501978,14838.19,1945236,5686.8,1100755,15528.51,568024
2023-10-02,geo_6,4000000,490152.63,101.805,11337.08,1108789,3167.27,538933,14494.21,1858572,5799.98,1096004,13051.26,470391
2023-10-09,geo_6,4000000,454315.89,103.618,10846.09,1037456,2902.16,469088,6811.73,997313,5042.78,1056522,13497.82,466661
2023-10-16,geo_6,4000000,451391.51,102.563,10709.88,968608,2799.73,489334,6835.66,877398,5306.15,1023381,11746.32,366979
2023-10-23,geo_6,4000000,442327.08,102.271,12258.56,1122906,3046.16,488164,5920.85,881565,4796.35,914484,12147.57,435097
2023-10-30,geo_6,4000000,470650.98,102.551,12650.41,1152445,2923.44,490502,5663.19,761496,4397.05,883837,12347.1,433009
2023-11-06,geo_6,4000000,485982.47,104.528,36886.87,3222950,2419.99,401869,8180.98,1125170,4370.33,770122,13230.12,490899
2023-11-13,geo_6,4000000,573280.34,105.265,49432.99,4350712,9331.07,1592146,6654.37,1000917,6040.32,1127598,12731.85,438356
2023-11-20,geo_6,4000000,637538.85,101.326,47435.63,4194131,10363.4,1701876,7472.24,941987,4948.12,1037662,24792.68,736487
2023-11-27,geo_6,4000000,531179.62,99.092,47456.81,4547790,10537.87,1526647,7331.74,980782,4902.14,860344,22721.59,819525
2023-12-04,geo_6,4000000,573439.09,101.173,14307.25,1213071,13630.89,2167349,20397.45,3009488,4781.71,853392,10104.74,351693
2023-12-11,geo_6,4000000,572723.18,101.478,54601.73,4971614,2964.9,488099,14054.16,1853875,4808.51,914554,9166.82,303559
2023-12-18,geo_6,4000000,575002.35,100.069,56820.6,5151731,11395.09,1883717,14298.27,1942799,4527.52,833642,10839.85,372073
2023-12-25,geo_6,4000000,633387.16,102.169,47557.99,4489524,11221.65,2178728,6359.0,847728,5584.27,1014943,11839.9,394901
2024-01-01,geo_6,4000000,610889.53,101.015,60597.02,5408897,12164.16,1708872,6143.11,785452,4639.49,902583,11049.38,361834
2024-01-08,geo_6,4000000,529766.73,103.648,13042.83,1202074,10808.95,1942629,6861.12,1088980,5965.08,1061145,21158.33,682089
2024-01-15,geo_6,4000000,616062.61,101.01,11778.02,1083190,2514.77,437324,17226.66,2164503,5094.56,1017807,21599.37,849473
2024-01-22,geo_6,4000000,627896.37,102.534,63268.1,5827621,2987.15,563507,17775.7,2294424,5235.08,932729,14124.97,487584
2024-01-29,geo_6,4000000,661767.98,104.385,45303.05,3858816,10414.29,1647735,17389.47,2437988,5083.62,897507,11990.09,406589
2024-02-05,geo_6,4000000,569119.97,102.604,54234.55,5001572,9245.75,1562100,7640.66,984018,6271.24,1100818,10712.67,374428
2024-02-12,geo_6,4000000,599694.86,104.178,44570.64,4356466,8280.49,1417847,7927.51,1033573,5071.33,953343,12507.87,446889
2024-02-19,geo_6,4000000,619558.0,102.53,10240.41,948668,8277.42,1311432,7461.56,1013257,6089.38,1267433,11706.7,377207
2024-02-26,geo_6,4000000,624171.23,102.973,10177.11,879491,2622.29,467571,17769.37,2536144,6420.95,1091698,9854.1,309826
2024-03-04,geo_6,4000000,597389.41,102.7,9932.96,834078,2786.01,458073,22835.85,3414923,6452.54,1272454,11508.31,398192
2024-03-11,geo_6,4000000,567518.01,104.648,9666.09,754314,2659.38,437003,18303.78,2677060,5597.37,1022122,11038.34,391119
2024-03-18,geo_6,4000000,561634.0,104.697,12376.67,1128850,3511.7,608272,6221.65,883419,5627.15,1065045,13130.19,405000
2024-03-25,geo_6,4000000,537370.72,100.552,11425.88,987334,10484.98,1724535,6349.38,784026,5509.82,988756,10294.72,367248
2024-04-01,geo_6,4000000,540633.76,100.634,10379.12,977476,11505.25,1809569,8322.86,1152911,4492.7,873884,12549.78,412654
2024-04-08,geo_6,4000000,548931.86,100.767,12797.82,1115523,11725.4,2189783,7585.08,1054874,5524.76,1026345,14085.18,450270
2024-04-15,geo_6,4000000,534862.64,101.662,9457.44,818780,10886.99,1836637,7473.85,1046583,5136.69,1065623,13062.47,437464
2024-04-22,geo_6,4000000,539074.25,99.198,12046.02,1036307,2778.98,475113,6638.28,922969,5762.75,1160927,13281.31,451505
2024-04-29,geo_6,4000000,548659.82,100.564,10679.74,845744,3302.2,586093,7720.48,1014745,15783.08,2779890,13487.58,471247
2024-05-06,geo_6,4000000,565372.81,96.773,10950.3,922276,3029.88,518404,8229.19,1159213,14164.7,2565424,12845.52,454477
2024-05-13,geo_6,4000000,538901.11,99.005,12655.98,1152230,11085.08,1886634,7637.35,1080220,13100.71,2539850,14044.46,514845
2024-05-20,geo_6,4000000,565517.04,100.581,9092.89,863456,8665.12,1449217,6013.93,839390,5471.57,975935,14849.24,537876
2024-05-27,geo_6,4000000,570728.52,100.363,14515.14,1409746,14194.29,2230777,6793.53,905246,5363.17,924847,12394.21,471033
2024-06-03,geo_6,4000000,488410.08,101.285,14808.9,1268706,14531.93,2453611,6376.88,816957,4626.85,870926,10828.11,360827
2024-06-10,geo_6,4000000,496390.79,100.982,11605.9,1034997,2911.29,464375,6065.22,750415,12224.65,2265349,11350.05,376588
2024-06-17,geo_6,4000000,522418.57,100.442,11717.35,1009281,3069.08,537209,5690.02,811527,14135.19,2505406,12027.15,441814
2024-06-24,geo_6,4000000,524933.81,101.85,10486.55,992051,2933.58,466465,5435.86,757323,11763.98,2166760,12287.29,362156
2024-07-01,geo_6,4000000,532705.0,102.048,12925.49,1282921,3490.39,517581,7632.65,1039358,4149.76,786491,12823.15,427335
2024-07-08,geo_6,4000000,559743.92,103.38,10137.21,905132,2792.2,480388,17514.03,2393478,5149.4,1032363,22992.89,776105
2024-07-15,geo_6,4000000,533098.59,101.611,10697.65,969445,3196.87,528226,14717.73,1984763,4263.28,815367,27621.3,910678
2024-07-22,geo_6,4000000,481466.69,102.451,10482.41,968726,3010.22,518819,15270.71,2020847,4666.09,829898,15590.46,481862
2024-07-29,geo_6,4000000,495688.93,102.436,13592.14,1085505,3306.0,532578,6697.33,903951,5718.05,1084443,13018.72,415243
2024-08-05,geo_6,4000000,463159.06,102.828,12661.47,1137590,3604.55,574740,6764.29,912715,13130.93,2503692,11482.57,406050
2024-08-12,geo_6,4000000,497321.79,102.984,39608.64,3730095,2936.65,480432,6305.55,942547,14640.49,2932053,10974.93,345533
2024-08-19,geo_6,4000000,538778.86,101.321,42416.25,3985759,14128.39,2478804,4835.24,640728,11097.03,2241349,12627.96,458264
2024-08-26,geo_6,4000000,486079.01,101.934,36278.54,2916647,11077.37,1908508,4608.13,582650,5834.61,1101053,12495.71,430619
2024-09-02,geo_6,4000000,538772.88,101.238,47840.88,4264230,15276.41,2625745,5442.81,748643,5767.62,1070539,12247.98,426492
2024-09-09,geo_6,4000000,461241.27,102.575,9857.1,824423,14358.02,2297966,14200.7,1715227,5497.59,1092877,11295.97,391204
2024-09-16,geo_6,4000000,522374.97,102.864,10570.29,1012295,4730.38,764307,13317.02,1715597,5617.12,1019489,11326.07,412132
2024-09-23,geo_6,4000000,472255.34,102.016,11890.23,1101943,4343.55,675423,13477.01,2044973,4159.81,748628,12675.12,440926
2024-09-30,geo_6,4000000,519819.42,99.996,42487.1,3949751,3325.77,537212,4948.54,631855,4996.24,961018,10904.5,391947
2024-10-07,geo_6,4000000,459649.57,101.229,37888.76,3483303,14734.42,2607298,7008.67,904390,4470.77,842164,13040.14,450680
2024-10-14,geo_6,4000000,496030.89,102.1,39490.8,3433079,14019.02,2229990,5185.06,841751,5214.97,986732,10394.09,317388
2024-10-21,geo_6,4000000,569874.1,102.54,37447.76,3427992,13735.07,2273495,6017.3,870140,4423.73,814540,9724.4,344472
2024-10-28,geo_6,4000000,503220.95,102.384,12606.78,1172387,15361.46,3032256,6477.65,818554,5708.3,1082211,11578.73,391549
2024-11-04,geo_6,4000000,459538.22,104.254,11386.33,1072160,3667.57,672932,7071.03,979070,5152.21,919093,10817.12,382103
2024-11-11,geo_6,4000000,469166.94,104.558,7672.64,745589,2681.68,441636,7786.27,1051582,5365.98,978924,11298.33,406782
2024-11-18,geo_6,4000000,496623.66,103.223,8583.01,843622,3409.04,594660,5185.44,654910,5421.53,1071950,12847.88,442624
2024-11-25,geo_6,4000000,583643.61,103.338,13402.0,1307784,4480.74,715249,4462.25,562726,11832.68,2190725,11688.14,461343
2024-12-02,geo_6,4000000,502920.94,104.949,10954.8,995134,3469.77,588431,6295.45,874213,14809.53,2662782,26784.85,877147
2024-12-09,geo_6,4000000,515493.92,105.43,9023.38,740870,3131.2,479651,6941.59,940998,13803.19,2613637,24003.36,829514
2024-12-16,geo_6,4000000,473582.91,106.088,10541.13,968241,3431.17,579023,6895.33,863837,5860.87,1017801,12842.3,403426
2024-12-23,geo_6,4000000,561473.44,105.52,10969.51,1061123,3124.58,515456,16399.06,2456776,5676.52,1065246,12466.24,381529
2024-12-30,geo_6,4000000,526763.01,106.449,43270.94,3799445,3462.14,532578,15668.51,2137829,5990.36,1065705,14172.11,540725
2025-01-06,geo_6,4000000,544309.56,104.625,36980.95,3241704,12446.33,2027811,16030.31,2431329,5809.63,992044,13848.77,462873
2025-01-13,geo_6,4000000,572294.82,103.725,48303.36,4344834,12402.02,1912666,7915.94,1183745,5394.9,1027995,12090.63,403413
2025-01-20,geo_6,4000000,593383.8,104.035,44528.34,4238053,11735.94,1847069,5813.64,771847,4722.34,923631,11753.14,399822
2025-01-27,geo_6,4000000,636441.67,103.044,9021.72,765598,9530.82,1715613,7420.25,1010236,10364.56,1941358,13943.43,487804
2025-02-03,geo_6,4000000,582509.55,103.169,10822.08,942183,3438.16,610999,6451.04,841434,10043.89,2000517,13712.27,466482
2025-02-10,geo_6,4000000,576091.43,104.722,11128.04,1106393,3146.59,533511,6653.94,841081,13377.49,2551008,14310.46,502570
2025-02-17,geo_6,4000000,594315.95,102.019,12078.22,1120683,3004.02,497544,5959.06,845424,4884.32,883516,11776.86,406985
2025-02-24,geo_6,4000000,590480.5,99.289,47670.05,4004322,3025.52,509722,6708.88,924538,5850.35,1026905,12287.31,415570
2025-03-03,geo_6,4000000,597142.57,100.891,49202.71,4363919,12856.9,2146289,6618.77,846831,6312.34,1222717,14760.61,506125
2025-03-10,geo_6,4000000,569497.43,103.576,42261.57,4589667,12685.65,1971056,5743.3,821892,5513.43,999125,12491.64,441672
2025-03-17,geo_6,4000000,626602.62,103.205,47895.56,4632238,12465.92,2151819,6275.81,801356,5197.88,1034377,27967.56,896913
2025-03-24,geo_6,4000000,625423.69,102.231,11030.12,934258,14547.65,2487783,5596.36,759815,5398.1,1059410,28483.53,977976
2025-03-31,geo_6,4000000,615325.38,99.005,13648.61,1229993,4110.62,677059,7654.71,1091958,5912.99,986256,14084.37,496262
2025-04-07,geo_6,4000000,610399.95,100.273,9925.09,866034,3065.59,488052,6138.8,902913,4601.48,822664,14064.5,451799
2025-04-14,geo_6,4000000,594534.49,102.33,10754.45,993807,3496.76,548050,6449.36,873015,4950.52,905764,15937.71,570008
2025-04-21,geo_6,4000000,513054.21,101.658,10707.85,907026,4454.14,735800,20903.34,2841345,5982.65,1162989,12134.91,414399
2025-04-28,geo_6,4000000,569297.34,98.851,9992.56,958113,3402.63,542498,18217.74,2496740,5015.38,789261,12942.89,430385
2025-05-05,geo_6,4000000,588044.27,96.754,11582.81,1036219,12964.01,2410028,15717.28,2025582,4896.89,1016121,13306.42,479080
2025-05-12,geo_6,4000000,583823.37,100.221,12155.18,1137128,12301.91,2103629,7789.32,1092331,4863.17,808965,13876.99,473661
2025-05-19,geo_6,4000000,555860.86,102.187,11783.83,1005251,11996.97,2125871,6897.75,952761,4831.81,965183,13277.99,494146
2025-05-26,geo_6,4000000,553701.01,98.683,13519.13,1373225,16048.42,2936131,6830.05,827421,4554.78,872446,15108.8,508146
2025-06-02,geo_6,4000000,589796.66,98.653,10814.31,879796,3778.08,696440,15340.55,2019190,14261.24,2845290,14336.84,499552
2025-06-09,geo_6,4000000,590056.62,99.217,12134.95,997730,3452.87,549539,18907.35,2335323,15782.76,3181850,16984.77,562646
2025-06-16,geo_6,4000000,591438.79,97.873,11513.73,978154,4258.61,700238,16531.77,2106325,11760.19,2160513,16482.39,619387
2025-06-23,geo_6,4000000,537766.54,98.267,12641.01,1221941,3883.93,760875,5966.58,848618,6102.67,1195898,12286.79,440165
2025-06-30,geo_6,4000000,479507.45,101.947,10458.3,924125,3076.65,526175,5346.48,774030,7019.87,1281156,15341.72,536472
2025-07-07,geo_6,4000000,544781.35,101.337,10420.03,803428,2860.85,466083,13269.16,1832599,15467.71,2912217,13582.35,475821
2025-07-14,geo_6,4000000,518529.05,100.887,12876.97,1124289,3620.96,637389,12170.44,1767772,14913.22,3206507,13677.85,491038
2025-07-21,geo_6,4000000,576623.06,98.323,10044.62,903190,3234.87,568621,13678.93,1685516,11955.63,2582826,32416.9,1054074
2025-07-28,geo_6,4000000,534020.36,99.311,13021.46,1212552,4131.23,660158,5350.83,718131,4779.85,844662,36529.37,1355451
2025-08-04,geo_6,4000000,561620.96,100.008,56810.26,5501798,3797.35,631029,4901.51,632663,5731.06,1041549,12798.56,385204
2025-08-11,geo_6,4000000,555529.82,99.359,46339.78,4110898,3707.19,631097,6340.19,822992,15245.11,2592042,12052.25,374331
2025-08-18,geo_6,4000000,579791.86,96.747,51915.81,4409475,4484.18,669484,5754.87,841340,13086.07,2421831,12197.78,427241
2025-08-25,geo_6,4000000,596900.67,97.43,50307.88,4225756,3211.98,552489,11892.89,1607633,17054.54,3070289,14486.08,481191
2025-09-01,geo_6,4000000,530017.28,95.924,14320.01,1269203,3357.44,574925,16991.32,2085589,5158.68,965752,13333.45,449161
2025-09-08,geo_6,4000000,548624.6,97.604,15535.44,1392198,4146.05,637483,13169.16,1865405,12993.36,2337469,29767.37,1060317
2025-09-15,geo_6,4000000,520035.63,98.683,13134.8,1172779,4177.08,638737,4717.36,722053,15558.44,3082666,22177.09,732354
2025-09-22,geo_6,4000000,574912.87,97.086,55862.27,5006480,2737.09,457353,13416.61,1913727,11398.19,2246350,11998.12,405604
2025-09-29,geo_6,4000000,588401.62,96.709,59213.27,5116547,3365.19,608294,15685.05,1907701,6106.86,1137661,29328.51,1084116
2025-10-06,geo_6,4000000,563195.25,97.237,46208.81,4027512,2625.5,405501,17277.15,2200905,5801.2,1108659,29972.66,1101750
2025-10-13,geo_6,4000000,583952.7,97.758,52350.42,4590892,3397.59,584091,5499.46,746220,6256.26,1152071,11814.67,425011
2025-10-20,geo_6,4000000,568809.27,97.604,14771.73,1370081,3761.32,649452,15652.06,1791540,5923.72,1099736,11153.88,382131
2025-10-27,geo_6,4000000,526566.69,101.472,49974.23,4557840,2997.47,569887,14812.64,2006602,5480.19,971058,11815.96,435967
2025-11-03,geo_6,4000000,548507.53,102.401,67558.45,6320749,13633.71,2390762,17395.91,2295651,5066.97,1010254,12386.73,442652
2025-11-10,geo_6,4000000,566739.04,101.891,47411.09,4233445,11033.4,1802351,6402.11,916427,5356.34,979649,12179.02,447082
2025-11-17,geo_6,4000000,583083.28,104.112,53404.53,4947639,7273.29,1237130,15456.93,2413369,5551.1,1233311,11910.56,383272
2025-11-24,geo_6,4000000,654021.66,105.219,13490.43,1191166,8445.43,1506487,15789.22,2273851,5349.39,1041726,15188.22,537885
2025-12-01,geo_6,4000000,558456.05,104.482,56296.25,5379110,2637.65,386733,16067.79,2164304,11726.6,2219476,12394.87,411179
2025-12-08,geo_6,4000000,575261.68,106.959,46030.3,4114419,2616.84,435315,6516.15,886199,14091.22,2655457,11001.22,405541
2025-12-15,geo_6,4000000,560567.54,105.516,50786.61,4282047,3025.65,478296,6380.64,951368,12447.5,2331809,11783.23,423264
2025-12-22,geo_6,4000000,611681.3,105.884,54069.59,4806753,3604.15,617221,5822.69,797108,4969.33,891451,11970.38,384490
2023-01-02,geo_7,3500000,499673.33,98.801,46740.61,4013166,3118.83,480452,13438.89,1995636,5750.33,921804,10096.87,423239
2023-01-09,geo_7,3500000,531063.58,100.548,43225.67,3864472,10470.24,1665295,12426.22,1680961,8296.29,1479673,9919.18,437669
2023-01-16,geo_7,3500000,515548.58,101.362,40620.94,3934997,11874.71,2049727,13742.78,2056157,12687.79,2167501,10110.15,385311
2023-01-23,geo_7,3500000,537944.31,101.381,55926.34,4582788,10748.9,1873028,4658.16,594524,11055.81,1956596,15324.87,672463
2023-01-30,geo_7,3500000,513484.8,100.803,12456.01,1120939,10173.98,1619100,5701.94,717920,5689.03,1033779,14295.55,630889
2023-02-06,geo_7,3500000,486602.82,102.02,12030.42,1011733,2592.8,398130,12117.25,1847404,4046.04,688766,12578.81,525676
2023-02-13,geo_7,3500000,506034.52,102.129,12257.53,1142610,2705.79,469978,11820.14,1542039,4794.09,856815,11678.34,448755
2023-02-20,geo_7,3500000,490608.13,100.985,10092.59,853307,2236.99,346550,11686.35,1617099,4372.09,783132,14320.88,616742
2023-02-27,geo_7,3500000,477894.87,100.229,10016.8,895202,1664.58,284106,5163.06,735583,5546.03,894710,12748.13,511914
2023-03-06,geo_7,3500000,453864.4,101.247,9156.52,726395,2235.33,394908,5762.84,850233,5705.33,1059758,24413.64,1018774
2023-03-13,geo_7,3500000,485540.86,100.985,13569.09,1151938,2587.67,391173,5432.96,752677,4897.49,843240,27013.04,1004535
2023-03-20,geo_7,3500000,434436.01,104.728,10363.08,941371,2398.48,362319,4638.07,619465,4387.91,735471,11471.11,516567
2023-03-27,geo_7,3500000,451159.46,104.195,12225.2,1097114,3004.56,520526,5388.68,674262,4933.9,915985,14192.38,619356
2023-04-03,geo_7,3500000,473699.9,102.335,35809.76,3151421,1897.31,262757,4814.45,638971,4875.1,872296,11500.86,459010
2023-04-10,geo_7,3500000,480765.14,100.7,43322.63,3811910,9059.57,1428991,5504.93,736966,4009.38,734145,9877.71,366431
2023-04-17,geo_7,3500000,482515.86,99.407,43480.51,3958099,10758.58,1772156,14881.45,2040584,3631.34,608474,9619.27,426039
2023-04-24,geo_7,3500000,527260.15,96.612,39125.12,3481598,8106.52,1315426,13984.06,1874320,4487.74,840376,12914.7,502084
2023-05-01,geo_7,3500000,561982.31,98.646,12160.98,1163068,11617.47,1875131,12826.58,1792505,4152.23,744204,10813.83,486114
2023-05-08,geo_7,3500000,499689.33,98.125,10055.48,766628,2607.03,454643,5070.36,678231,11728.19,2117684,22656.03,957153
2023-05-15,geo_7,3500000,548919.94,98.245,10192.83,831811,2688.15,443083,5951.46,814998,17226.5,2678460,25052.5,1076969
2023-05-22,geo_7,3500000,523815.62,98.329,12102.19,1146036,2599.39,357555,5222.72,779800,14432.98,2233611,10714.61,453065
2023-05-29,geo_7,3500000,409651.15,100.87,12578.4,1046475,3004.46,479833,4274.7,535833,4830.64,839349,9210.8,385170
2023-06-05,geo_7,3500000,466788.08,101.892,10756.78,899275,2833.4,441817,4873.4,715768,5323.22,846532,8842.85,440980
2023-06-12,geo_7,3500000,452964.26,100.41,10017.81,911002,2459.08,409485,5103.33,751251,6526.55,1156944,9867.85,405085
2023-06-19,geo_7,3500000,446001.63,100.83,10163.32,837513,2589.08,458272,5091.94,612103,5670.63,922248,9223.06,414624
2023-06-26,geo_7,3500000,460947.73,99.444,11583.56,1060186,2845.56,462205,4898.7,684332,4442.96,756412,7763.87,317601
2023-07-03,geo_7,3500000,430993.65,100.723,8646.09,773320,2838.33,448999,5728.06,724482,4292.99,688626,7965.57,337493
2023-07-10,geo_7,3500000,422762.86,103.13,8550.24,731778,2824.28,469221,4259.74,604955,5934.52,1015806,20574.36,806124
2023-07-17,geo_7,3500000,453899.18,102.699,8429.14,700597,2953.11,511227,5410.28,783403,5640.79,980968,20265.94,886413
2023-07-24,geo_7,3500000,468086.21,102.085,44749.2,3801682,3176.79,482724,4486.42,610258,5617.03,956577,8271.83,350290
2023-07-31,geo_7,3500000,437329.86,101.22,40341.15,3564967,10007.72,1755382,5195.05,679493,4858.9,829507,8805.36,349666
2023-08-07,geo_7,3500000,509682.62,100.315,34148.44,3187303,9123.5,1349069,5047.82,759944,11726.87,1935972,9070.66,361803
2023-08-14,geo_7,3500000,482636.79,98.082,35148.7,3218379,8434.83,1459679,14126.72,1917410,10635.87,1998738,9473.79,391806
2023-08-21,geo_7,3500000,448871.41,98.388,9653.02,803175,11282.76,1736004,11244.37,1461489,9987.95,1593756,11439.18,474688
2023-08-28,geo_7,3500000,437433.41,97.493,9015.42,826659,2376.75,369480,15743.01,2172875,4355.16,700556,8608.06,374529
2023-09-04,geo_7,3500000,404297.38,97.111,8397.41,664431,2384.92,347218,4677.58,709987,10488.93,1794416,9361.62,421951
2023-09-11,geo_7,3500000,403807.49,99.581,8385.36,917392,2649.03,426857,5234.47,717466,7976.94,1366318,9134.44,425472
2023-09-18,geo_7,3500000,430583.66,100.261,9452.27,760280,2267.11,415716,10657.87,1531709,11866.78,1913424,9600.68,357530
2023-09-25,geo_7,3500000,454467.74,100.641,9319.11,794809,2735.64,501596,13652.98,1822982,4297.05,720997,9641.06,375090
2023-10-02,geo_7,3500000,407470.8,101.805,9866.07,956126,2977.44,456803,13169.86,1767303,4716.18,725231,9080.7,422271
2023-10-09,geo_7,3500000,390573.79,103.618,9495.88,846021,2802.32,490631,6287.81,953504,4196.13,711350,9781.39,424634
2023-10-16,geo_7,3500000,387225.37,102.563,9182.15,755498,2879.5,471358,6086.17,872245,4297.79,782543,8613.22,417540
2023-10-23,geo_7,3500000,397129.68,102.271,10851.54,1026195,3086.51,582215,5688.78,825387,3902.07,665896,9568.52,401650
2023-10-30,geo_7,3500000,344656.31,102.551,10790.76,931373,3065.55,503169,4979.71,667366,3610.71,566874,9812.05,372750
2023-11-06,geo_7,3500000,437223.02,104.528,31927.63,2809058,2518.09,389500,6772.31,992325,3892.72,652471,10993.64,472234
2023-11-13,geo_7,3500000,443332.73,105.265,38853.04,3040755,9063.5,1502715,5744.7,788827,5434.91,964027,11437.64,487771
2023-11-20,geo_7,3500000,596163.42,101.326,35583.34,2974701,10754.5,1798959,6286.1,777426,4303.82,809013,22754.31,909873
2023-11-27,geo_7,3500000,438305.67,99.092,32995.42,3000322,10158.41,1557672,5877.01,773569,4768.63,858958,23915.84,1019000
2023-12-04,geo_7,3500000,462337.32,101.173,10421.68,848684,13383.81,2380616,14766.72,2114143,4193.22,779848,10251.17,428644
2023-12-11,geo_7,3500000,440149.74,101.478,38451.61,3418351,2896.43,473243,10497.63,1418030,4120.68,689192,10197.83,424029
2023-12-18,geo_7,3500000,523916.44,100.069,40018.19,3379943,11442.19,1691809,11023.02,1709651,3538.44,549484,11866.84,523073
2023-12-25,geo_7,3500000,573279.65,102.169,37783.2,3321456,10769.79,1740620,4599.19,602055,3974.43,647752,12444.86,484366
2024-01-01,geo_7,3500000,551601.56,101.015,47886.99,4019052,12183.32,1827428,4346.99,582562,3563.19,619703,13011.16,606041
2024-01-08,geo_7,3500000,483254.95,103.648,10257.05,907966,11719.16,1977792,5183.3,720915,4250.96,700320,22007.81,874172
2024-01-15,geo_7,3500000,522814.76,101.01,8541.55,731601,2863.44,464809,13039.66,1808600,3872.84,590574,22467.5,937652
2024-01-22,geo_7,3500000,531181.61,102.534,47276.76,3865110,3220.85,477837,13686.7,1764583,4076.04,740101,14043.19,601492
2024-01-29,geo_7,3500000,507098.81,104.385,34573.99,3247299,11487.29,1633495,12635.03,1759133,4466.01,787948,12785.06,554626
2024-02-05,geo_7,3500000,522702.39,102.604,43673.4,3610721,10158.73,1711652,5327.13,703595,4624.19,714714,12050.34,511402
2024-02-12,geo_7,3500000,550723.19,104.178,35076.79,3186746,8272.01,1359436,5248.37,667511,3655.06,627459,13215.06,586049
2024-02-19,geo_7,3500000,515245.0,102.53,8950.94,764864,8414.53,1438143,4831.85,646115,4644.3,906968,12389.72,471982
2024-02-26,geo_7,3500000,506236.05,102.973,8755.5,739632,2770.64,436415,11093.61,1671310,4565.57,767283,10575.44,484491
2024-03-04,geo_7,3500000,491249.77,102.7,8724.32,726174,2876.9,467691,14388.6,1940333,5005.29,813544,12436.47,492854
2024-03-11,geo_7,3500000,448902.49,104.648,8948.12,731842,2617.47,464720,12172.0,1684097,4487.64,774365,12498.67,529527
2024-03-18,geo_7,3500000,465363.56,104.697,10793.28,1010120,3240.5,536335,4223.91,556688,4456.59,784687,13823.13,597713
2024-03-25,geo_7,3500000,486375.96,100.552,10163.27,968089,9698.47,1551874,4150.12,516551,4414.73,790925,11083.49,459074
2024-04-01,geo_7,3500000,480268.94,100.634,8155.62,734044,11496.01,1667092,5489.09,832659,3894.61,682336,13031.62,540353
2024-04-08,geo_7,3500000,484229.23,100.767,10454.71,911815,11783.59,1815687,5490.35,686186,4411.65,749584,12069.97,501718
2024-04-15,geo_7,3500000,467806.27,101.662,8769.27,751358,11176.39,1664594,5777.99,840308,3995.0,711275,12102.74,522566
2024-04-22,geo_7,3500000,497118.45,99.198,10834.81,972200,2737.09,395402,4682.3,636463,4273.28,726046,10897.39,451570
2024-04-29,geo_7,3500000,489600.37,100.564,10176.26,951622,3081.77,472348,5954.97,897033,11711.06,1972036,10790.44,447596
2024-05-06,geo_7,3500000,457263.82,96.773,10449.98,905608,2742.0,450362,6536.34,1003234,10873.87,1843949,10284.11,409871
2024-05-13,geo_7,3500000,534575.82,99.005,13258.73,1138543,10206.4,1576088,5884.22,818335,10144.41,1677039,10571.47,419643
2024-05-20,geo_7,3500000,456935.29,100.581,9290.67,788458,7346.05,1215374,5321.97,765628,3997.34,663518,11406.63,499683
2024-05-27,geo_7,3500000,510844.67,100.363,14975.59,1331322,12742.77,2046408,6130.95,813009,4163.98,737023,10524.12,468493
2024-06-03,geo_7,3500000,476091.71,101.285,16547.88,1514169,12463.56,2051433,6553.4,987754,3772.4,644648,9798.17,404197
2024-06-10,geo_7,3500000,495091.06,100.982,13051.49,1065517,2819.58,475328,5728.04,806812,10435.62,1648900,9813.62,418468
2024-06-17,geo_7,3500000,509343.18,100.442,11401.82,984552,2955.61,468423,5388.87,751803,13197.61,2127131,10035.51,433579
2024-06-24,geo_7,3500000,509941.85,101.85,10121.2,893172,2825.04,488681,5288.46,751494,11286.56,2018584,9903.77,392625
2024-07-01,geo_7,3500000,469418.56,102.048,12535.65,1103085,3619.57,600470,7448.33,1080133,4173.46,733654,9705.64,429531
2024-07-08,geo_7,3500000,443353.49,103.38,9768.85,827026,2574.15,427485,17989.8,2427158,5292.25,930697,18173.12,746466
2024-07-15,geo_7,3500000,470689.21,101.611,9902.94,808607,2755.37,424613,14464.3,2093928,4364.39,744447,22861.91,1011568
2024-07-22,geo_7,3500000,474546.31,102.451,9613.75,885254,2385.89,381475,15675.54,2010667,4322.34,747213,12968.1,481731
2024-07-29,geo_7,3500000,478108.21,102.436,12444.33,1109706,2571.56,421912,6812.95,984689,4957.87,833783,12415.5,511867
2024-08-05,geo_7,3500000,465039.69,102.828,11507.66,1010723,2467.31,444119,6826.11,897172,11460.55,2054717,10211.2,455104
2024-08-12,geo_7,3500000,441852.04,102.984,32637.31,3043992,1966.78,382110,6450.88,909679,12761.41,2342256,9816.48,434862
2024-08-19,geo_7,3500000,480904.5,101.321,39174.71,3163597,9128.84,1498703,5426.8,713447,9828.71,1707071,10711.93,459235
2024-08-26,geo_7,3500000,423046.73,101.934,32433.85,2442413,7607.13,1236792,5374.97,703611,4656.74,857719,10852.25,447604
2024-09-02,geo_7,3500000,482786.7,101.238,42371.22,3675048,9845.61,1772441,5910.3,841867,4505.08,748096,11923.3,542128
2024-09-09,geo_7,3500000,423383.07,102.575,8440.22,726171,9070.92,1588267,15842.67,2305649,4472.38,786398,11041.16,460327
2024-09-16,geo_7,3500000,469579.87,102.864,9690.06,902780,2920.61,482897,14978.56,1855147,4370.8,785680,10483.01,436422
2024-09-23,geo_7,3500000,425102.99,102.016,11287.66,1061977,2799.89,462526,14386.57,1941662,3311.44,564194,11995.95,501828
2024-09-30,geo_7,3500000,456251.59,99.996,39503.28,3289176,2341.87,354407,5011.74,731214,3892.3,667126,12122.16,501120
2024-10-07,geo_7,3500000,494688.37,101.229,35623.43,3027523,10873.81,1937596,7060.72,1141081,3622.47,614536,13989.14,568929
2024-10-14,geo_7,3500000,424058.08,102.1,40218.74,3591533,10214.33,1623833,5210.13,729104,4320.62,661039,10634.01,465230
2024-10-21,geo_7,3500000,455692.16,102.54,36483.91,3121514,10263.01,1639042,6325.93,909911,4021.23,640899,9912.48,394492
2024-10-28,geo_7,3500000,455558.56,102.384,12818.33,1169757,10995.81,1795040,6321.16,907031,5304.58,989228,12168.61,559598
2024-11-04,geo_7,3500000,447624.24,104.254,11726.25,1157430,2675.21,411416,6690.42,922041,5121.43,896752,9944.02,451593
2024-11-11,geo_7,3500000,432272.25,104.558,8418.44,669898,2013.4,318685,7723.89,1094803,4977.96,846726,10352.5,486593
2024-11-18,geo_7,3500000,423718.24,103.223,8612.34,820171,2572.03,415515,5115.66,758372,5051.64,883224,11695.45,569200
2024-11-25,geo_7,3500000,502943.11,103.338,13551.16,1164023,3458.16,537714,4377.72,633165,11480.7,2030057,10042.93,414965
2024-12-02,geo_7,3500000,457320.38,104.949,11412.01,970996,2746.63,450125,6184.06,930885,14485.49,2431572,23534.76,964702
2024-12-09,geo_7,3500000,483421.04,105.43,10346.01,932385,2520.95,409197,6505.59,898129,13687.33,2523525,19489.67,829481
2024-12-16,geo_7,3500000,463624.84,106.088,11935.34,1054301,2836.68,457683,6657.58,880000,5162.31,807803,10790.82,440855
2024-12-23,geo_7,3500000,549971.03,105.52,11504.03,986909,2671.27,399407,16902.67,2333195,5347.99,920843,10543.17,477565
2024-12-30,geo_7,3500000,499941.61,106.449,46726.17,4300896,2633.35,454986,14623.42,2130883,5589.24,1005261,11928.58,537336
2025-01-06,geo_7,3500000,555315.4,104.625,40226.39,3713917,10108.44,1552762,14767.07,1995231,5239.04,888325,11365.47,492131
2025-01-13,geo_7,3500000,556367.53,103.725,49971.23,4425447,10689.96,1926239,7270.76,944638,4768.5,806746,9814.6,469134
2025-01-20,geo_7,3500000,542837.54,104.035,43412.28,3873974,10381.42,1799220,5067.32,642344,4105.4,723576,10192.76,423750
2025-01-27,geo_7,3500000,551483.67,103.044,9156.28,851610,8208.26,1383129,6291.61,874505,9307.16,1710635,11563.29,533671
2025-02-03,geo_7,3500000,554815.82,103.169,10480.77,1053913,2973.23,526009,5315.02,654352,9427.06,1652357,12438.21,553285
2025-02-10,geo_7,3500000,496924.32,104.722,9383.33,767372,2578.25,388677,5382.58,754079,11813.74,2138779,13139.64,521312
2025-02-17,geo_7,3500000,467747.03,102.019,10341.1,829717,2276.65,347491,4604.78,631503,4050.7,708573,10938.74,525424
2025-02-24,geo_7,3500000,537839.73,99.289,38600.17,3417544,2334.03,346580,4893.59,663286,4860.4,923163,10742.47,461134
2025-03-03,geo_7,3500000,526701.39,100.891,39371.42,3365569,9339.48,1589138,4321.51,598291,5680.08,956821,12156.18,459497
2025-03-10,geo_7,3500000,569046.42,103.576,35872.49,3124901,9976.06,1684522,3845.85,506442,5184.13,1022422,10190.02,409049
2025-03-17,geo_7,3500000,546828.53,103.205,40268.15,3698621,9473.91,1545283,4167.07,579130,5087.58,893998,22969.72,902614
2025-03-24,geo_7,3500000,548564.75,102.231,9182.91,799386,11224.34,1789971,3925.72,582162,5053.26,873427,25954.62,1039595
2025-03-31,geo_7,3500000,509224.04,99.005,12027.44,1205609,3343.66,536694,5967.44,917905,5461.13,972049,11804.71,504735
2025-04-07,geo_7,3500000,510635.14,100.273,8610.28,849329,2481.44,426979,4659.95,613305,4597.81,822731,12622.34,589139
2025-04-14,geo_7,3500000,495657.68,102.33,9040.28,759537,2716.68,414468,4783.83,570565,5375.93,860312,14001.29,583837
2025-04-21,geo_7,3500000,490646.28,101.658,8737.47,787222,3611.66,613057,14452.58,2141380,6558.28,1186074,10786.25,457448
2025-04-28,geo_7,3500000,547732.31,98.851,7860.53,711602,2698.84,464658,13067.91,1715789,6100.97,1031766,12064.38,523701
2025-05-05,geo_7,3500000,526794.02,96.754,8998.29,740758,10234.99,1592984,11596.61,1634867,5999.43,1077459,10890.06,432413
2025-05-12,geo_7,3500000,531957.01,100.221,8455.59,766753,10505.61,1715461,5386.32,790670,5622.39,898550,11250.63,483694
2025-05-19,geo_7,3500000,474004.92,102.187,8911.8,772939,10371.26,1704117,4830.73,690449,5126.03,786817,9988.32,378129
2025-05-26,geo_7,3500000,494946.56,98.683,11100.94,933830,13131.22,2068641,5007.57,710468,4425.28,719200,11379.4,515554
2025-06-02,geo_7,3500000,495759.26,98.653,8919.33,755190,2961.22,440784,10278.79,1311823,13653.07,2217676,9988.92,397292
2025-06-09,geo_7,3500000,505002.22,99.217,10043.09,882956,2441.44,418545,13421.74,1612237,13619.05,2252006,11789.45,434000
2025-06-16,geo_7,3500000,499689.81,97.873,9568.58,754482,3176.36,528316,12414.21,1776086,10494.64,1849833,11333.42,464316
2025-06-23,geo_7,3500000,446039.2,98.267,9857.15,924229,3070.8,486449,4617.49,632722,5338.58,887172,8457.59,352108
2025-06-30,geo_7,3500000,464775.16,101.947,8503.9,842041,2525.89,396211,4226.25,629786,6085.1,1014260,10181.41,396562
2025-07-07,geo_7,3500000,422846.88,101.337,8658.16,792378,2347.27,359193,10769.67,1407362,13573.23,2209244,8497.6,337859
2025-07-14,geo_7,3500000,465734.0,100.887,10704.0,886319,2910.33,449303,9828.1,1225232,13139.74,2473259,8040.0,323931
2025-07-21,geo_7,3500000,495947.61,98.323,8033.33,738964,2385.34,363718,11988.34,1526287,10627.69,1955255,20824.81,916456
2025-07-28,geo_7,3500000,517753.52,99.311,10945.17,1064624,3223.19,485487,5100.49,656738,4710.43,784862,22855.54,874758
2025-08-04,geo_7,3500000,480057.46,100.008,48611.47,4181185,2896.77,454879,4492.58,606388,5732.77,1011472,8756.81,360078
2025-08-11,geo_7,3500000,501925.31,99.359,37248.61,3209101,2962.48,522650,5949.59,824958,15967.63,2761177,9168.57,421160
2025-08-18,geo_7,3500000,525202.37,96.747,40158.93,3395457,3745.79,646543,5553.2,715002,12839.33,2217033,9399.83,404282
2025-08-25,geo_7,3500000,540529.34,97.43,42648.01,3694272,2534.64,414138,11314.77,1581149,15805.26,2775307,10705.22,482386
2025-09-01,geo_7,3500000,459541.91,95.924,13231.98,1159160,2906.12,449147,14683.25,2059430,4647.81,724891,9605.98,398010
2025-09-08,geo_7,3500000,519728.03,97.604,14920.48,1358402,3447.85,498856,11349.96,1693631,11795.57,2018826,23124.0,966446
2025-09-15,geo_7,3500000,469070.05,98.683,13160.38,1101170,3573.13,585854,4211.09,594164,14613.81,2460956,16469.41,695400
2025-09-22,geo_7,3500000,514568.42,97.086,53701.45,4421074,2235.93,377021,12363.71,1657790,10604.86,1766329,9796.84,438081
2025-09-29,geo_7,3500000,516772.07,96.709,53902.72,4729966,2748.04,399987,14416.45,1980944,5325.91,947226,24560.89,961365
2025-10-06,geo_7,3500000,507935.17,97.237,40090.24,3418099,2144.86,330946,15807.44,2050153,4932.14,800005,25691.6,1059292
2025-10-13,geo_7,3500000,513828.0,97.758,44522.19,3639739,2626.68,419919,5084.04,693469,4963.55,828738,9286.58,395948
2025-10-20,geo_7,3500000,514834.96,97.604,12743.22,1194788,2919.1,440819,13812.38,2050759,4609.06,718205,9179.54,404861
2025-10-27,geo_7,3500000,505489.64,101.472,41843.24,3931004,2354.56,377647,13528.94,1709379,4331.93,741670,9309.7,405586
2025-11-03,geo_7,3500000,509445.64,102.401,54559.14,4555875,11965.34,1806412,15284.69,2005524,4030.39,731226,9998.93,397712
2025-11-10,geo_7,3500000,519977.18,101.891,38780.8,3339685,11128.32,1764707,5665.54,737921,4386.05,746524,10199.78,433302
2025-11-17,geo_7,3500000,504061.85,104.112,43736.94,3994356,7696.69,1260112,14213.51,2016162,4387.26,759071,9327.33,426014
2025-11-24,geo_7,3500000,559155.86,105.219,11166.0,916272,9688.33,1672579,14275.46,1947387,3778.14,634266,13648.65,583158
2025-12-01,geo_7,3500000,524877.21,104.482,49617.75,4751119,2915.59,443629,13745.58,1746836,8995.48,1515223,12067.01,477023
2025-12-08,geo_7,3500000,527322.68,106.959,38407.51,3303516,2594.87,401678,5487.0,730099,11597.47,2063930,9530.51,381899
2025-12-15,geo_7,3500000,507633.51,105.516,40273.22,3825702,2710.92,423863,5168.63,684413,9672.06,1556588,9482.08,405346
2025-12-22,geo_7,3500000,591660.07,105.884,43761.38,4018502,2816.81,435774,5173.8,696387,4185.86,706868,9810.07,427890
2023-01-02,geo_8,2500000,315608.57,98.801,29687.03,3219345,2094.4,366857,9738.58,1218582,3575.27,664384,8173.18,306256
2023-01-09,geo_8,2500000,368524.02,100.548,28451.07,2837097,6413.28,1164208,9223.48,1175328,5108.09,1027332,8765.82,345001
2023-01-16,geo_8,2500000,381733.93,101.362,25173.3,2444082,7200.54,1500329,10574.73,1636289,7701.19,1550407,7900.42,295345
2023-01-23,geo_8,2500000,384684.16,101.381,33223.14,2714638,6838.04,1147168,3600.69,497858,6801.41,1370261,11240.78,407786
2023-01-30,geo_8,2500000,326829.61,100.803,6750.01,616741,6705.55,1116706,4518.97,573575,3435.05,728471,9260.05,342833
2023-02-06,geo_8,2500000,351214.5,102.02,6559.24,609910,1954.49,384206,9131.37,1310515,2541.55,490003,7721.25,330971
2023-02-13,geo_8,2500000,357334.08,102.129,6531.73,549616,2282.01,370244,8931.7,1200026,3186.98,568572,6880.61,262898
2023-02-20,geo_8,2500000,335413.64,100.985,5369.08,541854,1903.65,313846,8771.66,1267798,2970.47,545216,8629.28,308381
2023-02-27,geo_8,2500000,354493.75,100.229,5263.23,513086,1417.04,263012,3788.56,510578,3401.78,657168,7911.81,285637
2023-03-06,geo_8,2500000,350569.19,101.247,5549.17,499600,1842.49,315105,4032.91,555556,4064.73,866572,15606.14,563087
2023-03-13,geo_8,2500000,370906.77,100.985,8243.94,774395,2094.27,379269,3938.19,544311,3518.12,667899,16406.02,590769
2023-03-20,geo_8,2500000,287083.68,104.728,6401.13,588112,1879.33,321337,3525.97,484216,3484.3,571346,7162.0,241910
2023-03-27,geo_8,2500000,306378.47,104.195,7312.37,640301,2094.7,350700,3667.35,565806,3748.98,752682,9339.09,343661
2023-04-03,geo_8,2500000,340503.62,102.335,23432.2,2202350,1390.8,213478,3249.27,426192,3667.57,664507,8028.84,288106
2023-04-10,geo_8,2500000,351517.63,100.7,27019.69,2611891,6703.02,1130815,3592.16,500927,2946.29,583838,7004.87,263764
2023-04-17,geo_8,2500000,382268.84,99.407,27454.64,2499339,7388.68,1259408,9550.37,1342515,2445.85,441513,6782.37,243444
2023-04-24,geo_8,2500000,353179.0,96.612,25824.79,2370639,5449.91,1036510,8920.89,1267180,3092.76,630479,9565.49,343919
2023-05-01,geo_8,2500000,359872.99,98.646,7802.14,734379,7976.59,1428503,8015.18,1199431,2243.96,410163,7506.07,290728
2023-05-08,geo_8,2500000,367175.1,98.125,6848.97,605255,1964.11,359920,2936.6,395001,5972.87,1180705,17226.38,583656
2023-05-15,geo_8,2500000,346293.22,98.245,6787.39,674164,2023.58,337739,3448.13,476575,9414.12,1831670,17421.55,668503
2023-05-22,geo_8,2500000,331955.13,98.329,7729.94,718939,2035.13,421513,3503.1,484375,7899.87,1498149,7664.39,277002
2023-05-29,geo_8,2500000,337846.52,100.87,8815.7,744005,2448.37,416972,2914.93,447619,2743.53,530194,7613.51,277373
2023-06-05,geo_8,2500000,316910.35,101.892,7451.37,784478,2166.73,360800,3542.96,469604,3258.39,586069,8053.94,304737
2023-06-12,geo_8,2500000,314651.85,100.41,6155.14,565180,1846.91,349118,4065.76,617402,3705.87,684755,9208.76,351793
2023-06-19,geo_8,2500000,323162.33,100.83,6243.41,583772,1916.39,335632,4293.68,549171,3220.04,613596,9099.56,345470
2023-06-26,geo_8,2500000,330185.63,99.444,7542.6,710942,1963.41,297789,4242.72,607526,2675.45,505585,8022.72,290594
2023-07-03,geo_8,2500000,304492.22,100.723,5885.89,566991,1914.12,327262,5176.81,707184,2826.01,564566,8078.43,325389
2023-07-10,geo_8,2500000,326078.27,103.13,6089.14,581116,1823.15,309705,3879.09,544382,3782.39,718417,19418.05,776809
2023-07-17,geo_8,2500000,339794.14,102.699,6015.63,586143,1832.24,296050,5111.87,684084,3629.66,712594,18654.85,679743
2023-07-24,geo_8,2500000,347102.28,102.085,30436.06,2989671,2032.46,358572,4129.0,580814,3515.3,695665,8398.91,338882
2023-07-31,geo_8,2500000,345473.16,101.22,30419.59,2957938,6627.63,1207205,4381.77,589986,3141.99,606110,8732.5,344193
2023-08-07,geo_8,2500000,327066.59,100.315,23913.55,2223262,6187.34,1165444,3793.62,582712,7112.72,1451625,7977.94,319001
2023-08-14,geo_8,2500000,371418.72,98.082,24700.81,2305045,5702.93,1088590,10188.94,1460424,6991.54,1444974,8556.39,294536
2023-08-21,geo_8,2500000,376406.42,98.388,7156.39,713363,7192.42,1410920,9601.05,1320310,6349.63,1329685,9141.41,319885
2023-08-28,geo_8,2500000,347129.93,97.493,6692.07,657119,1546.68,284427,14454.04,1985283,2829.73,571369,6941.02,246072
2023-09-04,geo_8,2500000,348418.55,97.111,6490.78,574812,1562.34,263609,4333.39,573599,6759.06,1255492,7660.0,330017
2023-09-11,geo_8,2500000,321179.87,99.581,6563.07,597916,1790.96,333904,4426.04,563171,5375.75,1050138,7299.71,282494
2023-09-18,geo_8,2500000,295309.07,100.261,7463.97,635419,1486.31,278728,8325.41,1207106,7421.95,1286608,7856.05,280243
2023-09-25,geo_8,2500000,287043.86,100.641,7079.57,625031,1602.55,269838,10214.99,1487599,2775.65,500300,7676.76,304595
2023-10-02,geo_8,2500000,311813.41,101.805,7253.1,702565,1791.26,325984,9201.21,1217655,3050.62,523123,7167.44,293301
2023-10-09,geo_8,2500000,303477.22,103.618,7017.61,634997,1677.54,297802,4546.19,647774,2711.44,518599,7465.05,273946
2023-10-16,geo_8,2500000,308174.41,102.563,6492.9,586933,1665.5,286367,4427.6,626196,2954.66,571459,6171.15,261272
2023-10-23,geo_8,2500000,267685.75,102.271,7818.05,684255,1800.03,327371,3603.67,443914,2942.91,579146,6356.81,245525
2023-10-30,geo_8,2500000,289309.97,102.551,8349.43,750175,1808.86,308558,3094.83,434329,2769.29,587350,6864.28,247029
2023-11-06,geo_8,2500000,320823.16,104.528,24729.73,2122095,1400.54,274007,4241.41,633224,3003.26,607201,7681.29,289784
2023-11-13,geo_8,2500000,285497.83,105.265,30899.84,3072188,5478.22,1003709,3455.45,478915,4365.57,845904,7895.84,297449
2023-11-20,geo_8,2500000,402134.37,101.326,28234.54,2294320,5866.93,947572,4039.17,477541,3451.89,638270,15825.96,638880
2023-11-27,geo_8,2500000,334673.9,99.092,26693.14,2510279,5943.06,1021146,3652.58,489630,3481.16,660013,15597.2,652263
2023-12-04,geo_8,2500000,357741.65,101.173,8972.5,771686,7921.81,1400871,9814.02,1330832,3361.81,663968,7479.64,296573
2023-12-11,geo_8,2500000,351514.77,101.478,33583.88,3365873,1621.45,284410,7264.64,964630,3360.04,591076,7264.06,288476
2023-12-18,geo_8,2500000,403195.6,100.069,35487.53,3156166,6690.84,1225977,7512.77,1041255,3216.18,641488,8689.7,305954
2023-12-25,geo_8,2500000,408539.03,102.169,30189.82,2855112,6244.52,1261970,3366.62,504088,3551.66,689843,8982.06,368665
2024-01-01,geo_8,2500000,371684.05,101.015,39793.99,3325134,6825.25,1247266,3380.24,471643,2973.59,534677,8332.81,311849
2024-01-08,geo_8,2500000,366581.63,103.648,8668.09,804680,5926.74,1064140,4056.66,600814,3618.12,706572,15965.47,661419
2024-01-15,geo_8,2500000,379345.99,101.01,7523.09,720628,1353.36,248579,9978.55,1338100,3053.38,603022,14952.19,544895
2024-01-22,geo_8,2500000,379107.21,102.534,43105.67,4144932,1744.7,326991,10219.59,1283959,3095.81,524231,9279.41,334618
2024-01-29,geo_8,2500000,385405.08,104.385,30604.55,2676926,7029.67,1177206,9793.32,1274254,3317.17,607244,8066.61,312198
2024-02-05,geo_8,2500000,397535.92,102.604,37848.69,3638926,6035.09,1000868,4002.4,584793,3730.23,740447,7179.76,280846
2024-02-12,geo_8,2500000,365839.72,104.178,29577.14,2808628,5499.49,928740,3829.89,553333,3100.22,616632,8418.82,303891
2024-02-19,geo_8,2500000,395178.66,102.53,7022.33,630875,5734.34,932891,3448.12,448102,3600.47,663307,7506.12,297725
2024-02-26,geo_8,2500000,355540.13,102.973,6959.83,665685,1822.75,325260,8020.58,1259178,3887.55,697198,5907.72,223038
2024-03-04,geo_8,2500000,371277.71,102.7,6969.34,646366,1901.28,330630,9988.79,1282064,3982.03,773643,7345.3,277365
2024-03-11,geo_8,2500000,347658.7,104.648,6904.0,563963,1606.42,267978,8244.32,1184935,3571.73,708493,7133.6,272815
2024-03-18,geo_8,2500000,359788.77,104.697,7984.28,752728,2038.24,381677,2887.09,409384,3432.27,733646,7498.91,265865
2024-03-25,geo_8,2500000,354098.79,100.552,7613.55,723387,6378.16,1125802,2838.42,363399,3326.92,607811,6464.16,230961
2024-04-01,geo_8,2500000,340130.56,100.634,6483.55,648916,7087.79,1299735,3909.34,546968,3075.22,574163,7548.42,297970
2024-04-08,geo_8,2500000,338177.72,100.767,8078.9,749749,7129.95,1273916,3518.83,501095,3754.8,716429,7769.97,269895
2024-04-15,geo_8,2500000,321119.97,101.662,6245.71,588698,7157.33,1308554,3324.58,473520,3113.06,627770,7911.14,309556
2024-04-22,geo_8,2500000,308165.13,99.198,8108.58,703945,1749.51,333697,2944.58,395098,3351.27,617024,7344.42,269689
2024-04-29,geo_8,2500000,330370.27,100.564,7230.37,787190,1905.98,322445,3576.06,475034,8608.54,1709999,7214.17,287955
2024-05-06,geo_8,2500000,320825.49,96.773,7286.97,591377,1879.23,326655,3758.65,518911,8112.54,1341821,7155.1,270878
2024-05-13,geo_8,2500000,372393.57,99.005,8617.37,814640,7845.06,1402506,3529.41,491221,7773.62,1499707,7504.85,266557
2024-05-20,geo_8,2500000,314379.62,100.581,5633.41,514355,5439.15,1094579,3090.72,421796,2956.63,606215,7895.94,299393
2024-05-27,geo_8,2500000,324577.32,100.363,9664.74,903545,9261.45,1691149,3385.96,418199,2969.09,596742,7045.91,243494
2024-06-03,geo_8,2500000,318522.49,101.285,10472.66,873925,9581.52,1821456,3516.87,461332,2818.05,537919,6825.7,275652
2024-06-10,geo_8,2500000,313707.0,100.982,8639.52,806661,2142.91,420516,3242.42,458063,8424.82,1804114,6363.85,254134
2024-06-17,geo_8,2500000,326623.1,100.442,8149.51,676424,2207.72,413856,3308.35,450696,9403.14,1798697,6768.17,267547
2024-06-24,geo_8,2500000,310561.1,101.85,6938.65,668750,2089.72,331638,3284.22,426593,8132.86,1616657,7051.75,272440
2024-07-01,geo_8,2500000,330445.94,102.048,9248.14,841170,2391.62,452353,4596.73,650896,2724.5,519065,7300.51,265232
2024-07-08,geo_8,2500000,362599.59,103.38,7705.64,743105,1850.22,321027,11017.04,1616589,3645.14,701562,13414.3,508429
2024-07-15,geo_8,2500000,324577.02,101.611,7622.1,711107,2192.19,354920,8672.14,1237327,2853.8,528086,17299.32,683091
2024-07-22,geo_8,2500000,307849.4,102.451,7020.52,602944,2019.16,309829,9014.55,1253841,2934.94,569186,10376.9,370296
2024-07-29,geo_8,2500000,308889.24,102.436,9207.04,865049,2223.49,408061,3906.61,539422,3755.37,697769,9486.45,356539
2024-08-05,geo_8,2500000,275777.9,102.828,8375.31,828946,2193.25,384128,3851.87,561443,8182.25,1496989,8433.06,313165
2024-08-12,geo_8,2500000,317909.51,102.984,24012.6,2085497,1653.91,276573,3483.06,438587,9104.48,1920622,7871.66,289888
2024-08-19,geo_8,2500000,316599.37,101.321,26648.72,2698703,8166.9,1388956,2959.72,456051,6331.18,1044596,8543.92,311023
2024-08-26,geo_8,2500000,333607.71,101.934,23439.39,2186806,6870.97,1239955,2778.05,354204,2971.45,577137,8856.38,330257
2024-09-02,geo_8,2500000,330891.08,101.238,31156.97,2810486,7876.41,1424752,3329.95,479434,2885.57,565579,8836.97,306536
2024-09-09,geo_8,2500000,309854.04,102.575,5786.41,514790,7010.99,1196770,9674.44,1358084,2796.8,561873,7905.2,313916
2024-09-16,geo_8,2500000,313959.5,102.864,6512.94,557394,2226.63,380791,10057.77,1447714,2709.43,522166,7770.71,286405
2024-09-23,geo_8,2500000,308240.24,102.016,7727.12,729727,2062.58,392385,9857.39,1338794,2244.18,438957,8745.17,323984
2024-09-30,geo_8,2500000,338129.81,99.996,28897.18,2755108,1562.49,275610,3671.02,529019,2904.88,571284,8139.66,310199
2024-10-07,geo_8,2500000,312440.9,101.229,25458.33,2638503,6941.14,1451697,5032.6,671292,2649.04,447362,10046.22,370708
2024-10-14,geo_8,2500000,360131.1,102.1,28632.2,3031123,6764.37,1124435,3758.4,510245,2990.74,491511,8044.74,282546
2024-10-21,geo_8,2500000,336610.72,102.54,25559.1,2473086,7136.83,1249259,3798.45,510444,2605.16,512315,7813.69,284938
2024-10-28,geo_8,2500000,299589.31,102.384,8900.37,816572,7693.05,1422584,3808.53,556574,2930.03,573953,10112.53,357768
2024-11-04,geo_8,2500000,299867.53,104.254,8729.45,809617,1930.09,364947,4155.43,671665,2887.13,499974,8426.91,321780
2024-11-11,geo_8,2500000,307662.45,104.558,6384.28,586823,1360.41,242607,4916.66,708852,2994.22,535920,8295.49,315255
2024-11-18,geo_8,2500000,323422.69,103.223,6989.23,639000,1686.58,300880,3247.48,458927,3057.79,602005,9205.26,340924
2024-11-25,geo_8,2500000,356192.54,103.338,10765.92,1206467,2275.8,411593,2793.07,379748,6453.25,1215346,7574.4,308445
2024-12-02,geo_8,2500000,303054.1,104.949,8379.95,749263,1783.17,317445,3899.18,550034,7434.8,1483240,17313.64,642213
2024-12-09,geo_8,2500000,311135.37,105.43,6847.75,712454,1625.21,294811,4107.08,563499,6760.17,1373680,14473.75,561928
2024-12-16,geo_8,2500000,349525.62,106.088,7806.98,731803,1842.35,342842,3975.06,503969,2936.74,572862,7696.81,330332
2024-12-23,geo_8,2500000,381772.57,105.52,7513.95,687043,1897.31,318222,9842.87,1496220,2782.1,552271,7901.78,328130
2024-12-30,geo_8,2500000,375096.84,106.449,31581.69,3008205,2114.7,356301,9096.25,1280966,2845.62,526367,9081.61,360677
2025-01-06,geo_8,2500000,347185.48,104.625,27002.58,2658413,8112.21,1496116,9436.2,1335788,2906.92,548109,8249.56,311722
2025-01-13,geo_8,2500000,358266.25,103.725,35543.69,3514840,8734.91,1473913,5028.0,686944,2696.21,533726,7204.17,290263
2025-01-20,geo_8,2500000,367437.37,104.035,31094.61,2863275,8292.74,1273083,3637.2,566824,2599.4,493211,7151.99,235391
2025-01-27,geo_8,2500000,364322.67,103.044,6671.0,650998,6702.46,1229095,4561.2,645075,5390.57,1112276,8224.12,312808
2025-02-03,geo_8,2500000,358276.29,103.169,7332.88,657690,2594.04,488396,4009.5,521897,5583.55,1121512,8374.53,331529
2025-02-10,geo_8,2500000,380245.98,104.722,7026.1,666736,2237.38,390563,3994.24,523014,7879.5,1451451,8704.89,325053
2025-02-17,geo_8,2500000,352742.62,102.019,8096.3,759584,1915.13,312208,3513.05,470232,2633.18,534572,7117.19,266833
2025-02-24,geo_8,2500000,391871.48,99.289,29877.9,2811116,1925.22,308947,3925.08,547216,3253.62,684204,7115.11,276250
2025-03-03,geo_8,2500000,401889.34,100.891,29050.27,2546434,7951.28,1511465,3586.67,542142,3678.72,740750,7930.55,308381
2025-03-10,geo_8,2500000,375704.12,103.576,27989.85,2565684,8293.98,1506231,3336.48,516957,3110.0,541715,6903.54,272483
2025-03-17,geo_8,2500000,415653.33,103.205,32596.69,2754669,7939.1,1335186,3362.76,481085,3120.15,640061,14906.53,575736
2025-03-24,geo_8,2500000,384792.41,102.231,7345.56,741536,8962.91,1490736,2966.63,430194,3293.49,603267,15337.19,609757
2025-03-31,geo_8,2500000,383337.94,99.005,9601.75,938044,2696.8,489556,3973.03,528550,3817.78,755901,7249.15,278399
2025-04-07,geo_8,2500000,372253.72,100.273,6428.56,590352,1891.81,299065,3122.97,431486,3223.79,587384,7920.23,289946
2025-04-14,geo_8,2500000,377685.31,102.33,6380.41,630877,2179.54,383319,3285.12,463539,3787.37,735593,9358.46,316347
2025-04-21,geo_8,2500000,341981.02,101.658,6425.43,607084,2547.41,396189,10324.26,1311047,4370.14,852337,7134.39,275557
2025-04-28,geo_8,2500000,343996.95,98.851,5901.61,656281,1970.13,350318,9436.71,1267007,3735.73,708337,8121.03,310994
2025-05-05,geo_8,2500000,370816.61,96.754,6494.56,593098,8133.86,1618460,8979.19,1134003,3741.26,717362,7714.58,291131
2025-05-12,geo_8,2500000,372453.46,100.221,6070.43,606262,7929.37,1310890,4529.54,641013,3941.89,744007,7966.49,287801
2025-05-19,geo_8,2500000,312642.09,102.187,6134.11,603973,7668.4,1310164,4234.99,657953,3536.28,649848,7519.57,305390
2025-05-26,geo_8,2500000,362712.65,98.683,7282.32,626721,10321.22,1763176,4455.48,544092,3113.55,624958,8819.57,303598
2025-06-02,geo_8,2500000,353324.2,98.653,5561.21,542593,2377.06,433159,9072.32,1244530,9191.46,1661851,8107.25,271157
2025-06-09,geo_8,2500000,362420.66,99.217,6650.34,694011,2029.63,383473,11483.68,1614150,9399.94,1853629,9693.51,392679
2025-06-16,geo_8,2500000,353028.55,97.873,6726.63,599216,2674.78,506380,10289.34,1604513,7293.78,1545992,8463.62,311417
2025-06-23,geo_8,2500000,358035.01,98.267,7280.55,707616,2553.15,462869,3774.24,562315,3551.45,656946,6946.16,298804
2025-06-30,geo_8,2500000,312927.06,101.947,6260.21,628006,1961.02,314851,3273.69,476669,4181.36,828137,8498.34,344062
2025-07-07,geo_8,2500000,349165.95,101.337,6567.78,615921,1795.48,332579,8492.65,1056879,8761.27,1734537,7563.06,314067
2025-07-14,geo_8,2500000,328350.96,100.887,8870.16,814717,2191.52,413250,8376.65,1186025,8375.14,1475956,7488.66,270601
2025-07-21,geo_8,2500000,342790.17,98.323,6727.9,599462,1888.78,348065,9599.61,1453636,6534.97,1219940,17882.11,678691
2025-07-28,geo_8,2500000,364753.69,99.311,8615.19,794817,2445.47,438200,3857.8,525731,2707.89,551708,20655.53,749626
2025-08-04,geo_8,2500000,342135.23,100.008,37484.73,3684017,2205.36,383807,3714.7,541469,3227.65,603594,7439.11,277265
2025-08-11,geo_8,2500000,370791.19,99.359,27775.64,2529794,2176.5,404773,4752.15,659627,8614.54,1576089,7840.06,318757
2025-08-18,geo_8,2500000,342102.94,96.747,31125.14,3162153,2599.28,453062,4259.25,606446,6845.07,1261393,8269.41,322342
2025-08-25,geo_8,2500000,393416.36,97.43,30737.0,2782849,1675.93,300892,8102.48,1216881,9379.88,1699535,9158.65,361625
2025-09-01,geo_8,2500000,331701.51,95.924,9272.28,870073,1934.57,348013,11295.87,1582928,2965.5,531834,8327.87,316179
2025-09-08,geo_8,2500000,372193.94,97.604,9548.18,956864,2416.0,382945,9274.77,1443936,7836.35,1665719,19119.53,722865
2025-09-15,geo_8,2500000,324137.66,98.683,8053.73,767342,2500.13,446459,3483.29,514505,10068.02,1769438,14795.26,562094
2025-09-22,geo_8,2500000,359764.92,97.086,33644.43,3226229,1616.19,278389,10466.44,1476378,7051.74,1358376,8213.45,306715
2025-09-29,geo_8,2500000,375454.5,96.709,34073.53,3117843,1787.18,336365,11738.99,1533230,3923.02,824437,18667.87,792343
2025-10-06,geo_8,2500000,335562.27,97.237,26103.14,2543930,1470.62,258415,13209.68,1813638,4027.99,794551,20745.76,693458
2025-10-13,geo_8,2500000,344517.65,97.758,27958.89,2602957,1834.33,336793,4019.9,574237,4066.48,784341,8158.77,290042
2025-10-20,geo_8,2500000,353812.01,97.604,8200.77,802989,2048.19,412933,11337.89,1653236,3795.87,678265,8299.1,306798
2025-10-27,geo_8,2500000,339773.9,101.472,27368.0,2571523,1799.55,341601,11727.11,1667560,3462.28,755683,9019.72,324666
2025-11-03,geo_8,2500000,368300.99,102.401,36772.81,3233133,8749.65,1742237,14334.55,1956200,3168.19,589001,9237.98,361458
2025-11-10,geo_8,2500000,343059.32,101.891,26621.76,2545993,7604.17,1333154,5149.94,798816,3396.9,692117,8856.7,348707
2025-11-17,geo_8,2500000,337866.75,104.112,30298.37,3001930,5288.35,880571,12370.42,1872102,3440.23,732792,8377.52,336702
2025-11-24,geo_8,2500000,420459.33,105.219,7550.21,712281,6573.65,1142515,11753.79,1578479,2920.28,538254,12529.91,493917
2025-12-01,geo_8,2500000,382203.26,104.482,32282.76,2971441,1907.1,367201,10783.81,1439273,6416.43,1271886,11165.27,404288
2025-12-08,geo_8,2500000,391149.02,106.959,24914.31,2389148,1865.85,330546,4256.46,580569,8131.83,1558726,9527.76,345992
2025-12-15,geo_8,2500000,378494.4,105.516,28321.25,2778627,2107.67,354396,4114.26,553184,6632.81,1332448,9981.22,382415
2025-12-22,geo_8,2500000,436015.89,105.884,31975.62,2711305,2109.11,389588,3964.45,502780,2674.2,507252,10023.9,376634
