date,geo,population,revenue,competitor_index,tv_spend,tv_impressions,ooh_spend,ooh_impressions,social_spend,social_impressions,display_spend,display_impressions,search_spend,search_impressions
2023-01-02,geo_1,14000000,1953377.85,99.849,52441.01,4767607,12385.91,1627092,52333.91,7441920,17093.64,3698141,54267.09,1974286
2023-01-09,geo_1,14000000,1899744.61,98.471,41553.38,3291759,9733.06,1504063,57831.53,8080885,43733.52,9062128,46231.96,1556418
2023-01-16,geo_1,14000000,1879860.7,100.906,48622.73,3936993,11654.12,1512626,21036.77,3028611,48895.18,9881488,51958.29,1686205
2023-01-23,geo_1,14000000,1889283.7,99.947,43934.54,3769016,7801.82,1144123,19108.97,2690964,36468.67,6962151,94140.59,3538615
2023-01-30,geo_1,14000000,2092453.38,98.258,139431.12,10747048,8605.0,1189746,20439.97,2978325,20736.11,4090399,92488.37,3669115
2023-02-06,geo_1,14000000,2104880.76,99.551,155084.75,12692250,35384.39,4819411,20783.76,2767769,16685.79,3318679,48523.36,1707958
2023-02-13,geo_1,14000000,2044184.15,101.19,188705.78,15732335,38901.05,5222555,20661.49,3061397,16340.16,3197197,48969.53,1834375
2023-02-20,geo_1,14000000,1872976.76,101.184,161731.35,12580231,39862.05,5529159,26932.69,3763089,20321.92,4221478,48479.65,1825142
2023-02-27,geo_1,14000000,2083286.85,100.051,42708.0,3483169,32832.82,4590578,61671.94,7700379,16676.19,3253916,54799.01,2024809
2023-03-06,geo_1,14000000,2039282.61,102.904,47428.29,3735238,9782.77,1177992,52349.17,6423400,21640.85,4401436,46765.01,1730437
2023-03-13,geo_1,14000000,2020850.61,101.138,40744.8,3533388,10030.71,1456728,55246.76,7068056,21282.26,4118920,47226.64,1885066
2023-03-20,geo_1,14000000,1817595.62,103.4,41626.76,3723311,10307.81,1268087,28472.57,3577753,20372.63,4080867,46940.38,1787600
2023-03-27,geo_1,14000000,1952603.86,101.681,46884.42,4049871,10616.53,1504859,21263.21,2601171,17867.33,3633671,88989.83,2916089
2023-04-03,geo_1,14000000,1798809.89,102.549,41749.52,3520076,10103.27,1285824,24924.74,3405928,19222.3,3692297,101257.49,3904231
2023-04-10,geo_1,14000000,1762633.1,103.571,42272.86,3705565,41664.13,5928702,22463.65,3059074,22726.37,4249556,44741.07,1542272
2023-04-17,geo_1,14000000,1825031.81,105.959,48783.89,4030469,40916.44,5982203,20244.75,2878098,23300.91,4271369,40272.67,1554649
2023-04-24,geo_1,14000000,1606730.24,104.447,55001.7,4573621,56421.91,7249251,22079.82,3085309,40994.28,8992869,44261.22,1760292
2023-05-01,geo_1,14000000,1694456.42,105.131,41584.9,3631799,40194.06,5450717,21430.54,3098733,35513.45,6810414,76192.09,2909046
2023-05-08,geo_1,14000000,1873984.73,103.731,38428.07,2857022,9343.57,1193967,25107.62,3464509,47719.45,9627092,97864.76,3457235
2023-05-15,geo_1,14000000,1943413.54,102.224,58825.37,4968973,14542.13,1816221,21547.9,2733909,21022.35,4051880,36042.99,1265577
2023-05-22,geo_1,14000000,1704995.69,104.529,46869.89,3857709,13342.61,1751790,70408.01,8580092,21438.99,4285043,45562.28,1663258
2023-05-29,geo_1,14000000,1851380.6,104.297,33345.87,2663164,9370.59,1523007,57380.98,8040304,22379.49,4785049,40766.8,1368663
2023-06-05,geo_1,14000000,1775103.0,103.142,41991.1,3468600,10041.74,1374276,57272.44,7498819,17854.14,3607607,46219.25,1603486
2023-06-12,geo_1,14000000,1813610.18,101.346,35408.7,2991750,8400.58,1122882,19923.2,2793416,17853.8,3654742,42886.62,1417206
2023-06-19,geo_1,14000000,1896064.98,101.136,48930.33,4841192,11173.2,1513602,17279.25,2299132,17904.71,3622972,43391.31,1688426
2023-06-26,geo_1,14000000,1769436.23,100.658,37608.99,3398747,11433.69,1535979,21775.41,2940772,20348.32,4092105,48576.98,1871804
2023-07-03,geo_1,14000000,1968358.52,99.176,158984.62,14199951,11836.24,1642481,18675.18,2368737,18411.57,3164992,38048.76,1409767
2023-07-10,geo_1,14000000,1904630.61,101.961,206999.41,17655018,40353.05,5400144,21472.82,2959355,19323.1,3722460,41127.99,1532585
2023-07-17,geo_1,14000000,1884355.9,101.892,154459.19,13697519,41455.18,5562315,20477.02,2911878,18667.28,4004866,35771.65,1300539
2023-07-24,geo_1,14000000,1860480.25,101.523,166188.03,14971342,36180.37,5139193,17082.72,2603442,18913.7,4007590,100919.8,3972583
2023-07-31,geo_1,14000000,1822942.34,102.565,42085.1,3384438,46000.51,6461490,21011.98,3103532,18118.92,3669843,96658.88,3453061
2023-08-07,geo_1,14000000,1693921.65,102.921,47036.3,3568555,13875.16,2021049,56213.88,7353667,20041.01,3981393,47324.17,1817621
2023-08-14,geo_1,14000000,1890567.94,106.3,196970.76,15592282,12045.63,1464441,54685.9,7436451,42190.2,8532146,47372.87,1740760
2023-08-21,geo_1,14000000,1897589.68,103.769,204991.34,18184154,51037.85,6948053,56221.58,7708166,44123.08,8816238,43830.69,1685564
2023-08-28,geo_1,14000000,1923591.1,104.083,161562.52,13574089,36290.76,4987338,21981.68,2964291,42655.93,8141765,38413.51,1442899
2023-09-04,geo_1,14000000,1848799.41,104.797,186737.89,16581264,41019.54,5073789,20884.78,2987157,17817.46,3353680,35966.96,1414860
2023-09-11,geo_1,14000000,1618192.82,105.979,32249.74,2733959,39089.15,4962316,23002.67,3226852,17894.6,3943367,45155.44,1827862
2023-09-18,geo_1,14000000,1684800.59,103.981,40520.57,3490928,11727.08,1588788,21485.64,3203341,18036.93,3662534,40672.23,1419460
2023-09-25,geo_1,14000000,1752495.05,105.061,41408.29,3668563,10831.42,1543410,21891.0,2667892,17240.38,3311150,34466.2,1244935
2023-10-02,geo_1,14000000,1664749.99,101.473,54132.24,4329342,13868.16,1895839,23272.26,2901971,16870.4,3008325,43130.82,1555537
2023-10-09,geo_1,14000000,1628829.03,102.158,44365.55,3549044,10898.61,1474799,23793.37,3334793,16383.64,3207414,38885.88,1380573
2023-10-16,geo_1,14000000,1551739.95,105.071,38413.53,3164685,7691.04,993509,77524.06,11130525,14079.39,2822807,38547.96,1428022
2023-10-23,geo_1,14000000,1807833.21,104.33,37400.21,3314352,10846.68,1479233,55604.69,6255812,18339.74,3338904,43515.67,1842461
2023-10-30,geo_1,14000000,1689655.73,102.69,35968.01,2942728,10183.64,1423730,49572.3,7148591,19951.42,3979183,39121.98,1384767
2023-11-06,geo_1,14000000,1751824.09,101.582,155474.64,15036722,6826.89,833574,25337.54,3545066,14042.84,2806842,48877.41,1772941
2023-11-13,geo_1,14000000,1873309.23,100.833,147565.47,12494903,9027.81,1171523,22728.35,3183489,49845.18,9895542,47230.39,1781939
2023-11-20,geo_1,14000000,2200560.64,101.254,163268.78,13571999,10918.74,1446915,25391.09,3220873,45165.87,9346605,86090.94,3262088
2023-11-27,geo_1,14000000,2032692.52,102.642,154442.28,12388594,9427.1,1272281,24547.7,3287451,43362.98,8746150,80844.61,2905014
2023-12-04,geo_1,14000000,1980600.52,103.043,40579.41,3642527,9319.34,1198634,27519.47,3705768,18147.76,3346884,48423.12,1867158
2023-12-11,geo_1,14000000,1847514.93,102.392,47128.01,4156811,10057.94,1349313,24322.03,3418201,42171.71,9090664,47025.09,1730217
2023-12-18,geo_1,14000000,1755388.65,100.778,36611.54,2924420,9886.07,1206541,23804.4,3504174,37268.39,7216824,55131.89,2010588
2023-12-25,geo_1,14000000,2109706.18,100.955,38401.73,2931157,10067.22,1285665,30945.06,3805225,36975.58,7186334,42288.41,1539012
2024-01-01,geo_1,14000000,1881483.2,100.723,37109.5,2970958,10658.94,1625188,28212.6,4097781,16120.91,3514403,48285.39,1598176
2024-01-08,geo_1,14000000,1814460.88,99.212,55216.7,4661014,14035.6,2249066,49970.63,6777919,18524.68,3468143,42436.27,1498061
2024-01-15,geo_1,14000000,2150042.5,99.083,54827.47,4865663,57263.79,8583417,52230.38,7438777,14123.29,2914668,46546.23,1709108
2024-01-22,geo_1,14000000,1863267.2,98.657,46553.08,3649490,40952.35,5301612,63305.33,9574056,16361.44,3348361,40360.2,1469443
2024-01-29,geo_1,14000000,2023478.59,100.064,45142.88,3761366,43503.57,6681659,22795.26,2960874,15686.68,3352825,44368.07,1649958
2024-02-05,geo_1,14000000,1911170.87,98.83,40424.71,3201573,40446.83,5365021,46828.09,5533046,16599.39,3659656,52188.75,1875080
2024-02-12,geo_1,14000000,1925890.02,99.473,50186.98,3829475,12471.09,1534379,55560.72,7564317,15167.31,3100253,41381.18,1655855
2024-02-19,geo_1,14000000,1893304.0,99.237,44023.32,4242838,12008.88,1587035,58799.98,8143534,16203.7,3450157,36160.75,1314002
2024-02-26,geo_1,14000000,2155433.3,99.381,46672.25,4100873,9807.81,1235845,20504.14,2574133,17080.25,3605179,42691.56,1664267
2024-03-04,geo_1,14000000,1769316.34,97.55,43907.95,3876123,10349.28,1376393,23293.01,3606939,15392.6,3136095,40004.2,1533451
2024-03-11,geo_1,14000000,2019345.21,96.922,29157.74,2690155,10913.18,1459186,20746.39,2618103,18748.62,3564856,42239.63,1490957
2024-03-18,geo_1,14000000,1883048.46,97.507,32835.79,2811225,10237.03,1349705,25575.11,3388311,18275.53,3795628,44105.67,1655196
2024-03-25,geo_1,14000000,1793625.76,97.658,37846.92,3165244,37100.32,5150749,73733.53,10446742,16473.89,3397459,40832.02,1351127
2024-04-01,geo_1,14000000,1975677.6,98.357,43532.19,3495419,45370.4,6362268,55450.37,8254437,17555.87,3512600,41802.89,1410370
2024-04-08,geo_1,14000000,1808676.15,95.408,34927.82,2930074,36313.97,4312481,52582.68,7257766,14702.23,3007423,52308.73,1857580
2024-04-15,geo_1,14000000,1860764.21,93.708,40139.72,3121537,36389.94,4854942,24576.71,2938469,15776.64,3088891,50292.24,1906669
2024-04-22,geo_1,14000000,1857729.97,98.938,146479.65,11126556,10286.14,1537037,22707.61,3186699,13957.95,3320171,41964.57,1397254
2024-04-29,geo_1,14000000,1929984.75,96.912,133337.56,10616917,39888.58,5444133,22588.62,3004374,13744.41,2632088,35737.51,1253250
2024-05-06,geo_1,14000000,1971427.95,98.845,162241.33,12232243,39060.41,4806778,19642.1,2400840,21193.0,3898703,41579.69,1545244
2024-05-13,geo_1,14000000,2148963.27,98.3,137320.76,11349559,41505.92,6068304,20075.2,2673255,16254.62,3031329,80534.52,2770136
2024-05-20,geo_1,14000000,1968366.67,98.801,34906.94,3249463,37674.85,4813957,19071.43,2793875,34318.25,7454976,76551.35,2863145
2024-05-27,geo_1,14000000,2038363.75,100.147,48660.7,4111602,11755.21,1513083,20039.17,2346260,40898.48,8829332,39708.26,1514576
2024-06-03,geo_1,14000000,2014486.57,101.728,47883.55,4019368,10678.62,1461201,20617.53,2448507,43017.57,7318130,36133.27,1348540
2024-06-10,geo_1,14000000,1643551.98,104.367,42392.59,3609503,12764.45,1716588,20486.55,2749264,15533.8,3365311,46417.3,1938004
2024-06-17,geo_1,14000000,1783714.41,104.122,46626.95,3882918,14709.34,1971590,27249.24,3651048,17054.6,3442932,40481.41,1550520
2024-06-24,geo_1,14000000,1800554.81,102.509,37472.11,2846887,9543.71,1292668,20650.94,2761036,20565.56,3927227,41662.95,1471387
2024-07-01,geo_1,14000000,2017605.27,103.555,158933.68,14428038,11621.79,1662395,18972.91,2542054,19755.14,3458773,48177.26,1808047
2024-07-08,geo_1,14000000,2087185.29,102.503,176399.81,13979600,42428.47,6075797,19949.75,2922866,42132.46,8290641,41903.69,1630330
2024-07-15,geo_1,14000000,2067079.14,101.978,170299.04,15322483,50227.76,6277917,22737.12,2746549,36186.32,6423641,39674.05,1497855
2024-07-22,geo_1,14000000,1947040.78,99.646,178140.15,15343686,44901.39,6218651,22821.55,2969245,49419.1,10216447,38024.96,1345789
2024-07-29,geo_1,14000000,1937221.71,98.239,35024.07,2787936,40710.08,5643322,17699.43,2266077,20320.37,4078694,44493.26,1502952
2024-08-05,geo_1,14000000,1879343.81,100.046,185573.24,13886396,11365.25,1453640,18654.36,2485656,15924.66,2990541,41755.48,1511354
2024-08-12,geo_1,14000000,1837826.3,98.252,146810.42,11930665,32447.47,4755353,18854.1,2813024,16437.07,3166005,45832.32,1693911
2024-08-19,geo_1,14000000,1960530.12,101.116,164984.92,14803902,48529.2,6581554,20595.49,2698254,18341.05,3229403,34807.88,1315014
2024-08-26,geo_1,14000000,2115243.48,102.297,237296.82,21035168,50232.48,6170574,21694.67,2861235,19337.6,3397003,36942.74,1455203
2024-09-02,geo_1,14000000,1873284.07,103.695,48083.17,3598351,44091.52,5400217,25475.88,3212584,19169.62,3879774,40102.64,1337175
2024-09-09,geo_1,14000000,1762344.86,99.449,41087.75,3403581,10087.53,1291050,25260.6,3509600,18374.36,3635843,41805.06,1385203
2024-09-16,geo_1,14000000,1736001.31,99.379,44792.39,3941983,11721.4,1593266,18853.07,2739775,17587.19,2992043,37813.79,1298377
2024-09-23,geo_1,14000000,1524187.52,99.655,39066.75,3198202,11735.61,1508734,15766.36,1992049,17773.61,3631388,36335.08,1338588
2024-09-30,geo_1,14000000,1606649.83,101.525,39850.87,3331078,10511.33,1508101,45449.95,6630974,17330.6,3769460,46237.39,1835582
2024-10-07,geo_1,14000000,1641377.09,101.518,41717.21,3628758,13040.97,1922476,50978.62,7235956,19959.98,3904667,33787.65,1391630
2024-10-14,geo_1,14000000,1679175.71,103.478,46151.51,3835396,13544.48,2114830,54260.98,7013622,22561.42,4765098,38144.43,1480790
2024-10-21,geo_1,14000000,1837930.34,102.681,45729.59,3729786,11634.71,1669900,22841.4,3073792,17733.58,3513483,35025.2,1250118
2024-10-28,geo_1,14000000,1849950.87,101.815,49756.59,3983841,12202.72,1719888,19046.04,2449135,40801.29,8198345,47589.1,1809809
2024-11-04,geo_1,14000000,1662533.23,104.818,63972.54,5532691,12638.12,1836386,25834.49,3702142,43796.42,8657318,38047.54,1373054
2024-11-11,geo_1,14000000,1781294.09,103.213,50518.73,4276978,12298.3,1634960,26061.52,3446689,49305.8,9378672,50312.94,1925720
2024-11-18,geo_1,14000000,1799417.89,102.422,201796.89,16671190,10479.63,1300222,45608.29,6290403,16265.92,3317002,48301.4,1889454
2024-11-25,geo_1,14000000,2371093.5,101.645,166843.14,14086475,35458.65,4611973,49386.68,7335148,18105.63,3455319,38358.41,1436359
2024-12-02,geo_1,14000000,2206482.25,100.97,211709.05,18763950,60846.94,7709764,71990.76,9599874,15438.07,3204349,51166.26,1785422
2024-12-09,geo_1,14000000,1998049.0,102.121,181927.48,15371052,41315.1,5525280,22303.32,3048958,15761.91,2932196,92577.47,3227506
2024-12-16,geo_1,14000000,2006867.04,103.257,53640.87,4498714,49846.76,6949330,22940.61,2963262,20071.64,4337011,84770.95,3409887
2024-12-23,geo_1,14000000,2383189.12,100.536,46460.44,3612410,10469.47,1568105,35251.58,4648478,18029.42,3450398,53367.78,1798409
2024-12-30,geo_1,14000000,2144397.49,101.219,59008.83,4630237,13935.25,1943044,23911.26,2915410,17036.98,3160471,44105.39,1635352
2025-01-06,geo_1,14000000,2085652.72,101.044,43309.27,3381447,10630.26,1471295,55783.51,7223732,18849.76,3695690,45520.45,1605999
2025-01-13,geo_1,14000000,2078221.6,101.124,42416.31,3102872,9895.87,1283128,45409.77,6275972,18170.32,3815320,46836.99,1727173
2025-01-20,geo_1,14000000,2104678.7,104.415,43289.97,3496962,11531.49,1750933,58659.37,8291624,20302.63,3735673,44686.33,1534651
2025-01-27,geo_1,14000000,1828452.86,103.851,42201.53,3562849,11742.73,1542789,24653.89,3714692,22025.58,4818368,43867.2,1641286
2025-02-03,geo_1,14000000,1902339.53,100.898,45564.69,3939247,11856.66,1568385,20215.52,2575808,18177.57,3373437,44096.43,1581590
2025-02-10,geo_1,14000000,2033561.78,102.985,45618.15,3719593,12987.56,1792922,27083.75,3459815,21472.34,3899609,41061.87,1487000
2025-02-17,geo_1,14000000,1842811.14,102.008,33890.21,3174981,10638.73,1469576,20364.1,2804485,18141.24,3536777,38447.0,1316104
2025-02-24,geo_1,14000000,2000417.75,99.139,37134.78,3443017,9544.07,1350201,26965.1,3790559,46345.2,9740678,46017.4,1625563
2025-03-03,geo_1,14000000,2001157.79,99.106,39174.67,3220848,10549.34,1371537,23831.93,3314783,39966.7,7996401,40715.47,1532290
2025-03-10,geo_1,14000000,1848513.87,98.885,47582.94,4401249,11581.91,1652185,20014.76,2657195,41620.1,8899571,37274.22,1361790
2025-03-17,geo_1,14000000,1839092.52,101.361,41718.61,3795962,11054.07,1481120,56207.15,7446076,20115.2,4208188,41040.52,1480276
2025-03-24,geo_1,14000000,1869067.9,100.528,48544.07,4119735,11411.72,1475130,62201.97,8205981,20869.27,4184770,38373.34,1402992
2025-03-31,geo_1,14000000,1954603.51,102.72,47820.48,3991304,9607.59,1265354,56462.92,8094465,19142.62,4186764,48021.23,1836470
2025-04-07,geo_1,14000000,1867321.5,100.57,45700.59,3428560,10675.04,1459564,17224.9,2342149,19733.04,4411279,42537.03,1642662
2025-04-14,geo_1,14000000,1947539.5,102.005,33418.0,2743979,8932.84,1190699,22143.11,2983933,41470.19,8111007,35186.28,1462499
2025-04-21,geo_1,14000000,1806532.49,102.631,53224.91,4599554,10503.43,1578437,19443.64,2337522,54794.15,10290650,41382.27,1645311
2025-04-28,geo_1,14000000,2076380.38,100.943,44886.65,3836160,9411.25,1270211,22893.1,3282323,61165.3,12555094,41028.48,1604956
2025-05-05,geo_1,14000000,1997658.11,99.931,40291.11,3207751,9222.8,1167028,56231.78,8002195,20657.89,3654473,86817.44,3261386
2025-05-12,geo_1,14000000,2270746.36,100.655,45509.71,3732207,10624.86,1411160,49495.78,6110720,20669.36,4574999,104749.82,3991052
2025-05-19,geo_1,14000000,1814789.71,100.378,41201.11,3165606,9922.83,1433876,56072.27,7629522,18216.19,3263077,45788.73,1616211
2025-05-26,geo_1,14000000,1939545.74,96.385,42180.64,3393537,10478.0,1394803,19396.37,2764785,20008.61,4308746,39204.11,1449559
2025-06-02,geo_1,14000000,2029316.63,97.875,149988.3,14255276,9444.0,1298835,25312.55,3530327,17525.15,3879609,43987.15,1534028
2025-06-09,geo_1,14000000,2218542.07,97.332,206394.38,18534298,46176.71,6313639,20423.43,2845746,17806.45,3384191,39681.68,1292982
2025-06-16,geo_1,14000000,2079986.93,97.346,153768.68,12668822,43314.06,5690251,22289.77,2952654,17422.48,3813947,87607.51,3104630
2025-06-23,geo_1,14000000,2216136.14,98.408,179412.16,15858612,44180.43,5894106,20785.39,2670035,15792.09,3004661,77898.75,2720399
2025-06-30,geo_1,14000000,2036130.42,98.221,36863.31,3098780,32934.92,4452500,19168.9,2578006,15869.84,3012350,103840.37,4041157
2025-07-07,geo_1,14000000,2128182.8,96.278,44263.57,4162478,13311.1,1782648,63276.69,8923010,16381.33,3460638,99937.34,3454742
2025-07-14,geo_1,14000000,1972135.11,98.632,193614.69,16503731,14745.19,1704636,44672.45,5434488,14304.29,2785434,42242.29,1565217
2025-07-21,geo_1,14000000,2121864.41,95.453,163431.65,13360230,10564.44,1533087,60570.62,8915892,40654.0,8320271,49854.09,1934517
2025-07-28,geo_1,14000000,2094548.19,97.592,142183.55,11849924,12446.67,1737944,20160.89,2565686,36666.31,7458271,39865.42,1526705
2025-08-04,geo_1,14000000,2010537.15,98.568,169403.44,15345390,10916.96,1442500,21651.24,2848710,41442.46,7846562,40510.53,1440817
2025-08-11,geo_1,14000000,2035206.44,96.651,39845.16,3328705,10125.63,1475566,22560.83,3025908,15219.58,2802121,50132.42,1841192
2025-08-18,geo_1,14000000,1967905.02,97.736,47104.31,3831613,14499.04,1855604,19075.23,2608052,37296.22,6896739,40925.35,1515143
2025-08-25,geo_1,14000000,2117117.86,95.448,175189.59,15874981,11505.0,1459728,23502.09,3261636,45250.45,9079291,44919.61,1600672
2025-09-01,geo_1,14000000,1984327.6,93.673,169440.73,14632569,10536.22,1440241,19434.68,2674142,39876.76,8879760,42756.3,1550030
2025-09-08,geo_1,14000000,2094621.24,94.174,164494.46,13690138,12063.05,1680133,37798.3,4638154,18256.03,3633375,50004.47,2066891
2025-09-15,geo_1,14000000,1924579.75,95.233,162681.31,14363226,11511.18,1581152,53470.06,6999078,21587.25,4340788,44087.79,1664114
2025-09-22,geo_1,14000000,1918651.39,94.322,42871.4,3638941,10240.79,1484080,44046.05,6206926,20388.36,3891918,38134.69,1441631
2025-09-29,geo_1,14000000,2038813.25,95.043,52178.36,4387470,10993.23,1545296,21958.13,2908849,17789.08,3587427,45852.47,1660051
2025-10-06,geo_1,14000000,1969545.14,97.184,180822.57,15742227,10603.36,1569067,51135.94,6699540,23301.73,4877753,45165.34,1740223
2025-10-13,geo_1,14000000,1808733.34,98.642,189132.66,16013310,40579.71,5471287,54976.26,7542534,39650.57,8103044,45333.89,1655959
2025-10-20,geo_1,14000000,1913861.18,100.109,165183.88,13074709,40798.36,5402176,48819.07,6455226,32493.03,6289356,45688.97,1824268
2025-10-27,geo_1,14000000,1879002.84,101.968,162079.38,13499934,31023.46,4063866,24117.98,3119683,51986.66,10439743,49231.78,2054305
2025-11-03,geo_1,14000000,1875440.6,103.22,34153.64,2915637,39750.65,5383345,47920.39,6665864,15262.29,2958717,41902.24,1558225
2025-11-10,geo_1,14000000,1960496.0,103.577,38309.44,3012173,11286.27,1438485,46839.58,6684813,18321.17,3639757,88079.12,3500000
2025-11-17,geo_1,14000000,1867870.72,102.316,140606.06,12406143,9935.66,1221226,44576.79,5933740,15219.23,2629935,92961.79,3667076
2025-11-24,geo_1,14000000,2290971.11,103.045,119564.56,9660284,35153.46,4538021,18446.66,2224706,17257.4,3460790,41724.75,1591851
2025-12-01,geo_1,14000000,2036939.87,100.284,141004.13,12375556,42652.67,6242656,22952.95,3275981,17321.26,3590738,42255.63,1595878
2025-12-08,geo_1,14000000,2021839.67,99.095,135496.01,12274342,33981.47,4585984,51540.87,7484728,56220.79,12445714,109301.49,3833061
2025-12-15,geo_1,14000000,2303146.98,99.346,41668.5,3399124,37354.62,5132552,48203.9,6890345,39642.21,7244676,91551.38,3053884
2025-12-22,geo_1,14000000,2319532.67,101.361,38737.19,3422948,11262.35,1390695,46202.87,6241534,46930.4,9619179,42434.23,1614131
2023-01-02,geo_2,9000000,1201884.74,99.849,31629.42,2712679,10137.39,1571143,35726.93,5495574,10148.9,2224772,27725.52,979751
2023-01-09,geo_2,9000000,1341164.22,98.471,25375.32,1979449,7659.58,1095799,41097.01,5985795,27710.63,6661813,24745.13,938304
2023-01-16,geo_2,9000000,1233409.91,100.906,31814.48,2570005,9379.2,1491933,14049.59,1997765,30577.29,6556563,27510.99,1021670
2023-01-23,geo_2,9000000,1250588.3,99.947,30352.55,2624807,6103.17,1000481,12827.49,1719523,24492.9,5229176,57207.55,2251927
2023-01-30,geo_2,9000000,1279563.98,98.258,99019.16,8444863,6542.08,1093761,13856.72,1931153,12902.94,2593856,57184.26,1956731
2023-02-06,geo_2,9000000,1305776.96,99.551,108112.26,8380895,27322.69,4382921,15078.05,2209355,10847.78,2323419,29088.06,1160824
2023-02-13,geo_2,9000000,1253200.35,101.19,127082.65,10940375,25753.12,3960803,14818.14,2230265,10747.53,2112657,26313.17,977375
2023-02-20,geo_2,9000000,1406467.74,101.184,102012.5,8805654,29738.32,4501365,17907.44,2725553,13058.64,2900478,26256.03,1016535
2023-02-27,geo_2,9000000,1302180.29,100.051,24206.99,2025932,23166.77,3317017,40969.03,6447672,10889.78,2107194,29010.41,1082616
2023-03-06,geo_2,9000000,1220831.47,102.904,25918.59,2347652,7335.0,1217685,32773.6,4458601,14089.83,3172177,26927.72,1019564
2023-03-13,geo_2,9000000,1279602.82,101.138,22521.17,1808598,7303.93,1150899,35610.21,5521712,13165.29,2920854,28069.31,1111196
2023-03-20,geo_2,9000000,1214272.79,103.4,23618.79,2004661,7381.99,1136100,17059.07,2523587,12345.65,2599744,28508.87,1100931
2023-03-27,geo_2,9000000,1201805.89,101.681,26175.23,1993748,7234.33,1110131,12308.46,1943968,10993.28,2456138,53779.01,1944929
2023-04-03,geo_2,9000000,1171794.19,102.549,24831.22,1991749,6286.62,939056,14039.74,2016615,11805.64,2536711,64787.21,2470447
2023-04-10,geo_2,9000000,1238937.85,103.571,25242.43,2093720,26331.92,3965711,12826.28,1886254,13474.07,2803498,28636.97,1065330
2023-04-17,geo_2,9000000,1161027.21,105.959,26276.58,1931753,26242.48,3852204,12209.66,2045953,14609.19,3224693,24337.35,919251
2023-04-24,geo_2,9000000,1224057.36,104.447,31728.46,2549950,36626.86,5880009,13731.06,2243073,26134.55,5041902,26952.74,1077131
2023-05-01,geo_2,9000000,1221985.63,105.131,26153.59,2245938,27023.67,4078537,14759.79,2220100,20717.53,4911936,50340.18,2122735
2023-05-08,geo_2,9000000,1178738.92,103.731,24142.67,2121530,6287.71,848948,16642.76,2325594,24044.51,4969785,67719.66,2564021
2023-05-15,geo_2,9000000,1250209.49,102.224,35952.44,2922295,10172.8,1442840,12319.28,2000635,11006.83,2139806,25370.73,953523
2023-05-22,geo_2,9000000,1169946.19,104.529,28547.55,2298746,9440.36,1379047,40464.6,5973432,10599.55,2109037,28211.47,1031413
2023-05-29,geo_2,9000000,990334.54,104.297,19522.63,1749844,6873.25,1015813,33086.04,5199653,11501.44,2534505,26916.15,1017554
2023-06-05,geo_2,9000000,1134517.26,103.142,21973.19,2039124,6972.05,1021665,34822.85,5423434,9442.28,1908379,28676.29,1118725
2023-06-12,geo_2,9000000,1150158.02,101.346,19886.7,1838446,5648.09,940352,12124.47,1943350,9459.33,2125869,27227.76,1027763
2023-06-19,geo_2,9000000,1189277.1,101.136,26459.05,2173310,7436.68,1137062,10290.16,1507817,9055.0,2054168,28397.83,1135981
2023-06-26,geo_2,9000000,1141571.67,100.658,21045.23,1631977,7522.62,1122326,13805.95,2187787,11546.89,2757840,31100.47,1171403
2023-07-03,geo_2,9000000,1339014.57,99.176,97554.39,7916306,7675.81,1144818,13180.32,1982270,10892.13,2523791,24587.42,953220
2023-07-10,geo_2,9000000,1131379.06,101.961,129548.75,11699972,26931.75,4140538,14930.84,2455228,13700.91,2960255,27878.09,980976
2023-07-17,geo_2,9000000,1139594.62,101.892,97540.38,8708767,27779.99,4408207,13427.35,1986010,13393.51,2945307,23384.31,924275
2023-07-24,geo_2,9000000,1265255.48,101.523,101811.42,8983598,23445.78,3647770,11257.61,1427977,13209.91,2845148,62161.27,2361191
2023-07-31,geo_2,9000000,1197168.25,102.565,25895.01,2291940,29410.08,4517731,13234.54,1930141,12320.85,2389792,66304.84,2534477
2023-08-07,geo_2,9000000,1247827.96,102.921,28288.65,2293263,9366.88,1679865,34628.33,5678038,13379.71,2805091,33819.65,1255424
2023-08-14,geo_2,9000000,1082570.33,106.3,106938.31,9515568,7384.24,1055009,34860.3,5195062,29460.22,6208840,30252.21,1173901
2023-08-21,geo_2,9000000,1234829.14,103.769,113573.37,9147875,32304.02,4517893,34922.23,5150454,33266.48,7132979,29898.69,1163474
2023-08-28,geo_2,9000000,1247235.54,104.083,87881.4,6728122,24510.59,3541625,14473.85,2118894,32701.99,6738995,26747.26,1100533
2023-09-04,geo_2,9000000,1088690.1,104.797,95597.61,7574444,27875.28,4488978,13066.87,2254227,13843.74,3020050,25626.26,954706
2023-09-11,geo_2,9000000,1118778.17,105.979,18294.25,1331292,27204.29,4724974,14211.71,2100837,13583.68,2812174,32331.08,1153137
2023-09-18,geo_2,9000000,1079712.93,103.981,24557.32,2017751,8499.66,1355976,13741.46,2079248,13420.49,2746334,29394.48,1075811
2023-09-25,geo_2,9000000,1120732.97,105.061,23260.54,2110898,6903.32,1089631,13903.65,1865259,12546.38,2535005,24178.73,841817
2023-10-02,geo_2,9000000,1060546.46,101.473,28795.24,2164413,9376.51,1487660,14024.64,2131502,12323.74,2605396,31365.1,1119915
2023-10-09,geo_2,9000000,979903.16,102.158,25006.03,1965932,7939.7,1229480,13429.83,1956977,12396.06,2568071,25671.6,922030
2023-10-16,geo_2,9000000,1057382.62,105.071,24114.19,1958118,5450.69,867064,42161.23,5790601,10643.38,2199297,27039.16,1000039
2023-10-23,geo_2,9000000,946308.4,104.33,24640.39,2019269,7988.94,1220037,30196.41,4449245,13883.06,3219991,28549.28,1047356
2023-10-30,geo_2,9000000,1040970.64,102.69,22899.53,2017742,7565.65,1193071,28004.93,4209439,14652.17,3106045,24158.87,940145
2023-11-06,geo_2,9000000,1040209.67,101.582,95617.79,7543140,5732.27,949359,14859.33,2207157,10333.44,2229316,29133.92,1044129
2023-11-13,geo_2,9000000,1096800.78,100.833,97289.21,8775350,7417.76,1257824,12826.12,1950849,34480.58,8111592,26839.18,987832
2023-11-20,geo_2,9000000,1412099.48,101.254,104318.39,9047506,8352.95,1190945,14674.22,2295269,32420.37,6302124,47316.81,1793847
2023-11-27,geo_2,9000000,1206958.42,102.642,97020.88,7928579,7556.94,1216350,13570.46,2304001,30442.88,6177258,42597.69,1723636
2023-12-04,geo_2,9000000,1206920.07,103.043,27377.7,2337662,7336.35,1279111,13980.79,2256323,12374.09,2957596,23578.4,893018
2023-12-11,geo_2,9000000,1128405.72,102.392,30158.13,2757168,7248.31,1173973,13237.17,2001195,29176.71,6434427,26304.1,955955
2023-12-18,geo_2,9000000,1229745.38,100.778,23159.2,1971091,6669.69,984700,12693.49,1818205,27855.02,5616749,31741.5,1247052
2023-12-25,geo_2,9000000,1329455.26,100.955,23278.73,1870331,6780.22,1043037,16574.05,2801068,27756.66,6027363,23109.01,891999
2024-01-01,geo_2,9000000,1096389.3,100.723,22035.27,1912945,7143.07,1251945,14666.42,2033423,12811.41,2965359,28356.66,1074051
2024-01-08,geo_2,9000000,1267207.53,99.212,32128.41,2414765,8726.25,1336757,30019.63,4214230,12564.37,2604074,26010.27,1088554
2024-01-15,geo_2,9000000,1192656.34,99.083,30478.87,2532073,33703.16,5164859,34387.06,5269528,9169.1,1751681,26614.98,926510
2024-01-22,geo_2,9000000,1230461.3,98.657,27261.52,2425533,26114.12,3840670,40604.32,6241999,10291.74,2178385,22775.31,868369
2024-01-29,geo_2,9000000,1241212.74,100.064,25499.61,2304923,28848.51,4540401,13400.94,1851765,9930.45,1957013,26565.23,1042488
2024-02-05,geo_2,9000000,1269325.94,98.83,22825.08,2051314,26313.45,4114499,30337.35,4127755,10424.87,2004395,31260.1,1146344
2024-02-12,geo_2,9000000,1318492.72,99.473,28465.36,2212769,7962.57,1182939,36530.73,5441659,10297.74,2031216,29854.69,1244890
2024-02-19,geo_2,9000000,1213054.65,99.237,24705.88,1937590,8407.99,1315468,38730.4,5637919,10887.78,2293961,23972.29,866659
2024-02-26,geo_2,9000000,1195415.76,99.381,24849.37,2002799,6688.53,1139545,13932.11,2132420,12173.77,2624083,28521.8,1171648
2024-03-04,geo_2,9000000,1359028.42,97.55,25185.38,2085071,7731.51,1123360,14928.28,2205950,11418.99,2597074,24090.67,927641
2024-03-11,geo_2,9000000,1281393.11,96.922,17763.43,1512695,7524.92,1295278,13653.3,1895300,13226.09,2954509,26755.02,1169276
2024-03-18,geo_2,9000000,1160697.86,97.507,21086.9,1772607,7165.8,1047713,17305.7,2732610,12297.24,2528025,27415.07,1045818
2024-03-25,geo_2,9000000,1262093.81,97.658,24512.27,2002671,28139.07,4656819,46630.47,7492691,11243.0,2398783,21852.26,801389
2024-04-01,geo_2,9000000,1247567.55,98.357,29802.33,2581936,31344.39,4599248,38172.76,6147805,14126.13,2915434,25135.71,876707
2024-04-08,geo_2,9000000,1301715.42,95.408,26002.98,1947510,24475.04,3801788,35743.3,5177894,11070.5,2293122,31296.78,1293181
2024-04-15,geo_2,9000000,1317788.21,93.708,29935.86,2743138,23710.9,3692917,17417.32,2673850,12803.44,3130225,28795.49,1006817
2024-04-22,geo_2,9000000,1299675.92,98.938,109896.8,8548389,7317.34,1207089,16551.63,2517056,12395.42,2927217,25952.15,951095
2024-04-29,geo_2,9000000,1334044.81,96.912,103859.53,10042129,25666.83,3782548,16337.49,2443840,11803.75,2619594,22214.6,831057
2024-05-06,geo_2,9000000,1353739.71,98.845,127330.35,11490690,27128.61,3890635,15339.91,2234656,16585.6,3465803,26555.84,1042443
2024-05-13,geo_2,9000000,1450968.64,98.3,99641.46,8195597,28033.18,4708600,15723.74,2187224,13177.66,2554483,56238.53,2058267
2024-05-20,geo_2,9000000,1308085.41,98.801,23966.53,1912762,24640.74,3844690,15650.35,2216026,29627.89,6394406,53188.71,2104385
2024-05-27,geo_2,9000000,1295157.91,100.147,35971.64,3130662,8752.92,1353815,15868.96,2206998,32152.1,7431148,27388.38,1020799
2024-06-03,geo_2,9000000,1229543.36,101.728,34960.57,3018212,7815.71,1085718,16616.47,2491747,30953.63,6151915,26613.21,985745
2024-06-10,geo_2,9000000,1161655.5,104.367,30383.69,2535453,9668.8,1567017,14995.25,2175659,11520.52,2283710,33004.41,1095433
2024-06-17,geo_2,9000000,1123990.09,104.122,34779.6,2734475,10595.01,1556620,20276.53,2567457,12906.16,2776022,26129.9,939170
2024-06-24,geo_2,9000000,1255149.75,102.509,27829.81,2213475,6318.34,955363,16196.23,2419551,15797.19,3160705,25401.63,985491
2024-07-01,geo_2,9000000,1163770.75,103.555,116416.13,9369134,7008.48,1136010,15281.94,2220504,14382.8,2978088,31103.98,1264289
2024-07-08,geo_2,9000000,1309753.36,102.503,115385.53,11332407,25408.45,4113837,16398.88,2225186,29442.38,6300895,24791.18,937665
2024-07-15,geo_2,9000000,1426369.93,101.978,119093.33,9773363,28643.07,4408419,18583.58,2930551,24496.2,4839517,23167.79,920521
2024-07-22,geo_2,9000000,1350272.24,99.646,124607.26,10643314,26887.72,4282687,18485.54,2704505,36360.12,7251342,23325.22,802995
2024-07-29,geo_2,9000000,1275284.97,98.239,24538.21,2079601,24868.44,4010977,13771.36,1973790,14734.44,2939878,28124.42,1114027
2024-08-05,geo_2,9000000,1225915.48,100.046,131521.43,10850793,7167.76,991836,13314.13,2135229,12186.74,2589148,27320.65,999103
2024-08-12,geo_2,9000000,1235653.22,98.252,98863.12,9069228,20878.35,3238625,12817.38,2041942,12114.77,2690244,33026.92,1201048
2024-08-19,geo_2,9000000,1293456.04,101.116,108047.52,9273940,27894.39,3906106,14300.26,2197091,13705.72,2833627,24813.19,931539
2024-08-26,geo_2,9000000,1202164.26,102.297,137856.71,10710538,30268.02,4572183,14379.75,2161009,15030.0,3182112,26941.9,1012747
2024-09-02,geo_2,9000000,1139438.87,103.695,30675.11,2603576,26389.75,4003478,18194.66,2683761,15024.65,3326308,28369.11,1001936
2024-09-09,geo_2,9000000,1065725.0,99.449,25856.64,2197425,5976.97,962297,18506.54,3035817,13307.65,2756583,28472.02,1103900
2024-09-16,geo_2,9000000,1218301.81,99.379,29026.14,2174924,7211.28,1131437,14053.59,2201047,12094.61,2749079,24947.86,910212
2024-09-23,geo_2,9000000,1085072.37,99.655,24496.14,1959940,7544.59,1195514,11462.02,1905347,13181.72,2919887,22246.29,794266
2024-09-30,geo_2,9000000,1274628.4,101.525,23923.64,2060295,6637.1,1182403,31866.33,5059869,11778.28,2764339,30620.96,1204211
2024-10-07,geo_2,9000000,1080191.47,101.518,22977.7,2004937,8288.9,1295525,34773.89,5407316,12364.49,2530909,21328.46,833521
2024-10-14,geo_2,9000000,1171556.56,103.478,24219.61,1674907,7869.02,1248390,35460.21,5277010,14051.1,3055289,23907.59,873847
2024-10-21,geo_2,9000000,1163080.4,102.681,26141.65,2204710,7516.18,1208861,15497.01,2022699,11177.43,2767270,21176.01,765556
2024-10-28,geo_2,9000000,1025051.87,101.815,27415.56,2432576,8077.7,1281069,12157.59,1806236,23354.13,5076982,30922.74,1200677
2024-11-04,geo_2,9000000,1000167.46,104.818,33416.97,2859947,8429.61,1322730,15180.7,2161445,26536.01,5409559,22254.6,814011
2024-11-11,geo_2,9000000,1019378.83,103.213,28143.38,2347259,8402.78,1297150,15275.2,2424325,29238.46,6291773,27861.18,1048249
2024-11-18,geo_2,9000000,1132101.46,102.422,107363.27,8270165,6891.66,1048688,23721.94,3509243,10237.37,1985262,30150.34,1164362
2024-11-25,geo_2,9000000,1446843.05,101.645,97529.11,9193374,23717.9,3446287,27964.75,4063266,11501.91,2398675,22898.44,878582
2024-12-02,geo_2,9000000,1249468.15,100.97,137245.06,12137754,38220.27,7071725,41346.99,6755596,11141.92,2399710,32788.07,1303417
2024-12-09,geo_2,9000000,1330927.54,102.121,114298.45,8876822,30536.32,4508071,12799.8,1812493,10283.21,1932634,61279.29,2557748
2024-12-16,geo_2,9000000,1299561.84,103.257,33838.86,2843983,35402.81,5931563,13301.48,2039673,13707.55,3009534,50737.96,1745089
2024-12-23,geo_2,9000000,1407033.48,100.536,27076.54,2275359,7091.86,1219593,20309.61,3018278,12038.15,2483185,34241.53,1361429
2024-12-30,geo_2,9000000,1208484.07,101.219,32326.16,2567824,9084.21,1334787,13342.84,1724954,10923.94,2162332,28351.16,1041490
2025-01-06,geo_2,9000000,1302624.42,101.044,24431.84,2128336,7495.58,1102980,32254.83,4815845,11048.21,2534285,29044.58,964993
2025-01-13,geo_2,9000000,1231328.36,101.124,26670.57,2354090,5954.75,942980,25526.9,3539653,11267.87,2727163,27769.62,1047524
2025-01-20,geo_2,9000000,1288646.26,104.415,28366.77,2334293,8016.81,1177907,32196.03,5010547,11286.78,2076568,24881.62,957414
2025-01-27,geo_2,9000000,1211469.65,103.851,28917.96,2480457,7960.07,1236197,14358.37,2025931,12745.14,3050922,26423.16,1026268
2025-02-03,geo_2,9000000,1206609.02,100.898,31321.32,2948707,8668.23,1267106,12489.49,2023561,10765.0,2161715,26981.7,1082941
2025-02-10,geo_2,9000000,1357423.7,102.985,29160.21,2456333,9785.88,1452652,16261.15,2436686,12855.65,2636303,25379.16,953403
2025-02-17,geo_2,9000000,1304898.81,102.008,20604.86,1644626,8093.55,1280047,13032.61,2090429,11245.78,2250421,23470.03,853143
2025-02-24,geo_2,9000000,1203220.05,99.139,23028.02,1803292,6591.32,964873,16530.39,2451326,29560.81,6125528,28188.06,1103196
2025-03-03,geo_2,9000000,1374261.89,99.106,24138.8,2020627,7204.61,1148897,14982.38,2177549,26368.64,5619134,26703.63,904386
2025-03-10,geo_2,9000000,1257023.41,98.885,28046.89,2286895,8642.68,1307196,14760.87,2266949,25605.52,5675545,25673.77,1176482
2025-03-17,geo_2,9000000,1297350.47,101.361,25840.55,2361537,8084.23,1252277,42340.5,5878522,12517.53,2603409,27168.61,959526
2025-03-24,geo_2,9000000,1287765.57,100.528,28593.98,2394031,8690.3,1405327,46532.94,7701400,11945.43,2524438,26284.89,1132355
2025-03-31,geo_2,9000000,1193434.11,102.72,27844.9,2360962,7490.32,1087859,40987.22,6089909,11619.35,2414650,31150.18,1163028
2025-04-07,geo_2,9000000,1279950.37,100.57,24551.95,1948314,8526.08,1247286,12830.97,1832460,12971.17,2627969,29250.92,1174609
2025-04-14,geo_2,9000000,1246624.69,102.005,18659.44,1560791,6658.73,933881,17124.61,2316171,26894.89,5356460,23991.38,927464
2025-04-21,geo_2,9000000,1145785.17,102.631,29835.44,2369186,7248.17,1122039,15105.78,2162078,33032.02,7001363,28481.68,1066496
2025-04-28,geo_2,9000000,1153316.35,100.943,26457.92,2333727,6248.24,892912,17062.6,2583842,35859.23,8038148,27454.54,977252
2025-05-05,geo_2,9000000,1314526.34,99.931,23255.65,1842470,6197.62,991076,42631.8,6983539,12478.97,2486168,54386.59,2070260
2025-05-12,geo_2,9000000,1307205.8,100.655,27138.17,2205924,6872.36,997271,37426.64,5221977,13393.12,2758123,62293.66,2184921
2025-05-19,geo_2,9000000,1405365.98,100.378,23244.21,1866231,6036.49,928076,45734.53,6515771,11710.72,2296440,26554.67,1021639
2025-05-26,geo_2,9000000,1234043.56,96.385,24025.43,1920121,6705.97,1121209,15029.9,2232632,14093.42,2980475,24422.28,944592
2025-06-02,geo_2,9000000,1332615.12,97.875,82220.47,6952979,6072.03,897286,19824.26,3150020,13068.0,2629919,29277.56,1045540
2025-06-09,geo_2,9000000,1226021.07,97.332,117792.87,10598491,30669.71,4495405,16253.77,2431564,12918.06,2511707,27147.97,1005258
2025-06-16,geo_2,9000000,1345909.98,97.346,89221.36,7520188,25573.2,3974357,19597.59,2762626,13571.72,2629526,62865.66,2579159
2025-06-23,geo_2,9000000,1358431.66,98.408,95084.43,8682674,27948.87,4362312,19024.59,2741680,12866.8,2657500,59484.02,2359748
2025-06-30,geo_2,9000000,1373289.78,98.221,21562.86,1724451,20803.86,2907505,16513.37,2707874,14044.17,2786849,74826.82,2799117
2025-07-07,geo_2,9000000,1299004.25,96.278,25682.1,1928166,7576.25,1195950,52747.14,7529885,14644.65,3221219,70543.95,2906805
2025-07-14,geo_2,9000000,1372569.14,98.632,110666.42,8841413,8242.84,1276307,36559.81,4796157,12272.29,2656743,27025.71,1131089
2025-07-21,geo_2,9000000,1344138.09,95.453,98808.9,7472403,6300.28,1076599,48753.17,7039809,35349.71,8061493,31799.32,1424031
2025-07-28,geo_2,9000000,1350989.35,97.592,86159.14,7915992,7730.0,1136289,16837.24,2404241,31866.11,7469085,26221.83,1063983
2025-08-04,geo_2,9000000,1445061.41,98.568,95085.8,8126815,7349.45,1082400,16733.1,2452232,33445.38,6812675,27730.92,1189765
2025-08-11,geo_2,9000000,1283111.88,96.651,22756.66,1846270,6023.76,1037156,17071.49,2580468,11742.13,2488258,32900.38,1297731
2025-08-18,geo_2,9000000,1261335.03,97.736,25417.64,2210486,8812.42,1198753,15972.9,2488748,25770.4,5988299,25502.99,914752
2025-08-25,geo_2,9000000,1254769.0,95.448,92615.38,8056264,7646.08,1173624,18183.65,2843781,29384.66,6261212,30485.81,1085261
2025-09-01,geo_2,9000000,1307419.92,93.673,94395.79,8192340,7215.13,1205760,15252.95,2055391,27044.93,6183452,29808.68,1094886
2025-09-08,geo_2,9000000,1310604.68,94.174,88589.78,7154636,9094.91,1643964,31610.32,5008273,12849.22,2743901,32173.11,1152294
2025-09-15,geo_2,9000000,1306052.1,95.233,91268.01,7819921,7941.05,1132013,40646.98,5974404,15068.14,3213504,26161.62,1044665
2025-09-22,geo_2,9000000,1261777.74,94.322,22730.53,1822772,6768.74,1037011,34570.65,5272567,12938.01,2798638,22814.21,940104
2025-09-29,geo_2,9000000,1301596.24,95.043,26796.67,2258738,7370.08,1260035,18624.81,2954460,10762.85,2082373,28116.12,1116259
2025-10-06,geo_2,9000000,1278737.05,97.184,89404.54,7499646,7154.52,1138219,40116.92,6347309,13285.88,2879925,27006.85,1026609
2025-10-13,geo_2,9000000,1281751.1,98.642,98494.13,8182651,30924.32,4892260,39408.53,5525655,22372.51,4734223,27316.55,995603
2025-10-20,geo_2,9000000,1231430.76,100.109,93544.38,7842302,30410.6,4594318,33968.83,4637215,20913.84,4301134,28352.02,1096516
2025-10-27,geo_2,9000000,1291067.1,101.968,100975.1,8791617,21319.33,3165569,18112.67,2649500,34688.37,7022854,29868.51,1022235
2025-11-03,geo_2,9000000,1174246.54,103.22,23548.19,2071425,27142.11,4261522,35993.48,5602186,10741.08,2384567,25805.14,1026239
2025-11-10,geo_2,9000000,1324933.2,103.577,27069.6,2017241,7666.46,1224431,33506.58,5403270,12824.96,2883817,47194.15,1816589
2025-11-17,geo_2,9000000,1349436.68,102.316,98457.48,8187168,7156.93,1046019,33051.9,4927782,9909.48,1855035,48358.01,1752701
2025-11-24,geo_2,9000000,1594379.39,103.045,79750.61,5887836,24555.39,3621919,14996.66,2189238,12223.94,2377902,22168.24,790407
2025-12-01,geo_2,9000000,1218821.22,100.284,92048.21,8128532,29272.83,4581538,18245.34,2631077,11762.68,2572876,23721.49,905199
2025-12-08,geo_2,9000000,1385116.44,99.095,88008.9,7610670,23148.99,3693036,42714.24,6763704,35537.92,6584396,62162.48,2320260
2025-12-15,geo_2,9000000,1222467.32,99.346,23546.46,1983000,26215.57,3860079,39811.97,5803751,23222.28,5558223,47428.0,1720336
2025-12-22,geo_2,9000000,1518476.45,101.361,24201.46,1927503,7967.19,1290880,37522.94,5829109,31829.74,5936905,25162.39,837185
2023-01-02,geo_3,7000000,1011897.19,99.849,22979.84,1921149,8185.22,1337916,26569.07,4230749,7428.85,1301728,23599.19,1126587
2023-01-09,geo_3,7000000,1002911.84,98.471,18612.86,1604439,6292.9,1167699,27724.08,4226462,19720.93,3190739,20128.65,934877
2023-01-16,geo_3,7000000,967041.73,100.906,24085.97,2099734,7830.83,1294438,11335.97,1760382,22217.01,4061158,22078.51,924784
2023-01-23,geo_3,7000000,1042309.85,99.947,22010.84,1861683,5478.16,926175,10583.84,1812069,16865.9,2885416,45640.75,1915215
2023-01-30,geo_3,7000000,1062135.21,98.258,73675.35,6383298,6018.15,1087679,12047.51,1959926,8549.28,1372541,46788.52,2225157
2023-02-06,geo_3,7000000,988941.88,99.551,77199.39,6044026,24968.52,4569910,11588.54,1770769,7133.96,1223458,22379.22,934423
2023-02-13,geo_3,7000000,1015069.47,101.19,94189.78,7451977,24008.49,4063669,12439.41,1747909,7143.77,1134052,20206.31,856994
2023-02-20,geo_3,7000000,1144433.49,101.184,76079.45,6235017,25767.82,3871487,15848.97,2579086,8618.16,1426809,19952.59,879826
2023-02-27,geo_3,7000000,1132638.07,100.051,19791.38,1679178,22305.62,3929134,37153.64,5690625,7792.02,1283099,23012.29,1027847
2023-03-06,geo_3,7000000,973790.58,102.904,20623.52,1689828,6949.58,1200910,29491.13,4466333,9762.56,1560553,21355.51,948908
2023-03-13,geo_3,7000000,879773.56,101.138,18999.29,1372745,7093.49,1177320,30936.25,5005720,9902.44,1596354,21531.8,899553
2023-03-20,geo_3,7000000,970155.26,103.4,18442.8,1611947,6660.38,1117476,15122.4,2289809,9288.88,1773951,22663.37,1049569
2023-03-27,geo_3,7000000,978944.77,101.681,20152.78,1632411,6568.13,1115434,11535.5,1653452,8383.98,1652937,47964.6,2072085
2023-04-03,geo_3,7000000,977515.74,102.549,18300.09,1650397,5657.71,985254,13259.83,2002880,8571.42,1624726,58700.44,2616138
2023-04-10,geo_3,7000000,897427.4,103.571,19147.4,1648363,22798.18,3815637,11084.16,1643542,9470.19,1492073,26429.04,1184526
2023-04-17,geo_3,7000000,862235.45,105.959,20927.67,2017105,21902.15,3680707,10330.41,1525636,10307.03,1905988,24209.85,1023282
2023-04-24,geo_3,7000000,870194.31,104.447,23575.73,1792506,28687.42,4802140,11088.93,1601485,18119.35,3369342,25807.13,1234618
2023-05-01,geo_3,7000000,921222.78,105.131,19372.8,1478305,21084.7,3485164,12445.56,1768995,15395.79,2640954,43973.0,2077759
2023-05-08,geo_3,7000000,972888.7,103.731,17440.9,1249411,5300.19,891432,13990.39,2184680,19417.63,3498909,55705.72,2479674
2023-05-15,geo_3,7000000,910146.69,102.224,28480.53,2393172,8435.84,1412536,10208.97,1346827,8499.69,1482640,20013.98,900538
2023-05-22,geo_3,7000000,926380.48,104.529,22099.32,1826506,7970.66,1421788,31895.96,4819774,8207.66,1369359,23935.27,1123872
2023-05-29,geo_3,7000000,902110.59,104.297,15849.73,1255604,5378.9,939873,26652.85,4172287,8598.06,1629686,22925.83,1046047
2023-06-05,geo_3,7000000,890855.55,103.142,19097.63,1652520,5437.63,888551,26961.51,3850899,7102.46,1156833,25070.78,1078927
2023-06-12,geo_3,7000000,941760.19,101.346,17462.41,1456290,4698.01,804966,10476.76,1527299,7153.04,1276307,26490.15,1276767
2023-06-19,geo_3,7000000,898426.71,101.136,22254.99,1666769,6391.48,1126791,9146.49,1346812,7038.62,1155008,24698.96,1046742
2023-06-26,geo_3,7000000,986543.09,100.658,18260.3,1536780,6006.03,1021266,12380.35,2079266,8870.73,1476597,28000.93,1233062
2023-07-03,geo_3,7000000,960346.9,99.176,77370.13,6329400,6028.35,1042278,11381.73,1733387,8701.5,1468571,21004.01,909959
2023-07-10,geo_3,7000000,971373.58,101.961,99145.24,8103100,20942.26,3778827,11997.26,1668429,9473.66,1693201,22365.6,1076980
2023-07-17,geo_3,7000000,929242.25,101.892,75759.15,6583938,20421.02,3438182,11917.79,1674108,9375.94,1721118,20074.93,915382
2023-07-24,geo_3,7000000,939584.0,101.523,84312.51,7546368,17916.7,3324988,9102.75,1349439,9765.65,1681164,55261.79,2243397
2023-07-31,geo_3,7000000,1050938.24,102.565,21906.41,1829239,23060.44,4219569,10838.47,1678501,8721.3,1387818,53692.15,2388757
2023-08-07,geo_3,7000000,852591.82,102.921,23534.75,1963096,7161.67,1279882,27932.42,3964512,8873.36,1678553,26125.73,1157816
2023-08-14,geo_3,7000000,848011.1,106.3,90967.7,7061695,5960.16,1003520,29477.8,4621097,18704.34,3111582,24715.53,1218834
2023-08-21,geo_3,7000000,1038600.44,103.769,104640.4,8627998,26193.62,4607435,32123.1,4824845,21144.24,3460375,23674.43,1005279
2023-08-28,geo_3,7000000,751441.6,104.083,76877.03,5814462,18966.94,3647902,12646.29,1851134,20773.74,3356247,20770.16,937700
2023-09-04,geo_3,7000000,844201.44,104.797,97939.17,7810123,20741.12,3463300,11120.11,1859099,8889.06,1588939,21242.02,877897
2023-09-11,geo_3,7000000,937818.89,105.979,19075.32,1574560,19169.38,3450686,12015.38,1728511,9103.4,1514848,26582.84,1366542
2023-09-18,geo_3,7000000,856374.64,103.981,23967.88,1835735,6225.9,1186514,11217.82,1848910,9144.35,1648186,25931.82,1059163
2023-09-25,geo_3,7000000,812300.46,105.061,22490.1,1802565,5113.35,903991,12736.45,1985953,8590.8,1508031,22011.3,1008485
2023-10-02,geo_3,7000000,883575.85,101.473,27855.76,2312561,7039.97,1112295,12946.84,2077605,9027.76,1373948,27603.84,1175998
2023-10-09,geo_3,7000000,811104.79,102.158,23597.78,2029505,5419.94,895603,12389.43,1841115,8459.79,1383266,22937.04,1075045
2023-10-16,geo_3,7000000,915513.17,105.071,21575.85,1777582,3878.6,606799,41306.29,6351141,7283.83,1239132,24313.36,1071718
2023-10-23,geo_3,7000000,838668.55,104.33,21234.58,1743093,5582.34,1129857,26898.76,4140573,9964.25,1675728,24910.33,1114805
2023-10-30,geo_3,7000000,846145.81,102.69,19712.09,1783144,5613.2,1012494,25662.85,3640365,10634.1,1692309,23128.18,1105592
2023-11-06,geo_3,7000000,902444.94,101.582,81154.89,6578801,4447.12,715988,12662.03,1954203,7585.46,1423525,27609.62,1232194
2023-11-13,geo_3,7000000,1001775.55,100.833,76846.21,6971484,5796.06,995135,11025.12,1516308,27283.27,5237066,27391.92,1345602
2023-11-20,geo_3,7000000,1190754.35,101.254,86089.23,6768269,6507.14,1129805,11118.2,1870959,26384.66,4990155,48336.34,1901302
2023-11-27,geo_3,7000000,991428.66,102.642,81290.09,6820876,6285.02,1144575,10354.16,1566388,24766.42,4473333,45103.57,1758979
2023-12-04,geo_3,7000000,986560.15,103.043,20975.74,1785937,5729.13,995203,10961.41,1785197,9430.65,1539761,26161.33,1167623
2023-12-11,geo_3,7000000,869638.46,102.392,23742.84,2107329,6426.25,1059319,10366.69,1457573,21677.75,3780865,28098.45,1276274
2023-12-18,geo_3,7000000,985435.68,100.778,18123.35,1430338,5722.38,943503,10277.47,1378141,20969.22,3695705,33838.19,1484686
2023-12-25,geo_3,7000000,1031788.84,100.955,19206.61,1491378,5230.53,968090,13416.71,1918524,20859.18,3524797,22835.67,911471
2024-01-01,geo_3,7000000,1003974.24,100.723,17504.0,1481986,5522.37,965172,13344.04,2081069,9748.54,1573938,26780.46,1197897
2024-01-08,geo_3,7000000,987238.52,99.212,27198.29,2308892,6788.77,1075142,27820.39,4347438,10481.15,1755362,24740.06,1132524
2024-01-15,geo_3,7000000,1037123.71,99.083,25867.32,2120813,28157.04,4551455,28926.85,4485013,8012.85,1470142,23278.99,1021379
2024-01-22,geo_3,7000000,1048254.5,98.657,22661.74,1881608,20659.73,3326823,35407.26,5779819,9415.37,1540689,20953.88,897222
2024-01-29,geo_3,7000000,892893.13,100.064,20991.9,1969320,22930.14,3756527,12989.06,1942919,8567.35,1544148,22662.73,968054
2024-02-05,geo_3,7000000,1013162.08,98.83,18468.32,1447267,21288.43,3536217,27813.93,4087511,8512.31,1287997,25394.7,1176199
2024-02-12,geo_3,7000000,996773.61,99.473,24118.58,2045890,6302.92,1081279,32676.94,4743440,7999.87,1362358,20974.12,958019
2024-02-19,geo_3,7000000,987356.17,99.237,21706.73,1876057,6463.01,1150062,34379.57,5806333,8786.99,1445882,17508.03,756434
2024-02-26,geo_3,7000000,951999.18,99.381,22863.07,1974186,5294.08,1060822,11847.07,1694640,9414.56,1660703,21644.66,985100
2024-03-04,geo_3,7000000,1057578.32,97.55,22561.51,1826208,6042.97,1042419,12410.63,2029849,8319.05,1308913,18955.04,914782
2024-03-11,geo_3,7000000,1027816.01,96.922,15990.71,1418046,5832.87,1062953,11173.22,1796889,9706.54,1471742,20131.14,942531
2024-03-18,geo_3,7000000,982495.16,97.507,17724.33,1578932,5696.23,948237,14097.82,2042547,9519.97,1612652,20735.54,959322
2024-03-25,geo_3,7000000,1051281.27,97.658,19432.81,1531505,22671.88,3916591,37677.42,5255708,9880.58,1612204,20066.17,899220
2024-04-01,geo_3,7000000,932116.6,98.357,21749.11,1880621,28275.7,4507198,30294.23,4787210,11826.69,1964802,23128.44,996883
2024-04-08,geo_3,7000000,891326.84,95.408,18368.38,1693799,23378.72,4123401,28038.63,4467949,8931.81,1504294,27955.33,1238629
2024-04-15,geo_3,7000000,1071147.32,93.708,20159.02,1657882,22960.81,3866487,12723.87,1813408,8717.65,1510968,24239.81,1129058
2024-04-22,geo_3,7000000,988239.78,98.938,78994.08,6567774,6496.46,1184044,11546.69,1760433,8151.75,1496362,19570.54,903764
2024-04-29,geo_3,7000000,1066880.4,96.912,70662.61,5905410,24377.72,4208929,11907.73,1962687,7697.54,1204185,16985.55,770598
2024-05-06,geo_3,7000000,1128651.16,98.845,87975.66,7178161,25505.23,4306228,10572.1,1643314,11161.2,1947027,22147.52,1013845
2024-05-13,geo_3,7000000,1154847.24,98.3,69052.62,5559178,26268.93,4226375,10517.18,1537569,8270.57,1621380,46524.54,2121193
2024-05-20,geo_3,7000000,977944.92,98.801,17036.61,1473470,21558.32,3900751,9768.48,1563502,17281.32,2918440,46795.5,2260656
2024-05-27,geo_3,7000000,988990.9,100.147,25028.65,2001835,6665.09,1147343,9404.63,1393087,20259.01,3560747,22995.41,1117615
2024-06-03,geo_3,7000000,959626.88,101.728,25546.13,2110111,6054.74,1105541,10441.6,1631034,21136.47,3874102,20780.97,878697
2024-06-10,geo_3,7000000,970744.89,104.367,21368.34,1847406,6816.94,1241731,10272.0,1526863,7149.77,1249333,25446.75,1154647
2024-06-17,geo_3,7000000,895641.24,104.122,23078.94,1909142,7104.35,1238559,13571.99,2101247,7896.67,1470473,20929.65,1024643
2024-06-24,geo_3,7000000,928996.48,102.509,18535.14,1647494,4439.29,752030,11169.5,1699456,9587.89,1632773,23420.89,1005861
2024-07-01,geo_3,7000000,959750.43,103.555,78921.49,6566055,5156.04,898043,11037.92,1813612,8726.24,1669985,27983.18,1262198
2024-07-08,geo_3,7000000,988103.94,102.503,87008.04,6859316,19128.88,3725935,11362.96,1867107,19297.97,3139006,21909.37,951762
2024-07-15,geo_3,7000000,960650.2,101.978,89658.38,7922657,24726.01,4322129,13029.87,1898340,16754.1,3318145,21187.09,888007
2024-07-22,geo_3,7000000,1001854.17,99.646,89093.25,7145956,22550.01,4057941,13268.66,1934173,22656.78,3790543,19791.47,905105
2024-07-29,geo_3,7000000,987905.95,98.239,17766.93,1734184,23687.65,4252798,10087.34,1607087,10575.55,1850047,22898.94,932627
2024-08-05,geo_3,7000000,954607.92,100.046,96412.18,7609647,7373.29,1349284,10364.59,1791491,9603.25,1671904,21449.64,918672
2024-08-12,geo_3,7000000,997965.41,98.252,74734.43,6228423,22530.01,3627605,10360.87,1716243,9928.81,1538964,27523.87,1272266
2024-08-19,geo_3,7000000,969943.43,101.116,88864.68,7637656,29975.6,5050631,11263.6,1746328,11347.08,1965479,20879.43,938202
2024-08-26,geo_3,7000000,1086977.38,102.297,129836.69,10945275,32395.26,5555943,10862.06,1713311,11049.3,2113748,21441.36,885991
2024-09-02,geo_3,7000000,939317.83,103.695,24744.72,2327063,27725.89,4957657,12902.38,2052933,11697.79,1929445,20878.64,989812
2024-09-09,geo_3,7000000,968601.51,99.449,19555.24,1653100,6034.57,941385,12990.53,2069357,10391.52,1769268,23033.72,1076573
2024-09-16,geo_3,7000000,976584.47,99.379,22144.17,1971229,7116.75,1311745,10140.09,1596495,9874.2,1714725,20593.86,836902
2024-09-23,geo_3,7000000,906884.62,99.655,19810.22,1605192,7177.03,1234450,8661.94,1360261,10462.95,1712603,19983.56,869685
2024-09-30,geo_3,7000000,851915.29,101.525,19060.09,1544379,6327.51,1106914,23870.44,3566597,10523.17,1849507,28527.04,1143908
2024-10-07,geo_3,7000000,871688.3,101.518,17664.38,1501544,8158.42,1523141,24668.97,3863667,11220.14,1907598,21676.36,932103
2024-10-14,geo_3,7000000,784541.15,103.478,18469.43,1696231,7772.42,1393166,28561.29,4641229,12229.75,1816586,22214.39,1041443
2024-10-21,geo_3,7000000,842358.33,102.681,19614.54,1573774,6916.9,1259153,12287.23,1801591,9734.63,1623301,19237.25,902182
2024-10-28,geo_3,7000000,862254.68,101.815,21114.35,1855222,7752.62,1320952,9494.3,1329719,21983.69,4011898,26545.65,1220165
2024-11-04,geo_3,7000000,840256.8,104.818,25755.81,1913686,7679.03,1402339,11915.14,1960742,24869.51,4462759,19269.33,828264
2024-11-11,geo_3,7000000,932407.32,103.213,21607.77,1904087,6773.24,1162612,12097.13,1706396,26942.99,4394151,24420.17,1056416
2024-11-18,geo_3,7000000,940685.96,102.422,84167.4,7227524,5721.31,1038598,21156.56,3176079,8848.77,1619917,25224.84,1146003
2024-11-25,geo_3,7000000,1154899.2,101.645,68920.32,6023899,19121.85,3207323,24266.68,3525939,9473.38,1592920,19774.57,841584
2024-12-02,geo_3,7000000,1025713.66,100.97,93107.24,7905146,30318.3,5691071,33602.93,5386851,8906.85,1667624,28164.29,1384070
2024-12-09,geo_3,7000000,953143.5,102.121,82714.13,6757644,23489.41,3798917,10277.46,1614854,8443.4,1541589,48739.55,2163959
2024-12-16,geo_3,7000000,1019407.79,103.257,22833.64,1874352,26593.52,5087938,10121.29,1575362,11296.6,1897345,39914.61,1806311
2024-12-23,geo_3,7000000,1106157.07,100.536,19161.38,1662550,5300.73,870524,15856.4,2457015,10090.99,2055836,25918.13,1162744
2024-12-30,geo_3,7000000,1030055.92,101.219,22915.84,2123223,6807.34,1181023,10577.83,1683665,8927.78,1572112,23343.64,958318
2025-01-06,geo_3,7000000,1052975.86,101.044,17549.81,1390018,5516.57,957233,24170.64,3644743,9811.21,1895057,24413.84,1186090
2025-01-13,geo_3,7000000,991038.82,101.124,18596.21,1529492,4528.02,752853,18843.1,2903805,9498.54,1676631,22400.25,957020
2025-01-20,geo_3,7000000,964033.03,104.415,17572.37,1659664,5611.97,1043345,25363.64,4036175,9977.39,1728674,21413.2,970852
2025-01-27,geo_3,7000000,1044591.03,103.851,18187.45,1447480,5621.69,864111,10622.18,1618884,10268.74,1793254,22833.07,968877
2025-02-03,geo_3,7000000,962487.01,100.898,18910.4,1465089,5762.5,943744,9478.29,1455862,8161.94,1429150,21935.88,875290
2025-02-10,geo_3,7000000,1004729.64,102.985,18332.65,1540339,6746.99,1173341,13186.8,2146426,10378.21,1816688,21008.7,915117
2025-02-17,geo_3,7000000,956808.48,102.008,14730.25,1344976,5207.25,905294,9152.95,1538698,9151.34,1670140,20277.91,891814
2025-02-24,geo_3,7000000,1038208.86,99.139,16274.33,1290600,4904.53,954887,12070.16,1729061,23211.4,4329628,23916.63,1049099
2025-03-03,geo_3,7000000,938519.68,99.106,17300.16,1559260,5278.69,841562,10468.44,1518317,18600.59,3292631,21832.91,946958
2025-03-10,geo_3,7000000,1018295.15,98.885,20399.02,1845759,5873.59,978505,9003.49,1408105,17549.19,2942480,19190.09,903967
2025-03-17,geo_3,7000000,906432.65,101.361,19014.7,1593556,5693.6,947899,27057.96,4202792,9216.11,1503130,19885.25,888614
2025-03-24,geo_3,7000000,916755.17,100.528,22610.01,1791637,6590.64,1152646,32249.53,4561916,8946.14,1750611,19211.15,904001
2025-03-31,geo_3,7000000,917707.74,102.72,22584.87,1980008,5709.62,928302,30737.22,4433289,8622.35,1246000,22241.71,1061994
2025-04-07,geo_3,7000000,975229.52,100.57,21466.51,1725801,6565.54,1158349,9614.37,1576343,9046.91,1635531,20580.56,930317
2025-04-14,geo_3,7000000,924132.75,102.005,16785.08,1346396,4780.57,862467,12453.76,1755742,18097.33,2842600,17347.01,811611
2025-04-21,geo_3,7000000,965820.71,102.631,27871.34,2309471,4999.78,877689,10633.59,1534405,24450.53,4508672,20009.63,861036
2025-04-28,geo_3,7000000,946333.38,100.943,22580.59,1740180,4635.16,766993,12195.5,1985048,25249.1,4289153,18132.85,832114
2025-05-05,geo_3,7000000,1012256.63,99.931,20951.68,1546077,4701.76,840126,30777.43,4459218,9115.28,1522155,35473.02,1484720
2025-05-12,geo_3,7000000,1043043.98,100.655,23121.99,2110088,5205.16,934861,27069.71,4167576,10064.45,1451242,38004.19,1974682
2025-05-19,geo_3,7000000,878300.95,100.378,20906.03,1816597,4683.0,822408,28918.55,4256168,9212.29,1660651,16929.18,715622
2025-05-26,geo_3,7000000,957822.69,96.385,23916.56,1977274,4955.68,765224,9354.59,1378809,10389.55,1803170,16342.41,700902
2025-06-02,geo_3,7000000,951710.48,97.875,91794.16,8105734,4747.57,786985,10848.38,1644413,9319.34,1654219,18994.21,798203
2025-06-09,geo_3,7000000,1088468.86,97.332,134725.34,11653209,24037.2,3738653,9175.3,1404649,8050.79,1484318,17646.38,835747
2025-06-16,geo_3,7000000,1107170.34,97.346,102058.6,9051684,23118.2,4135424,10322.2,1726037,8712.78,1628958,41985.72,1999722
2025-06-23,geo_3,7000000,1146436.25,98.408,107886.17,8735168,25013.19,3903056,9779.98,1435698,7872.34,1374607,37363.27,1629428
2025-06-30,geo_3,7000000,1184264.61,98.221,24691.28,1972498,19795.93,3768248,8949.55,1349156,8470.32,1569492,49340.23,2233786
2025-07-07,geo_3,7000000,1085273.21,96.278,27590.69,2113129,7588.74,1161892,28038.44,4707115,9927.02,1817504,48468.86,2124020
2025-07-14,geo_3,7000000,1040611.3,98.632,118716.3,9878281,8330.36,1509506,21709.03,3289570,8226.8,1555933,19947.84,837362
2025-07-21,geo_3,7000000,1191087.71,95.453,104732.23,8254609,6330.97,1155702,27195.54,4482385,22940.3,4305371,24738.78,1187125
2025-07-28,geo_3,7000000,1048318.91,97.592,94424.1,7402584,7432.33,1142449,8885.93,1356425,19513.63,3345544,20689.62,926994
2025-08-04,geo_3,7000000,1012026.01,98.568,100622.73,8794605,7065.55,1213599,9190.88,1559771,21403.64,3915089,22022.8,1035851
2025-08-11,geo_3,7000000,1007442.03,96.651,23541.2,1837912,6108.97,1163184,9152.44,1349402,7532.69,1429841,25767.95,1092568
2025-08-18,geo_3,7000000,969979.38,97.736,24443.34,2005315,7576.59,1280448,8538.32,1203631,17259.04,3129502,21153.42,971414
2025-08-25,geo_3,7000000,1001829.5,95.448,97287.39,8105296,6148.49,1079288,9799.17,1605410,22715.78,3830163,25357.42,1164612
2025-09-01,geo_3,7000000,982989.18,93.673,94773.64,7699987,6133.21,1029697,8102.32,1346310,20801.48,3553752,22632.92,983877
2025-09-08,geo_3,7000000,1092405.43,94.174,86461.04,7133566,7309.06,1307675,16704.52,2708629,10261.15,1806377,24958.44,1252316
2025-09-15,geo_3,7000000,1052050.81,95.233,79878.5,7175788,6672.14,1187789,25541.81,3922099,11638.34,2046918,21255.13,956533
2025-09-22,geo_3,7000000,884284.64,94.322,21526.47,1651218,5662.75,974952,21608.47,3485094,11142.15,1758785,20236.06,898805
2025-09-29,geo_3,7000000,959869.3,95.043,24517.88,2054558,5884.62,884248,11663.09,1569515,9671.86,1679989,23159.02,1067182
2025-10-06,geo_3,7000000,1060429.8,97.184,87264.2,6970234,6053.96,1136517,25727.45,3893269,13153.48,2333387,21682.58,990965
2025-10-13,geo_3,7000000,1029701.36,98.642,93438.04,8212762,23753.45,3872540,24153.72,3755983,22640.41,3778689,21980.12,1012421
2025-10-20,geo_3,7000000,1020293.22,100.109,82079.23,6603682,25351.65,4294467,21806.96,3444992,20476.19,3696400,21883.59,972347
2025-10-27,geo_3,7000000,1010369.59,101.968,82490.78,6786422,17673.57,2817549,11042.2,1625825,34426.12,5603162,22592.04,1055125
2025-11-03,geo_3,7000000,970313.75,103.22,19011.71,1701650,21213.26,3526138,24004.95,3782178,10278.11,2001471,17914.89,785803
2025-11-10,geo_3,7000000,887165.68,103.577,20540.82,1626280,6079.59,1075383,23360.27,3490122,11738.99,2144111,36962.18,1766051
2025-11-17,geo_3,7000000,971982.51,102.316,86039.46,7766524,5589.2,942350,21915.42,3101227,10198.36,1746285,37722.67,1726118
2025-11-24,geo_3,7000000,1186814.85,103.045,71927.7,5891127,19271.99,2762697,9374.68,1444409,12403.76,2174643,18232.14,798362
2025-12-01,geo_3,7000000,1037678.5,100.284,80003.08,5936014,21334.82,3606820,11735.37,1948038,10424.54,1765069,18152.15,786638
2025-12-08,geo_3,7000000,1002462.6,99.095,73280.02,6613442,15624.72,2558100,27677.02,4711901,32684.46,5134067,50292.96,2271039
2025-12-15,geo_3,7000000,1096935.87,99.346,20182.85,1587188,17441.64,3287692,25058.81,3739466,22998.9,4013554,40518.32,1796451
2025-12-22,geo_3,7000000,1235329.07,101.361,19366.61,1663759,4857.64,949073,22888.48,3718022,28230.13,4711059,20940.11,837766
2023-01-02,geo_4,5500000,770860.78,99.849,17980.71,1710089,5377.3,906462,20644.62,3011179,5882.06,1261373,20520.54,801847
2023-01-09,geo_4,5500000,737488.76,98.471,15239.35,1247198,4401.46,689775,24668.36,3699927,14558.21,2793382,16392.17,579520
2023-01-16,geo_4,5500000,730809.46,100.906,17196.46,1459093,5857.12,1052782,8642.64,1314383,16646.25,3268351,18308.04,684001
2023-01-23,geo_4,5500000,839288.03,99.947,16474.85,1273013,4174.78,767235,7617.42,1291781,12935.23,2686724,35639.57,1228978
2023-01-30,geo_4,5500000,756618.52,98.258,58552.36,5524830,4480.11,887777,7960.3,1148345,6953.57,1508761,34025.7,1054161
2023-02-06,geo_4,5500000,796240.61,99.551,68479.03,5923053,18995.52,3255296,7663.81,1137829,5562.81,1029628,17553.92,671123
2023-02-13,geo_4,5500000,826498.81,101.19,83737.67,7558640,18131.15,3216365,8649.79,1186865,5365.87,1095706,15819.58,517944
2023-02-20,geo_4,5500000,765737.37,101.184,60730.6,4633725,20329.23,3572048,10637.94,1552691,6360.77,1172671,14284.13,485543
2023-02-27,geo_4,5500000,882303.92,100.051,16154.48,1398537,16441.77,2890658,24977.77,3845826,5504.66,1097766,16450.44,609011
2023-03-06,geo_4,5500000,769074.52,102.904,16680.74,1376542,4600.69,791192,19594.69,2835342,6747.48,1292537,15236.46,500949
2023-03-13,geo_4,5500000,813141.72,101.138,14462.81,1169192,4389.43,794774,21653.42,3153189,7024.02,1371800,15907.84,550749
2023-03-20,geo_4,5500000,746793.28,103.4,15671.84,1291430,4323.13,784631,10499.86,1459613,6521.28,1308070,15772.1,559219
2023-03-27,geo_4,5500000,759777.99,101.681,17138.03,1530260,4726.39,893801,7902.33,1195483,5874.07,1175065,29366.14,923649
2023-04-03,geo_4,5500000,705307.93,102.549,16291.45,1250969,4207.77,770928,9129.61,1370543,6403.89,1301355,35763.06,1340739
2023-04-10,geo_4,5500000,686331.62,103.571,15859.47,1302856,18515.11,2983585,7957.42,1219037,7363.38,1453821,14405.2,494488
2023-04-17,geo_4,5500000,637579.34,105.959,16458.73,1413971,16397.6,2837523,7250.44,1127840,8027.63,1560360,12833.28,438877
2023-04-24,geo_4,5500000,754438.74,104.447,19246.04,1614325,20656.43,3530060,8207.96,1131291,15359.87,2893117,14490.72,537475
2023-05-01,geo_4,5500000,706411.32,105.131,15851.24,1334931,15575.38,2911276,8475.49,1251337,13024.02,2706153,25210.9,876908
2023-05-08,geo_4,5500000,634942.09,103.731,15473.71,1289368,4104.79,733879,10381.37,1614970,15269.98,2584454,32063.0,1132267
2023-05-15,geo_4,5500000,764239.34,102.224,26201.26,2260307,6142.96,1069435,8346.79,1263108,6850.39,1329077,11754.34,371517
2023-05-22,geo_4,5500000,705954.47,104.529,20969.15,1819178,5772.7,1031257,26067.02,3903820,7490.09,1485876,14414.87,432395
2023-05-29,geo_4,5500000,726704.54,104.297,14345.61,1266636,4090.26,692941,22056.4,3092376,7904.55,1700900,13362.11,470719
2023-06-05,geo_4,5500000,701201.26,103.142,17683.73,1512371,3998.85,646828,21508.39,3230041,6336.3,1245142,15457.75,487335
2023-06-12,geo_4,5500000,756265.79,101.346,14999.36,1281609,3114.25,503346,7926.52,1152528,6223.02,1291638,16615.38,556816
2023-06-19,geo_4,5500000,682458.91,101.136,19874.87,1682225,3861.99,737063,6995.95,1083310,5937.36,1357647,17187.36,589318
2023-06-26,geo_4,5500000,761447.7,100.658,15345.12,1286803,3769.54,666431,9434.46,1588460,7916.77,1746850,19840.82,734231
2023-07-03,geo_4,5500000,732412.01,99.176,66657.23,6308851,3974.27,714844,8709.13,1240063,6720.67,1430659,16023.53,544590
2023-07-10,geo_4,5500000,740668.48,101.961,86388.81,7811312,13618.89,2264179,9254.37,1465781,7344.98,1487318,18217.02,653854
2023-07-17,geo_4,5500000,746740.77,101.892,65598.26,5421317,14661.38,2689308,9073.02,1226087,7104.28,1316591,15663.61,622114
2023-07-24,geo_4,5500000,748024.52,101.523,70981.56,6069723,13560.83,2248954,6966.83,1043307,7529.83,1607050,42893.34,1396294
2023-07-31,geo_4,5500000,815787.42,102.565,19117.98,1704104,18057.78,3573569,8001.1,1232663,6476.07,1271753,42044.8,1475106
2023-08-07,geo_4,5500000,724304.98,102.921,19115.66,1639038,5802.67,1002051,22002.7,3320503,6971.69,1416383,21236.17,746202
2023-08-14,geo_4,5500000,745940.57,106.3,79200.89,6578973,5069.76,851086,22312.72,3204053,14147.07,2856613,19583.07,611657
2023-08-21,geo_4,5500000,747186.75,103.769,80686.89,6078788,21086.46,3621611,22681.19,3238371,16284.18,2832149,19226.2,639727
2023-08-28,geo_4,5500000,759770.84,104.083,62033.25,5454646,15932.68,3153753,8676.61,1203823,16706.67,3340286,17228.45,621353
2023-09-04,geo_4,5500000,701121.43,104.797,66146.13,5052959,17762.05,2816462,7144.95,932133,7307.18,1500201,16116.03,545346
2023-09-11,geo_4,5500000,700806.61,105.979,13488.3,1179706,17100.93,2812869,7583.68,1121298,7358.84,1467516,20854.67,619609
2023-09-18,geo_4,5500000,633874.02,103.981,15742.84,1398311,5550.95,940956,7467.07,1073707,7268.82,1642446,19363.69,648894
2023-09-25,geo_4,5500000,615037.68,105.061,15752.07,1321169,4771.66,790235,8076.5,1259338,7115.06,1328958,15399.74,578486
2023-10-02,geo_4,5500000,660135.58,101.473,19426.79,1650431,6862.8,1075735,7766.91,1202431,7092.23,1454449,20052.51,706835
2023-10-09,geo_4,5500000,613040.78,102.158,16781.0,1380239,5292.55,928770,7891.19,1292137,7414.63,1389048,16750.6,527580
2023-10-16,geo_4,5500000,668714.68,105.071,15654.72,1312799,3629.59,688550,22728.92,3006162,5968.61,1265465,18238.97,565036
2023-10-23,geo_4,5500000,587848.07,104.33,15109.99,1425755,4929.27,853430,15725.24,2655981,8146.42,1525369,18482.25,639002
2023-10-30,geo_4,5500000,641042.18,102.69,13444.74,1196643,4935.48,871503,14624.15,2199032,8756.99,1733908,16706.18,584651
2023-11-06,geo_4,5500000,671499.52,101.582,54250.28,4820513,3746.42,561955,8134.76,1368420,6004.65,1088563,20366.84,767911
2023-11-13,geo_4,5500000,810005.82,100.833,54989.63,4615626,4605.04,722960,7168.78,1082841,21687.38,4235000,21756.42,833932
2023-11-20,geo_4,5500000,855994.81,101.254,57959.91,5183000,5038.54,850887,8158.37,1132171,19907.24,4171679,39167.76,1405146
2023-11-27,geo_4,5500000,793620.55,102.642,53702.57,4341047,4572.21,772454,7633.12,1256273,16792.61,3714259,37721.66,1393889
2023-12-04,geo_4,5500000,715566.15,103.043,15022.71,1230917,4430.1,717977,7914.53,1210084,6739.72,1338951,19851.97,688202
2023-12-11,geo_4,5500000,739624.59,102.392,16512.75,1361447,4676.87,903096,7079.34,1030058,17383.58,3005217,18782.17,668315
2023-12-18,geo_4,5500000,716168.45,100.778,12581.87,1051460,4390.72,693019,7246.64,1158210,16147.56,3304679,23515.4,776157
2023-12-25,geo_4,5500000,802838.94,100.955,13802.51,1061687,4669.88,847981,10178.49,1627937,16886.14,3251845,16365.14,627635
2024-01-01,geo_4,5500000,726157.62,100.723,12402.53,1186486,4743.39,803164,9005.32,1274510,7475.2,1546466,19834.29,714049
2024-01-08,geo_4,5500000,737067.41,99.212,19527.37,1597820,5465.52,947677,16174.3,2465011,8326.58,1818043,17789.02,613020
2024-01-15,geo_4,5500000,787226.37,99.083,19442.4,1471294,22542.35,3637211,18875.87,2941874,6862.14,1377080,17723.65,572553
2024-01-22,geo_4,5500000,723162.23,98.657,15870.16,1446364,18276.87,2867441,22188.09,3193137,7940.46,1578020,16046.78,527400
2024-01-29,geo_4,5500000,811142.81,100.064,15466.89,1308236,18972.04,3489556,7545.12,1030789,7591.42,1451733,18190.65,709708
2024-02-05,geo_4,5500000,712172.59,98.83,12976.62,1142633,17621.56,3110460,17248.58,2582900,7855.72,1579315,19971.81,783184
2024-02-12,geo_4,5500000,723249.52,99.473,16763.89,1380136,5306.65,877104,21490.69,2965838,7028.49,1434797,17666.91,596393
2024-02-19,geo_4,5500000,715109.82,99.237,15598.24,1185129,5334.47,829789,22215.25,3638254,8044.6,1634019,15228.52,541027
2024-02-26,geo_4,5500000,840207.5,99.381,16432.64,1503392,4272.45,707311,7563.78,1081733,7979.03,1599481,18439.22,600221
2024-03-04,geo_4,5500000,778932.37,97.55,16755.26,1372703,4475.96,745298,7764.38,1135272,6836.88,1451230,16902.75,600157
2024-03-11,geo_4,5500000,732030.45,96.922,12006.47,955159,4380.6,721347,7555.87,1201675,8351.03,1803262,18417.44,696292
2024-03-18,geo_4,5500000,819143.63,97.507,14184.71,1232230,4273.29,773530,9850.62,1446691,7892.45,1602513,20086.66,762186
2024-03-25,geo_4,5500000,775250.91,97.658,16267.24,1315118,16368.87,2880630,25601.16,3983957,7004.92,1299010,17283.5,569280
2024-04-01,geo_4,5500000,731793.28,98.357,16694.28,1371013,19791.66,3817697,20318.19,2739831,8225.55,1726647,17096.36,615163
2024-04-08,geo_4,5500000,718876.74,95.408,13701.67,1272613,16100.17,2614668,17849.1,2777110,6620.48,1370899,20296.71,782292
2024-04-15,geo_4,5500000,685441.26,93.708,16490.3,1400793,15872.88,2521525,8630.47,1373269,6919.82,1368791,18783.18,667903
2024-04-22,geo_4,5500000,725098.0,98.938,62088.23,5058522,4754.28,815628,8870.43,1407493,5785.28,1168860,15297.55,571023
2024-04-29,geo_4,5500000,762349.78,96.912,56711.78,5475750,17843.45,2953200,8830.15,1273622,5518.54,1086429,12803.24,456650
2024-05-06,geo_4,5500000,929815.54,98.845,75430.44,6501531,16634.71,2637977,7382.06,1082236,8469.73,1697157,15818.44,558939
2024-05-13,geo_4,5500000,902220.14,98.3,58965.94,4500551,18234.28,3105598,7711.03,1056440,6393.15,1252655,31893.52,1179508
2024-05-20,geo_4,5500000,845968.46,98.801,13863.97,1228077,15255.33,2548971,7245.85,1152921,14664.43,3400299,35618.64,1157723
2024-05-27,geo_4,5500000,758400.32,100.147,20029.33,1717608,5340.64,846825,7568.67,1104635,16427.09,3293599,16625.66,553471
2024-06-03,geo_4,5500000,737417.16,101.728,19640.37,1714858,5096.78,898784,8164.41,1156485,17130.72,3011212,16110.95,531808
2024-06-10,geo_4,5500000,716580.62,104.367,16303.38,1356945,6196.91,1068111,7529.88,1058962,6272.13,1261964,19353.72,652705
2024-06-17,geo_4,5500000,796268.59,104.122,17108.2,1470457,6679.89,1139435,10346.55,1387302,6521.43,1163428,15778.42,527144
2024-06-24,geo_4,5500000,754766.64,102.509,13198.98,1164823,4274.19,654376,8371.69,1289095,8186.95,1936859,16953.09,598685
2024-07-01,geo_4,5500000,734971.78,103.555,57121.29,4953295,4767.89,727402,7584.43,1093584,7563.6,1352658,20759.54,732893
2024-07-08,geo_4,5500000,858999.1,102.503,62572.92,5553709,15895.67,2551145,8516.02,1444724,14733.47,2626349,16872.0,606976
2024-07-15,geo_4,5500000,771540.18,101.978,68831.82,5943231,19048.01,3595327,8910.21,1219754,13839.71,2785228,14346.39,469606
2024-07-22,geo_4,5500000,856760.52,99.646,66922.23,5734476,16671.23,2801261,9925.45,1431337,18767.73,3637703,13366.92,484654
2024-07-29,geo_4,5500000,751691.12,98.239,13525.76,1049854,16191.56,2728531,7941.52,1234360,7564.32,1490440,17153.53,626322
2024-08-05,geo_4,5500000,800373.17,100.046,69835.75,5705369,4851.68,803271,8255.68,1254655,6854.48,1450552,17225.09,612149
2024-08-12,geo_4,5500000,826136.63,98.252,57251.17,4827891,14441.97,2432634,8768.12,1259663,7008.32,1355064,19476.91,616033
2024-08-19,geo_4,5500000,722851.1,101.116,66639.08,5023935,18314.2,2971773,9431.8,1530765,7825.69,1484090,13569.05,472353
2024-08-26,geo_4,5500000,779617.78,102.297,92411.03,8076528,18964.88,3231835,10185.64,1499622,8037.74,1709219,14887.95,545510
2024-09-02,geo_4,5500000,717055.53,103.695,19073.29,1656501,16092.09,2742334,12383.92,1972529,8087.57,1621860,15060.58,509160
2024-09-09,geo_4,5500000,687481.43,99.449,16123.73,1357589,3762.31,671841,11291.58,1537080,7053.65,1358749,17175.04,584118
2024-09-16,geo_4,5500000,683568.67,99.379,18833.42,1622597,4583.16,784601,8548.42,1311597,6715.14,1404439,15021.55,549233
2024-09-23,geo_4,5500000,662772.6,99.655,16852.9,1525264,4769.86,843619,6542.93,977050,6479.77,1262807,13625.53,496002
2024-09-30,geo_4,5500000,662115.4,101.525,17259.48,1531300,4050.22,735328,17254.11,2404781,6450.28,1310614,19056.63,650588
2024-10-07,geo_4,5500000,617720.04,101.518,15512.22,1256927,5134.69,929406,18727.68,2973143,6916.62,1376224,14096.92,516819
2024-10-14,geo_4,5500000,653097.4,103.478,16238.02,1393960,5320.62,840814,21598.57,3082178,8297.24,1697834,15605.14,541930
2024-10-21,geo_4,5500000,665364.42,102.681,16252.4,1368396,4645.67,851097,9236.33,1391124,6811.13,1270835,13263.28,461160
2024-10-28,geo_4,5500000,670838.07,101.815,18475.0,1444412,5120.39,898316,7201.98,1108266,15176.08,3028950,17191.52,614526
2024-11-04,geo_4,5500000,599468.58,104.818,21064.19,1730113,5186.48,948212,9003.62,1464116,17166.11,3484438,13026.29,444152
2024-11-11,geo_4,5500000,672592.65,103.213,16402.67,1403936,5221.6,1004695,9602.97,1340154,19344.63,3960007,17852.14,634110
2024-11-18,geo_4,5500000,725919.21,102.422,62492.26,5706759,4529.2,812348,15664.37,2362468,6686.51,1257010,18787.77,685756
2024-11-25,geo_4,5500000,870962.7,101.645,51857.78,4629260,14709.3,2371703,17682.69,2932434,8286.82,1711634,13568.73,441367
2024-12-02,geo_4,5500000,822954.38,100.97,72809.69,6043593,25042.62,4763917,26477.39,3658799,7127.35,1680346,18311.54,660276
2024-12-09,geo_4,5500000,842136.45,102.121,63802.95,5850221,19534.87,3225579,8486.17,1265034,7097.95,1341661,33583.46,1180251
2024-12-16,geo_4,5500000,783026.69,103.257,20446.08,1656301,22545.98,3667751,8861.29,1317780,10006.46,2138249,30903.45,1211865
2024-12-23,geo_4,5500000,900178.67,100.536,16404.91,1508863,5040.54,876981,14062.12,2262455,7948.12,1647069,20270.69,749861
2024-12-30,geo_4,5500000,750600.26,101.219,19251.69,1654947,6221.98,1099265,9218.75,1254478,7724.7,1476617,16361.83,544341
2025-01-06,geo_4,5500000,739582.78,101.044,13743.79,1195938,5187.9,912302,21545.02,3224069,8412.97,1678408,16782.74,582979
2025-01-13,geo_4,5500000,776875.92,101.124,14323.12,1197743,4039.0,676832,15754.36,2523539,8509.74,1672848,17100.86,577736
2025-01-20,geo_4,5500000,858112.41,104.415,14929.26,1282336,4685.12,793379,21213.23,3089644,8460.75,1780181,15630.9,542683
2025-01-27,geo_4,5500000,765177.7,103.851,14890.5,1213374,4843.86,904870,8853.09,1326946,9099.56,1640791,16261.24,514678
2025-02-03,geo_4,5500000,822428.89,100.898,16410.17,1322242,4622.41,690182,7961.04,1251151,7326.06,1337415,16693.22,552627
2025-02-10,geo_4,5500000,877813.98,102.985,16345.03,1433988,4969.86,841165,9958.42,1544907,8680.62,1635086,14064.39,506266
2025-02-17,geo_4,5500000,705059.2,102.008,13185.54,1122516,4390.11,747340,7442.63,1126879,7515.16,1548145,13317.18,455266
2025-02-24,geo_4,5500000,776670.8,99.139,13269.71,1015506,3857.35,682532,9865.72,1532927,19253.88,3652666,16307.02,564817
2025-03-03,geo_4,5500000,753682.98,99.106,13336.0,1096268,4019.54,727597,8805.29,1264343,15895.06,2995421,14894.43,590239
2025-03-10,geo_4,5500000,714628.09,98.885,15963.11,1214996,4769.73,851109,7938.0,1222991,15828.8,3079804,14151.8,534485
2025-03-17,geo_4,5500000,710036.53,101.361,13749.24,1073262,4704.94,798604,23151.02,3270963,7727.27,1497732,15320.07,499508
2025-03-24,geo_4,5500000,725513.51,100.528,14956.33,1157729,4867.56,873848,25732.71,3491326,6883.49,1426378,15485.47,505958
2025-03-31,geo_4,5500000,728923.28,102.72,15911.73,1346313,4154.2,672966,23585.51,3624965,6822.06,1362672,19279.22,594110
2025-04-07,geo_4,5500000,701458.71,100.57,16103.93,1491017,4814.4,766096,7369.43,1114800,7559.29,1508571,16645.35,557801
2025-04-14,geo_4,5500000,692664.27,102.005,13038.41,1057721,4183.21,679580,9450.39,1361178,14440.06,2841561,13841.23,487389
2025-04-21,geo_4,5500000,725413.64,102.631,21031.1,1809326,4453.42,693621,8039.03,1193333,17872.77,3764888,15874.34,564212
2025-04-28,geo_4,5500000,742648.03,100.943,17495.94,1522452,4014.88,671657,9218.05,1335307,18346.81,3779857,14671.39,475535
2025-05-05,geo_4,5500000,827669.56,99.931,15203.62,1318318,4025.84,742755,22808.05,3234493,6990.46,1298983,30293.56,1080393
2025-05-12,geo_4,5500000,850294.24,100.655,16569.14,1418589,4634.52,724416,20050.71,2862096,7575.44,1532578,32173.57,1154533
2025-05-19,geo_4,5500000,712853.11,100.378,15869.71,1568864,4042.92,682517,23072.32,3111336,6854.19,1426882,14002.98,486513
2025-05-26,geo_4,5500000,728038.44,96.385,17338.79,1572529,4234.58,765629,6986.91,981938,7446.98,1531886,12679.18,451870
2025-06-02,geo_4,5500000,790793.35,97.875,61974.79,5181541,3639.32,593866,8169.82,1251309,6647.98,1335517,14973.06,542064
2025-06-09,geo_4,5500000,837629.69,97.332,88625.18,7648535,18009.78,3291655,6738.06,896361,6662.9,1419132,12471.85,409776
2025-06-16,geo_4,5500000,870316.81,97.346,64863.51,4879996,17268.29,2741748,8102.62,1241450,7508.33,1492005,31055.9,1086136
2025-06-23,geo_4,5500000,861052.86,98.408,66665.54,5502934,18584.13,3072369,8179.02,1131403,7287.16,1553663,27288.03,1065114
2025-06-30,geo_4,5500000,824305.45,98.221,15600.59,1420922,14740.65,2586349,7565.79,1236559,7520.59,1565623,36165.82,1244631
2025-07-07,geo_4,5500000,837124.15,96.278,18600.58,1714872,5333.14,896268,22987.6,3574853,8299.84,1672120,37749.92,1370151
2025-07-14,geo_4,5500000,770404.0,98.632,81172.98,6882092,5903.76,1075184,17427.32,2640230,7356.04,1438171,15173.77,536321
2025-07-21,geo_4,5500000,906151.72,95.453,72104.58,5880705,4563.0,781852,24812.94,3423898,19737.52,3726325,16963.11,617549
2025-07-28,geo_4,5500000,790579.02,97.592,67218.41,5218672,5446.87,986126,8578.97,1227507,17711.97,3309931,14928.92,506601
2025-08-04,geo_4,5500000,849155.53,98.568,75266.43,6339318,4911.04,815840,8596.48,1237879,20528.34,4127928,15878.14,566255
2025-08-11,geo_4,5500000,806016.58,96.651,17996.89,1530915,4208.24,760736,8151.52,1110088,7438.66,1459967,19034.58,645721
2025-08-18,geo_4,5500000,731603.46,97.736,21178.88,1753613,5571.11,915833,7666.74,1228259,16148.18,3352601,14544.3,527250
2025-08-25,geo_4,5500000,818780.78,95.448,84476.45,7011091,4686.08,740045,8221.6,1241107,19836.98,3814735,15592.08,476340
2025-09-01,geo_4,5500000,804672.21,93.673,88982.82,7996158,4841.38,789301,7064.26,1138522,17295.57,3398016,13878.25,490050
2025-09-08,geo_4,5500000,868491.17,94.174,86335.18,7315101,6084.99,1028545,14500.11,2244884,8096.71,1491504,16784.67,657386
2025-09-15,geo_4,5500000,747342.94,95.233,83877.11,6714481,6201.35,953806,19811.74,3177699,9015.05,1755039,13820.14,470885
2025-09-22,geo_4,5500000,832605.44,94.322,22219.86,2079146,5333.05,882823,17647.82,2458803,8466.17,1710472,12153.52,451334
2025-09-29,geo_4,5500000,784234.09,95.043,23257.9,1931832,5663.37,1001818,9780.21,1339640,7106.68,1449351,14414.13,483916
2025-10-06,geo_4,5500000,725387.71,97.184,71605.03,5937969,5183.67,904992,21162.02,3120394,9452.34,2192203,13586.16,456477
2025-10-13,geo_4,5500000,738676.77,98.642,75387.65,7140775,20758.57,3443481,21816.56,3329170,16124.77,3532785,14006.52,523605
2025-10-20,geo_4,5500000,737887.01,100.109,64988.03,5692883,19762.17,3161578,17807.07,2662878,14472.52,2832098,14654.87,483362
2025-10-27,geo_4,5500000,633519.28,101.968,66120.42,5816629,14776.73,2477491,9383.67,1324845,25049.78,5668978,15794.87,573152
2025-11-03,geo_4,5500000,783375.98,103.22,15299.1,1419507,16678.95,2780491,20931.77,3390104,7905.02,1499894,13248.45,479676
2025-11-10,geo_4,5500000,682261.42,103.577,18077.4,1616902,4762.77,840551,19458.68,2877153,9013.87,1754918,26318.53,916983
2025-11-17,geo_4,5500000,751347.08,102.316,64040.65,5058360,4289.39,801388,19944.33,2860886,7857.33,1535462,27979.39,995895
2025-11-24,geo_4,5500000,998055.41,103.045,49517.12,4106069,15289.19,2576168,8588.52,1390791,9347.43,1921629,13729.14,478634
2025-12-01,geo_4,5500000,828912.16,100.284,59652.42,5230133,16365.74,2583009,10901.96,1493225,8378.32,1560783,15444.64,608770
2025-12-08,geo_4,5500000,808732.62,99.095,53882.75,4157435,12547.01,1928798,26742.53,3734873,25000.14,5811367,42997.07,1458117
2025-12-15,geo_4,5500000,811663.07,99.346,15081.19,1231330,14015.84,2211007,24699.29,3908457,19006.27,4322787,35460.42,1177746
2025-12-22,geo_4,5500000,929408.57,101.361,15807.15,1288440,4301.8,788270,21896.9,3267626,22735.07,4714983,16766.85,613860
2023-01-02,geo_5,4500000,619073.4,99.849,14340.74,1118175,3967.62,610980,15944.31,2158062,4785.99,1003754,15603.34,542040
2023-01-09,geo_5,4500000,621545.59,98.471,12001.97,991066,3327.72,555884,18595.67,2322090,12520.82,2352421,13151.97,478791
2023-01-16,geo_5,4500000,600708.73,100.906,15712.02,1212616,4232.5,676887,6589.02,861480,13722.87,2755816,14949.93,588878
2023-01-23,geo_5,4500000,628597.96,99.947,15214.17,1181533,2856.13,450370,6033.53,832812,10793.56,2238813,29585.23,1064507
2023-01-30,geo_5,4500000,711647.42,98.258,53840.92,4165274,3251.58,584557,6239.08,980434,5566.93,1080431,29496.27,1173762
2023-02-06,geo_5,4500000,679974.89,99.551,59450.78,5112642,13039.54,2376198,6179.05,788297,4420.3,907701,15462.85,536294
2023-02-13,geo_5,4500000,645886.75,101.19,71631.14,5539138,12678.16,2074560,6676.91,834027,4342.1,902978,13670.77,485156
2023-02-20,geo_5,4500000,646778.76,101.184,55568.21,4377058,14223.27,2331540,8189.61,1093687,5101.43,1100722,14216.83,527143
2023-02-27,geo_5,4500000,629606.59,100.051,15404.93,1209991,11321.93,1985168,19765.35,2550989,4336.57,982063,16417.94,518503
2023-03-06,geo_5,4500000,603991.99,102.904,16453.29,1326621,3701.71,645120,14947.56,2006002,5451.19,1116494,14898.27,547253
2023-03-13,geo_5,4500000,579111.89,101.138,14644.14,1187835,3673.72,607835,15274.33,1946057,5246.92,995649,15072.09,538506
2023-03-20,geo_5,4500000,571823.27,103.4,15087.89,1222039,3656.48,601128,7595.78,1055119,4901.92,1086307,14320.61,492949
2023-03-27,geo_5,4500000,661635.77,101.681,16394.46,1175007,3589.1,580516,5855.65,769066,4647.4,997708,25798.03,952118
2023-04-03,geo_5,4500000,633522.17,102.549,15547.75,1206466,2950.3,493079,6830.45,905557,4802.77,927880,30230.13,1016323
2023-04-10,geo_5,4500000,577467.63,103.571,15851.68,1230332,12795.58,2184884,6138.67,807414,5446.82,1057569,13000.81,430377
2023-04-17,geo_5,4500000,575996.98,105.959,17500.0,1420337,11592.83,1919409,6088.45,766052,6028.98,1284725,11041.96,420394
2023-04-24,geo_5,4500000,566840.95,104.447,19759.48,1530414,16092.71,2733233,6614.28,896301,10755.32,2174757,13393.59,455165
2023-05-01,geo_5,4500000,590503.85,105.131,15873.3,1176948,12502.25,1991110,7001.88,869113,9844.48,2169069,23651.7,827623
2023-05-08,geo_5,4500000,580424.37,103.731,14266.41,1102379,2932.12,553971,8170.95,961225,11633.86,2397000,30230.8,1121989
2023-05-15,geo_5,4500000,635296.75,102.224,21143.74,1811681,4674.88,813990,6318.69,804214,5115.64,965397,11729.57,445463
2023-05-22,geo_5,4500000,584465.7,104.529,15947.99,1299958,4226.67,708205,21043.23,2477393,5402.33,1113139,13144.48,448732
2023-05-29,geo_5,4500000,580165.7,104.297,10679.96,869244,3090.51,553084,18410.68,2671268,5490.92,1099599,12461.9,435415
2023-06-05,geo_5,4500000,598674.66,103.142,11888.15,900786,3123.78,498745,17892.32,2288020,4716.21,1005267,13392.05,457906
2023-06-12,geo_5,4500000,545626.55,101.346,10133.53,787685,2730.38,420427,6740.83,964781,4607.45,990566,12219.79,399274
2023-06-19,geo_5,4500000,587080.62,101.136,13863.8,1015058,3411.9,558583,6013.82,742094,4448.62,980025,12168.76,434974
2023-06-26,geo_5,4500000,582830.4,100.658,10289.53,900488,3690.72,564922,7463.81,947104,5852.74,1201072,13892.62,506994
2023-07-03,geo_5,4500000,585494.6,99.176,44361.77,3401977,3791.49,600628,6612.24,806296,5197.99,960916,10231.61,335786
2023-07-10,geo_5,4500000,595454.63,101.961,58791.38,4432585,12731.34,1882584,6903.12,1027596,5703.72,1098099,12049.2,425930
2023-07-17,geo_5,4500000,604189.79,101.892,43667.18,3268909,13429.5,2182562,6842.26,937345,5733.16,1250247,10378.82,374624
2023-07-24,geo_5,4500000,628321.82,101.523,49308.38,3902286,11697.91,2153152,5411.95,724980,5782.67,1080355,26540.34,964130
2023-07-31,geo_5,4500000,572719.59,102.565,12919.17,929998,15196.44,2552461,6746.56,910762,4950.7,1054205,26927.38,941833
2023-08-07,geo_5,4500000,580602.2,102.921,14188.21,1132110,4737.35,794936,18281.74,2337330,5329.53,1051705,15079.76,588012
2023-08-14,geo_5,4500000,562082.35,106.3,60239.94,5821183,3868.57,618288,18427.1,2577285,12176.38,2574015,14281.45,556354
2023-08-21,geo_5,4500000,634214.6,103.769,61408.63,4642851,17185.9,2778656,17971.48,2579787,14705.45,3426954,14154.68,456164
2023-08-28,geo_5,4500000,558497.46,104.083,45664.4,3793337,13073.82,2369169,7033.14,951783,13511.25,2484369,12610.82,442616
2023-09-04,geo_5,4500000,509049.82,104.797,53259.73,3979390,15759.88,2752708,6253.51,837870,6300.1,1188622,12754.52,468973
2023-09-11,geo_5,4500000,557260.12,105.979,10906.04,910548,14172.33,2099197,6914.45,905400,6548.12,1229332,15550.23,604492
2023-09-18,geo_5,4500000,502241.32,103.981,12892.02,1040054,4294.95,720541,6303.14,851792,6833.43,1265111,14900.77,546269
2023-09-25,geo_5,4500000,500819.27,105.061,12199.9,966599,3828.44,668032,6693.95,885872,6236.58,1406548,12909.06,444587
2023-10-02,geo_5,4500000,479183.75,101.473,16078.31,1287492,5094.04,924079,6513.7,837425,5890.46,1254568,15034.89,535578
2023-10-09,geo_5,4500000,465386.56,102.158,13620.3,1129846,3917.66,687638,6268.29,872448,5455.66,1107978,12257.23,435479
2023-10-16,geo_5,4500000,484872.54,105.071,12667.42,1049823,2881.09,495214,20343.94,3057688,4837.64,984478,12297.78,478406
2023-10-23,geo_5,4500000,501596.26,104.33,13697.88,1069130,4043.29,621128,14465.61,1887358,6557.86,1488831,13419.04,475944
2023-10-30,geo_5,4500000,520913.03,102.69,12629.97,954550,3945.78,651317,13311.61,2036417,7031.59,1504275,11070.92,435000
2023-11-06,geo_5,4500000,572182.25,101.582,52897.67,4544324,3019.22,511445,7167.11,974233,5021.44,1003476,13861.63,486767
2023-11-13,geo_5,4500000,613772.5,100.833,53163.96,4073076,3717.83,638852,6402.25,848052,18040.75,3582376,13215.02,495048
2023-11-20,geo_5,4500000,676352.12,101.254,57398.34,4768000,4349.49,679979,6914.49,922840,16281.43,3310602,24420.54,763420
2023-11-27,geo_5,4500000,578337.18,102.642,51386.41,3902686,3726.52,569805,7112.66,961371,14109.07,2951157,22932.2,753927
2023-12-04,geo_5,4500000,602011.66,103.043,13994.63,1061751,3542.06,624339,6895.93,1026337,5202.98,1089699,12129.3,395176
2023-12-11,geo_5,4500000,609895.5,102.392,15804.89,1246098,3792.15,645165,6386.26,829834,12210.13,2488357,13417.48,479233
2023-12-18,geo_5,4500000,616250.26,100.778,11632.77,916724,3582.94,640656,6531.29,861712,10758.72,1975090,16154.31,591933
2023-12-25,geo_5,4500000,619340.6,100.955,12727.97,1127903,3284.96,536789,9381.71,1384715,11266.42,2188368,12470.52,439310
2024-01-01,geo_5,4500000,568752.75,100.723,11548.58,818300,3268.48,519469,8610.09,1095782,4607.35,895787,15414.43,536419
2024-01-08,geo_5,4500000,624426.91,99.212,17532.65,1362773,4081.74,652517,16223.95,2068044,5078.09,931196,14291.99,524106
2024-01-15,geo_5,4500000,625499.86,99.083,15707.13,1186354,18262.53,3125604,16389.36,2304142,4024.31,823990,14772.76,550752
2024-01-22,geo_5,4500000,598806.54,98.657,14021.07,1102301,14651.56,2747770,21161.43,2640659,4623.98,971210,12759.54,428138
2024-01-29,geo_5,4500000,587443.61,100.064,13073.98,997064,15303.51,2657044,7047.34,914230,4580.15,1001243,14807.12,561434
2024-02-05,geo_5,4500000,621583.33,98.83,11293.74,835621,14812.51,2629026,14538.17,2329057,5159.57,1045252,18254.75,608054
2024-02-12,geo_5,4500000,619256.21,99.473,14594.52,1182538,4194.4,661449,18603.73,2536943,4868.81,996313,14221.63,483520
2024-02-19,geo_5,4500000,604029.89,99.237,13664.58,1125284,4208.56,730988,19559.83,2288785,5183.26,1073590,12159.92,434287
2024-02-26,geo_5,4500000,591486.82,99.381,14576.3,1136868,3507.23,526781,7154.06,897873,5818.91,1231732,13977.16,497883
2024-03-04,geo_5,4500000,599130.17,97.55,13085.42,1172105,3817.09,629020,7626.02,980898,5278.37,1122347,12178.7,404610
2024-03-11,geo_5,4500000,646515.1,96.922,9404.48,694783,3672.94,529537,7088.02,902729,7111.85,1343792,12538.86,474282
2024-03-18,geo_5,4500000,656600.88,97.507,10923.62,967460,3648.47,647230,8237.51,1059116,6672.51,1362573,14323.07,551452
2024-03-25,geo_5,4500000,605697.35,97.658,12203.36,967917,14138.13,2357759,20655.13,2634286,6076.95,1325267,12486.82,423614
2024-04-01,geo_5,4500000,648330.34,98.357,13904.71,1046951,16188.2,2667625,18173.79,2385008,7729.94,1675445,13926.69,474118
2024-04-08,geo_5,4500000,624105.87,95.408,11981.98,913451,12430.76,2078683,16044.49,2458970,5845.73,1189366,16926.47,587932
2024-04-15,geo_5,4500000,586730.26,93.708,14680.8,1184504,12307.74,2183882,7161.46,941378,6155.93,1223309,16201.93,586684
2024-04-22,geo_5,4500000,611814.87,98.938,55511.23,4368672,3615.56,617890,6568.16,966092,5539.58,1114055,14592.54,533505
2024-04-29,geo_5,4500000,639387.29,96.912,48480.55,4060006,13756.32,2232902,6643.96,942784,5007.4,954271,12029.07,427406
2024-05-06,geo_5,4500000,671692.42,98.845,60006.82,5023288,14206.96,2560822,5805.04,791098,7278.75,1535890,14294.46,548833
2024-05-13,geo_5,4500000,685318.49,98.3,47807.39,3798413,15413.04,2678504,6048.56,827028,5957.98,1171500,28986.18,1001985
2024-05-20,geo_5,4500000,713992.86,98.801,11300.85,849686,13559.59,2101537,5863.43,770403,12639.45,2595741,29649.66,1155416
2024-05-27,geo_5,4500000,637992.5,100.147,15081.36,1146991,4571.95,771907,5662.84,722937,14067.1,2347023,14165.22,514213
2024-06-03,geo_5,4500000,631066.36,101.728,14703.36,1144625,4476.76,717920,6394.07,954997,15059.0,3118768,13077.37,508979
2024-06-10,geo_5,4500000,588096.06,104.367,12405.86,1025222,4948.29,841352,6118.5,820364,5379.78,1102609,15187.16,604337
2024-06-17,geo_5,4500000,561559.29,104.122,13226.26,1127619,5264.81,951835,7726.02,1021378,5770.4,1162806,13255.17,503561
2024-06-24,geo_5,4500000,607646.42,102.509,10957.72,811703,3219.89,527800,6585.16,901519,6902.06,1357002,14761.7,527214
2024-07-01,geo_5,4500000,663800.78,103.555,44137.62,3616703,3583.34,631301,7148.49,930632,6613.15,1519615,16502.44,674833
2024-07-08,geo_5,4500000,596997.65,102.503,50686.39,4003666,13236.33,2436658,8120.78,945509,14625.95,3032408,13905.45,461722
2024-07-15,geo_5,4500000,638266.58,101.978,47708.9,3953732,17095.29,2986959,9545.88,1325933,12522.46,2825345,13182.19,461472
2024-07-22,geo_5,4500000,675166.85,99.646,47948.22,3809804,15507.68,2458933,9666.63,1371906,17437.14,3428352,12578.4,474752
2024-07-29,geo_5,4500000,614777.53,98.239,8768.44,631589,15826.95,2549151,7621.5,991172,7181.54,1402642,15202.45,489375
2024-08-05,geo_5,4500000,612364.22,100.046,49789.6,3363626,4534.18,785426,7447.76,1015076,5856.57,1161925,13895.23,494376
2024-08-12,geo_5,4500000,645880.84,98.252,39982.85,2926053,12756.63,2070384,6968.09,980767,5844.61,1105537,15417.62,553389
2024-08-19,geo_5,4500000,598875.8,101.116,45028.39,3650727,17945.43,3213670,7732.94,1047737,6963.55,1390936,11178.68,413310
2024-08-26,geo_5,4500000,566341.38,102.297,65650.59,5339299,18713.14,3516407,7640.42,1087114,7161.91,1365849,11882.69,460254
2024-09-02,geo_5,4500000,613978.81,103.695,13582.89,1001757,15938.18,2652724,9280.72,1422313,7106.46,1307359,12346.5,406948
2024-09-09,geo_5,4500000,609742.94,99.449,11323.21,836576,3459.87,575395,9018.65,1182294,6021.33,1242131,12648.55,491891
2024-09-16,geo_5,4500000,589589.54,99.379,12095.02,906731,4485.52,737687,6994.42,956548,5297.57,1077907,11850.69,423123
2024-09-23,geo_5,4500000,526810.24,99.655,11072.38,796554,4345.68,729576,5844.75,791228,5176.18,1052483,10555.5,418283
2024-09-30,geo_5,4500000,524445.61,101.525,11079.58,881393,3634.63,551312,16159.13,2040461,4822.5,925157,14228.53,522385
2024-10-07,geo_5,4500000,552642.02,101.518,10862.73,880428,4493.52,849438,17186.49,2351351,5355.56,994487,11011.41,436409
2024-10-14,geo_5,4500000,562771.59,103.478,11072.3,914480,4210.98,710532,19362.91,2492462,6221.63,1234882,11446.29,382144
2024-10-21,geo_5,4500000,570762.32,102.681,11931.02,914794,3738.14,708260,8777.03,1102608,5167.63,999583,10032.68,351499
2024-10-28,geo_5,4500000,548562.05,101.815,13060.46,972095,4243.59,636305,7100.0,932305,11559.11,2223748,14098.39,554146
2024-11-04,geo_5,4500000,525014.38,104.818,15448.25,1328039,4387.8,752043,9011.12,1243543,12143.51,2585369,10182.65,397341
2024-11-11,geo_5,4500000,534281.13,103.213,12978.35,1095670,4119.61,689856,8852.52,1129736,13546.86,2790432,12342.07,434434
2024-11-18,geo_5,4500000,558145.78,102.422,52631.72,4097490,3269.57,578851,15821.1,2034466,4628.04,925939,12903.32,471492
2024-11-25,geo_5,4500000,721207.82,101.645,43688.64,3610905,10611.81,1639717,18310.51,2461507,5351.31,1003625,9943.64,342349
2024-12-02,geo_5,4500000,662706.61,100.97,62349.92,5288989,17548.63,2995181,26143.19,3752791,5100.89,1103599,13300.7,474575
2024-12-09,geo_5,4500000,694421.73,102.121,53446.44,4514356,13379.43,1939095,8300.6,1186334,4583.41,875878,25220.06,981272
2024-12-16,geo_5,4500000,664278.29,103.257,16393.28,1295868,17323.15,2802811,8604.49,1053128,6059.34,1273099,22393.63,817213
2024-12-23,geo_5,4500000,711400.84,100.536,13285.88,1151997,3648.76,643880,13555.38,1772314,5127.07,1020401,15527.94,514193
2024-12-30,geo_5,4500000,662149.54,101.219,15590.75,1277622,4463.32,761951,8501.87,1140491,4625.04,1007475,14228.37,453819
2025-01-06,geo_5,4500000,631482.67,101.044,12491.49,1021956,3483.03,559545,20245.42,2671161,5060.73,1001017,15071.02,547554
2025-01-13,geo_5,4500000,656891.38,101.124,11886.11,983420,2946.61,490429,15362.81,2184524,4471.67,901268,14812.49,575108
2025-01-20,geo_5,4500000,590238.88,104.415,11721.83,950005,3100.84,522592,18552.85,2464181,4756.19,1032375,13867.25,497766
2025-01-27,geo_5,4500000,641167.96,103.851,10983.09,862362,3394.19,586873,7820.1,1025759,5477.22,1099306,15031.38,507845
2025-02-03,geo_5,4500000,703754.26,100.898,11728.82,882183,3662.7,631511,7058.55,918741,4502.53,841487,13809.12,504250
2025-02-10,geo_5,4500000,606174.24,102.985,12082.04,971236,4091.11,687561,9220.24,1302161,5548.92,1031907,12796.34,507822
2025-02-17,geo_5,4500000,652167.62,102.008,9857.05,751821,3220.39,524327,6577.84,910343,4807.07,905647,12810.99,460524
2025-02-24,geo_5,4500000,667002.64,99.139,11445.03,965194,2636.49,488887,8300.57,1179138,11502.23,2402460,15306.61,563742
2025-03-03,geo_5,4500000,681860.25,99.106,11791.04,874469,3010.11,496444,7755.35,1016048,10306.66,2204746,13869.1,468217
2025-03-10,geo_5,4500000,685942.98,98.885,13615.26,1026341,3758.61,601278,6637.4,939511,10892.99,2401497,12945.95,468362
2025-03-17,geo_5,4500000,563381.12,101.361,11832.07,959324,3600.99,561349,18549.92,2531007,5719.1,1298567,13165.26,473507
2025-03-24,geo_5,4500000,604213.56,100.528,13188.11,948974,3912.18,729593,21418.62,3010574,5723.52,1231940,13260.38,501603
2025-03-31,geo_5,4500000,637911.2,102.72,14191.69,1146410,3833.29,719038,19980.16,2971259,5587.1,1279723,16278.58,570956
2025-04-07,geo_5,4500000,659941.59,100.57,13270.12,972521,4228.23,694394,6042.57,796385,5880.04,1269824,14277.87,545071
2025-04-14,geo_5,4500000,644550.28,102.005,10121.19,716997,3332.56,558323,7642.52,1034403,11775.58,2606891,11610.88,408346
2025-04-21,geo_5,4500000,682285.79,102.631,17587.68,1438775,3765.79,679463,6306.07,837268,14228.27,2765778,13763.22,477202
2025-04-28,geo_5,4500000,609342.15,100.943,14561.89,1018689,3535.79,556033,7241.15,1111359,15212.25,2802806,13641.98,492889
2025-05-05,geo_5,4500000,645155.44,99.931,12319.8,1022568,3431.19,541061,19791.1,2785499,4984.49,1051207,26567.52,1002880
2025-05-12,geo_5,4500000,726701.14,100.655,13913.89,1070708,3924.69,722148,18648.97,2569249,5691.42,1239772,29437.39,1108972
2025-05-19,geo_5,4500000,631485.71,100.378,12763.16,976630,3432.01,539278,21011.87,2946963,5469.52,1181091,13378.01,506019
2025-05-26,geo_5,4500000,650538.34,96.385,13701.09,1173372,3833.04,587810,7065.61,941238,6465.0,1319098,12554.66,434362
2025-06-02,geo_5,4500000,636668.63,97.875,50094.13,3912393,3422.49,580609,8819.34,1142126,5861.92,1258042,15347.86,539938
2025-06-09,geo_5,4500000,710712.19,97.332,70281.25,6779241,16255.25,2560939,7543.14,886744,5037.04,1064558,14253.07,499859
2025-06-16,geo_5,4500000,699294.26,97.346,54335.57,4335882,15295.7,2515711,8761.51,1252165,5514.93,1189927,32686.42,1220319
2025-06-23,geo_5,4500000,663126.0,98.408,58346.97,4664807,16256.39,2884242,8174.61,1173784,5126.38,1017335,28593.65,948630
2025-06-30,geo_5,4500000,693111.86,98.221,12521.65,1049490,11962.59,2145473,7751.29,1044392,5679.94,1311045,37035.73,1448393
2025-07-07,geo_5,4500000,738039.36,96.278,14320.71,1127602,4882.01,881585,22800.27,2949050,6158.02,1345850,34548.39,1289477
2025-07-14,geo_5,4500000,668653.67,98.632,58421.5,4931907,5113.3,773489,15967.97,2098832,4890.03,1018946,13698.84,505429
2025-07-21,geo_5,4500000,644052.62,95.453,53042.9,3945605,4057.18,618173,20798.25,2606964,12823.97,2590602,16673.74,604823
2025-07-28,geo_5,4500000,637871.83,97.592,48234.74,3722592,4469.35,765472,7738.55,1077193,11463.01,2315812,13179.41,431700
2025-08-04,geo_5,4500000,721285.05,98.568,56920.38,4658938,4087.58,734958,8370.56,1083768,12641.49,2844120,13954.82,490657
2025-08-11,geo_5,4500000,665136.67,96.651,14313.92,1110357,3423.65,592541,8345.77,1100235,4300.02,940730,17475.5,625163
2025-08-18,geo_5,4500000,614301.08,97.736,15564.11,1120305,4888.48,801107,8231.74,1137435,10250.01,1966392,14892.18,519811
2025-08-25,geo_5,4500000,588213.96,95.448,57078.76,4162282,3846.36,663489,8947.0,1241831,13456.54,3020353,16068.0,571970
2025-09-01,geo_5,4500000,663108.3,93.673,58019.54,4583415,3812.09,708581,7179.32,951010,12525.94,2490729,14887.88,524644
2025-09-08,geo_5,4500000,673190.59,94.174,54346.52,4422503,4831.06,899640,14459.79,1732739,5568.59,1052186,17906.78,676785
2025-09-15,geo_5,4500000,674872.08,95.233,51554.69,4712899,4643.89,762998,20605.96,2501352,6717.95,1365543,16721.32,573439
2025-09-22,geo_5,4500000,628916.99,94.322,12616.61,983368,3761.94,594372,17583.82,2837092,6138.89,1253070,14479.4,514697
2025-09-29,geo_5,4500000,622018.61,95.043,15714.54,1310083,4018.25,738508,10173.77,1292272,5553.28,1192656,17891.07,697945
2025-10-06,geo_5,4500000,600538.68,97.184,53722.04,4751624,3740.02,600253,19396.59,2176433,7034.76,1454617,15539.71,546961
2025-10-13,geo_5,4500000,579056.13,98.642,57634.69,4388787,14325.57,2489051,19528.72,2647093,12323.17,2644106,15178.65,568129
2025-10-20,geo_5,4500000,620435.25,100.109,51370.95,3959467,12295.94,2416293,16561.63,2278790,11220.85,2303223,15783.99,532571
2025-10-27,geo_5,4500000,639527.9,101.968,51590.03,4336592,9584.93,1642870,8130.07,1038462,18593.86,3277553,16480.77,585057
2025-11-03,geo_5,4500000,671761.95,103.22,11430.18,899677,11557.08,2163070,15786.22,2388027,5593.15,1160525,13739.71,451748
2025-11-10,geo_5,4500000,617573.29,103.577,13031.07,1001400,3543.38,560165,14685.02,2035862,6398.39,1293475,27224.14,968531
2025-11-17,geo_5,4500000,596153.39,102.316,47592.83,3905830,3381.85,523929,13959.27,1933421,5461.5,1104490,29483.12,970373
2025-11-24,geo_5,4500000,709475.12,103.045,39950.6,3103923,11448.75,1964033,6012.85,821597,6632.48,1394308,13847.58,454830
2025-12-01,geo_5,4500000,634398.52,100.284,49068.45,3604642,13453.13,2394456,7745.6,1104410,6163.54,1259496,13713.57,427856
2025-12-08,geo_5,4500000,735410.27,99.095,43035.97,3159528,10228.06,1675238,18941.93,2503251,20083.73,3983484,39952.47,1470905
2025-12-15,geo_5,4500000,725690.23,99.346,12306.12,939641,11792.89,2006907,17692.9,2417032,13682.79,2783150,30296.93,1158503
2025-12-22,geo_5,4500000,780483.91,101.361,12279.44,880157,3724.05,596491,17087.96,2547084,15933.16,2989991,14725.28,471521
2023-01-02,geo_6,4000000,529572.28,99.849,11969.56,945066,4683.14,835734,17051.97,2653087,4585.37,885759,14987.01,601475
2023-01-09,geo_6,4000000,528919.1,98.471,9886.25,712699,3364.75,551264,21605.88,3498155,12526.59,2335255,13313.13,486186
2023-01-16,geo_6,4000000,515816.91,100.906,12037.02,980437,4039.64,729173,7895.18,1334481,14225.02,2663959,14475.41,512132
2023-01-23,geo_6,4000000,521636.58,99.947,12117.52,937733,2626.69,471914,6528.47,1030457,11012.92,2138941,28888.76,1001959
2023-01-30,geo_6,4000000,630859.94,98.258,38964.97,3145422,3245.86,587913,7357.05,1173743,6244.37,1263635,27092.84,1065821
2023-02-06,geo_6,4000000,542852.7,99.551,41566.36,3374533,12133.77,2223590,7420.55,1150116,5146.3,992227,13886.37,518189
2023-02-13,geo_6,4000000,568090.45,101.19,51457.18,4070802,12318.55,2561785,7443.87,1159386,5184.45,1085236,11942.73,451238
2023-02-20,geo_6,4000000,587494.2,101.184,42448.68,3576057,13614.98,2258440,9235.53,1470855,6261.4,1250577,11042.11,399810
2023-02-27,geo_6,4000000,613503.55,100.051,10986.09,952796,11192.64,1873521,22190.55,3097358,5315.69,1068872,12349.99,420156
2023-03-06,geo_6,4000000,505606.59,102.904,11281.84,891752,3423.67,675498,17097.09,2790245,6338.86,1342054,10635.84,418418
2023-03-13,geo_6,4000000,550732.45,101.138,10143.35,861778,3346.08,609968,19326.5,3085846,6621.29,1304597,11230.64,433377
2023-03-20,geo_6,4000000,482702.47,103.4,10708.91,875868,3389.76,621611,9195.2,1587863,6678.42,1324855,11285.62,435740
2023-03-27,geo_6,4000000,536239.27,101.681,11341.94,887948,3584.64,741170,6990.03,965574,5865.83,1337400,22368.68,842214
2023-04-03,geo_6,4000000,584928.41,102.549,10742.41,824172,3300.87,557214,7966.42,1197414,6316.28,1242302,25989.34,921754
2023-04-10,geo_6,4000000,512538.49,103.571,11676.17,898816,13054.96,2085727,6387.48,974449,7351.54,1397962,11135.59,425497
2023-04-17,geo_6,4000000,460893.46,105.959,11166.09,927048,12771.32,2353074,6240.76,999962,7244.46,1416492,9648.55,356032
2023-04-24,geo_6,4000000,531975.97,104.447,13062.43,1100013,16686.16,2688479,6539.95,1073821,12736.46,2525229,11138.24,413373
2023-05-01,geo_6,4000000,523896.01,105.131,10507.32,834891,12996.33,2203572,6561.39,1026473,11096.49,2152978,19439.72,679864
2023-05-08,geo_6,4000000,512039.63,103.731,11038.31,788996,3276.6,608921,7497.1,1224454,12891.22,2577096,25763.75,1103175
2023-05-15,geo_6,4000000,494706.45,102.224,16833.65,1198219,5116.3,863249,5916.32,812697,5607.78,1130837,9618.14,342488
2023-05-22,geo_6,4000000,524974.56,104.529,13227.34,1061731,4636.73,842216,18801.67,2992807,5953.74,1159828,11443.45,415390
2023-05-29,geo_6,4000000,528654.46,104.297,9632.23,759968,3365.9,607305,16079.77,2488235,6420.75,1199614,10372.81,401932
2023-06-05,geo_6,4000000,483685.33,103.142,11284.19,1019651,3370.99,561985,15984.17,2562462,5529.01,1187247,11586.25,403503
2023-06-12,geo_6,4000000,545588.55,101.346,9518.35,768510,2903.25,501986,5873.55,932758,5250.56,1038791,11485.05,498604
2023-06-19,geo_6,4000000,511972.35,101.136,12069.59,943902,3657.11,627660,5537.15,885835,5186.5,1082710,11223.92,394407
2023-06-26,geo_6,4000000,538924.12,100.658,10082.08,878800,3654.37,719079,6777.15,1109504,6425.98,1261607,12998.85,493106
2023-07-03,geo_6,4000000,546493.54,99.176,43651.87,3447320,3578.2,650736,6470.58,1027816,5569.84,1059912,9805.92,334778
2023-07-10,geo_6,4000000,605903.05,101.961,55732.83,4397823,12200.29,2234254,6899.4,1034731,6629.14,1162513,11403.26,449951
2023-07-17,geo_6,4000000,595516.06,101.892,40167.9,3324475,11730.25,2158500,6663.6,1002265,6446.26,1231715,9779.48,385057
2023-07-24,geo_6,4000000,575794.67,101.523,44152.27,3650105,10187.03,1943274,5110.98,757231,6118.0,1207802,23438.79,833221
2023-07-31,geo_6,4000000,521857.73,102.565,11715.06,993882,13272.14,2488492,5737.32,856525,5732.27,1145503,21983.09,736935
2023-08-07,geo_6,4000000,514474.09,102.921,13330.25,1051372,4439.34,819705,15239.56,2267805,5824.16,1115896,11680.12,443962
2023-08-14,geo_6,4000000,494005.93,106.3,52015.1,4518228,3831.28,721768,16051.45,2849601,12544.37,2537327,11215.83,427950
2023-08-21,geo_6,4000000,535966.0,103.769,55723.72,4201874,16861.84,2770065,16009.65,2348001,13448.13,2731281,10173.22,419563
2023-08-28,geo_6,4000000,549916.02,104.083,39444.24,2973924,12346.65,2326847,6091.5,1006611,13105.17,2909358,9119.26,329857
2023-09-04,geo_6,4000000,511579.83,104.797,45130.67,3636172,12987.09,2301108,5859.45,942350,5445.95,1083555,9056.35,348703
2023-09-11,geo_6,4000000,529263.29,105.979,9580.55,748980,11159.05,2143281,6837.86,983913,5660.1,1230084,11567.16,476380
2023-09-18,geo_6,4000000,445410.79,103.981,11403.24,928894,3578.61,642515,6454.02,982685,5349.76,1066913,11065.38,444993
2023-09-25,geo_6,4000000,452266.92,105.061,11376.9,893833,2906.53,529839,7358.08,1134343,5468.66,1191611,8923.18,392110
2023-10-02,geo_6,4000000,503479.78,101.473,14503.79,1136579,4013.1,686284,6962.54,1047185,5500.8,1078135,11613.2,438564
2023-10-09,geo_6,4000000,504123.39,102.158,12074.42,934861,3366.12,564846,6740.22,1078859,5008.7,1022594,10068.15,407415
2023-10-16,geo_6,4000000,480438.58,105.071,11921.79,930214,2517.14,400364,19895.18,3223509,4628.92,869411,11071.27,402833
2023-10-23,geo_6,4000000,447161.21,104.33,12344.62,987264,3566.51,635131,13947.41,2124132,6108.47,1115826,11511.27,409460
2023-10-30,geo_6,4000000,448478.55,102.69,11186.81,936503,3482.04,587611,12337.27,1950100,6168.83,1236064,9653.21,360374
2023-11-06,geo_6,4000000,464036.99,101.582,45265.7,3457360,2617.07,438255,6637.25,998452,4378.84,858405,11690.91,424415
2023-11-13,geo_6,4000000,505988.56,100.833,43585.41,3311785,3121.8,587870,6100.88,992539,15455.49,2914708,12230.59,490505
2023-11-20,geo_6,4000000,651160.44,101.254,46600.0,3848314,3492.21,601661,6703.74,1102136,14688.97,3006571,20747.06,736937
2023-11-27,geo_6,4000000,597122.57,102.642,43744.93,3546431,3538.35,690246,5859.68,939691,12852.94,2406574,19879.2,789041
2023-12-04,geo_6,4000000,512033.96,103.043,11486.94,934705,3212.85,552482,6078.44,1035782,5588.26,993828,10711.33,379844
2023-12-11,geo_6,4000000,518414.31,102.392,13155.29,1069908,3306.32,608418,5648.93,889852,13070.98,2508071,10827.81,446854
2023-12-18,geo_6,4000000,569951.85,100.778,9579.89,762016,3006.91,511535,5543.74,911496,11635.11,2278367,13297.75,513423
2023-12-25,geo_6,4000000,616947.32,100.955,10255.97,853775,3016.56,579189,7626.21,1311303,12602.66,2407461,9793.07,339821
2024-01-01,geo_6,4000000,566157.18,100.723,9537.05,675553,3512.58,621673,7339.36,1227083,5355.91,1112921,11632.68,423779
2024-01-08,geo_6,4000000,553257.02,99.212,14672.74,1108589,4361.18,910782,13458.63,2112330,5630.85,1084156,10789.79,419397
2024-01-15,geo_6,4000000,590785.56,99.083,13502.27,1136876,17746.6,3139674,14670.81,2352922,4564.52,879444,11251.2,421023
2024-01-22,geo_6,4000000,540897.45,98.657,12401.63,1056033,13383.88,2459366,18096.52,2747459,5578.16,1088905,9641.44,390317
2024-01-29,geo_6,4000000,622697.61,100.064,11343.47,953698,13674.99,2345857,6469.72,999448,5132.38,1075762,10488.94,423329
2024-02-05,geo_6,4000000,553009.47,98.83,9843.04,726413,12398.0,2208639,14154.45,2169316,5078.67,1074568,12270.93,454316
2024-02-12,geo_6,4000000,584931.79,99.473,13163.99,990731,3680.3,582198,16661.37,3015829,4295.06,935383,11433.01,428655
2024-02-19,geo_6,4000000,597829.8,99.237,11797.86,987611,3754.92,670965,16916.44,2454966,4695.39,977472,10174.12,386183
2024-02-26,geo_6,4000000,535928.3,99.381,11697.5,974932,3185.65,585654,6263.83,980380,5156.9,1086788,12206.97,465769
2024-03-04,geo_6,4000000,587249.12,97.55,11207.91,944063,3546.6,639220,6324.92,964019,4492.32,846611,10799.9,398725
2024-03-11,geo_6,4000000,550062.61,96.922,7590.18,511918,3510.24,540951,6184.15,970038,5578.33,1016596,11583.01,431809
2024-03-18,geo_6,4000000,534274.43,97.507,9290.9,727492,3418.55,628098,7358.62,1140956,5315.14,897142,12756.91,456331
2024-03-25,geo_6,4000000,532104.98,97.658,10877.42,839709,12644.56,2295537,20106.4,3440969,4891.33,1010651,11548.45,432082
2024-04-01,geo_6,4000000,511088.89,98.357,12435.01,974519,14641.95,2540642,15826.01,2546268,5601.94,1111188,11958.45,441349
2024-04-08,geo_6,4000000,569389.87,95.408,9518.01,725555,11090.91,2010202,14394.59,2332681,4582.72,885305,14830.65,577969
2024-04-15,geo_6,4000000,574887.46,93.708,11104.28,856325,11731.8,2304594,6343.23,1017183,5187.44,1044251,13980.44,494721
2024-04-22,geo_6,4000000,569551.14,98.938,43820.1,3888327,3546.4,606373,5704.41,925429,4305.05,812051,11351.17,420892
2024-04-29,geo_6,4000000,625267.16,96.912,38062.1,3056379,12623.48,2150809,5392.8,769463,3941.85,809411,9753.9,324131
2024-05-06,geo_6,4000000,604266.91,98.845,47871.79,4033415,12845.59,2366272,5014.98,877784,5914.57,1190311,10976.59,440557
2024-05-13,geo_6,4000000,652482.2,98.3,38351.64,3369604,12843.12,2334794,5240.38,747930,4992.13,977068,23807.7,855837
2024-05-20,geo_6,4000000,561719.53,98.801,9290.17,781306,10901.77,2014928,5392.63,832346,11109.57,2181840,23033.02,871233
2024-05-27,geo_6,4000000,582600.19,100.147,14162.91,1168919,3375.22,572997,5632.37,876362,12631.09,2621209,11763.88,453706
2024-06-03,geo_6,4000000,571514.47,101.728,12761.83,950536,3207.98,558992,6421.96,949748,13634.19,2709927,11355.88,380797
2024-06-10,geo_6,4000000,462604.69,104.367,11010.61,909963,3854.83,750270,5924.53,842387,4826.27,1052777,13939.11,474403
2024-06-17,geo_6,4000000,472144.73,104.122,13292.54,1044205,4263.71,833711,7932.98,1185550,5464.97,994699,12286.28,499849
2024-06-24,geo_6,4000000,539586.63,102.509,11311.2,922756,2705.64,469556,6428.74,960384,6874.12,1285179,13317.36,500235
2024-07-01,geo_6,4000000,515956.29,103.555,49233.12,3731542,3001.46,518907,6418.8,969165,6462.37,1367047,16485.9,608283
2024-07-08,geo_6,4000000,586010.98,102.503,51664.75,4277521,10895.36,1927838,6122.35,905412,12914.25,2582822,12917.74,494755
2024-07-15,geo_6,4000000,614010.6,101.978,48704.0,4051179,13520.04,2397137,6800.85,1020735,12326.33,2487615,11603.36,428537
2024-07-22,geo_6,4000000,533499.46,99.646,46237.21,3373133,12385.87,2340875,6794.84,1130211,17198.92,3499813,11487.91,417163
2024-07-29,geo_6,4000000,552946.57,98.239,9745.63,807156,11910.75,2252624,5297.01,850030,7087.16,1493529,12606.65,490040
2024-08-05,geo_6,4000000,597965.77,100.046,48501.26,3872784,3267.75,516913,5064.77,815100,5359.07,1074166,12028.19,504039
2024-08-12,geo_6,4000000,559976.21,98.252,37189.87,3263753,9815.37,1698795,5094.06,807443,5216.46,931009,15181.2,580033
2024-08-19,geo_6,4000000,557562.03,101.116,45991.29,3670004,13574.35,2594970,5663.76,894951,5777.87,1196577,11548.67,399367
2024-08-26,geo_6,4000000,526017.0,102.297,63254.52,4962115,15558.83,2848679,5736.51,899837,5946.8,1122812,12391.98,460189
2024-09-02,geo_6,4000000,536938.08,103.695,12659.93,966171,12728.86,2322950,7134.43,1123771,5868.24,1130264,12389.06,423986
2024-09-09,geo_6,4000000,575722.8,99.449,10259.78,784198,3049.52,572935,7191.63,1040737,5145.85,1024381,13467.14,533534
2024-09-16,geo_6,4000000,528491.85,99.379,10838.33,770080,3275.94,587813,5829.95,943482,4807.77,817165,12522.2,463256
2024-09-23,geo_6,4000000,469050.87,99.655,9406.81,695910,3180.36,545068,4763.78,751101,4983.07,1117524,11751.66,453935
2024-09-30,geo_6,4000000,435490.35,101.525,9683.18,814271,2616.84,471735,13039.71,2224062,4622.55,882948,14637.34,518429
2024-10-07,geo_6,4000000,479955.14,101.518,9942.07,785298,3547.44,626544,13888.33,2216412,4989.12,986088,10013.41,339730
2024-10-14,geo_6,4000000,491673.57,103.478,10400.18,879987,3423.07,624437,15319.99,2187979,5370.34,1009510,10946.56,414738
2024-10-21,geo_6,4000000,413802.5,102.681,10842.54,798272,3009.28,512860,7042.85,1090883,4432.6,907930,9763.41,391356
2024-10-28,geo_6,4000000,462879.04,101.815,11662.88,949891,3379.33,598396,5886.6,859910,9397.33,1982067,13650.87,545430
2024-11-04,geo_6,4000000,490277.23,104.818,13241.86,1128657,3643.09,715187,7073.42,1118825,10687.68,2363594,10130.41,384274
2024-11-11,geo_6,4000000,522178.2,103.213,10800.66,799909,3564.63,663695,7336.82,1097514,12304.64,2411101,12677.01,525379
2024-11-18,geo_6,4000000,479163.93,102.422,42159.32,3291395,3058.03,526597,11703.86,1648370,4157.4,774057,13511.22,518161
2024-11-25,geo_6,4000000,651610.57,101.645,37224.0,2935535,10290.54,1809964,12829.45,1980145,4820.1,1053119,10170.56,382967
2024-12-02,geo_6,4000000,624322.46,100.97,49421.46,4303312,16662.56,3121310,17610.64,2808892,4694.2,957426,13129.71,457414
2024-12-09,geo_6,4000000,575879.19,102.121,43959.03,3533868,13106.89,2270831,5701.53,787964,4676.11,929898,24819.68,918768
2024-12-16,geo_6,4000000,524922.23,103.257,13966.82,1195856,14585.62,2716546,6077.41,928292,6431.83,1231801,21983.96,841734
2024-12-23,geo_6,4000000,680509.18,100.536,10852.89,804577,2981.21,540805,9398.1,1548936,5289.69,1035690,14565.98,601094
2024-12-30,geo_6,4000000,615509.58,101.219,14525.06,1148348,3678.48,653834,6437.79,1021786,5029.6,995413,12769.95,492119
2025-01-06,geo_6,4000000,561661.28,101.044,11296.95,913471,3094.03,556484,16283.18,2891643,5355.51,1044543,13356.72,541090
2025-01-13,geo_6,4000000,551987.64,101.124,11461.33,904630,2464.05,461428,12503.38,1789572,5308.84,1064273,13080.06,473682
2025-01-20,geo_6,4000000,590423.96,104.415,12058.32,981546,2950.42,537243,15315.35,2418090,6039.76,1298545,11566.82,423192
2025-01-27,geo_6,4000000,550124.78,103.851,12023.06,932122,3189.04,579629,6350.47,973037,6287.75,1383736,12563.81,524001
2025-02-03,geo_6,4000000,596942.67,100.898,13223.16,949542,3169.97,561279,6089.77,936132,5057.09,1040854,12738.32,435503
2025-02-10,geo_6,4000000,561556.13,102.985,13423.26,1153530,3376.75,568725,8560.55,1301559,6074.54,1191929,12000.28,480531
2025-02-17,geo_6,4000000,626810.29,102.008,10345.62,775578,2657.24,452547,6159.28,990612,4795.39,887426,11423.08,435355
2025-02-24,geo_6,4000000,594047.79,99.139,11875.9,956364,2411.61,471428,8478.91,1306750,11806.0,2407970,13603.12,476936
2025-03-03,geo_6,4000000,504670.19,99.106,12188.18,922452,2707.23,507533,7371.91,1200581,9635.07,2054665,13161.11,487252
2025-03-10,geo_6,4000000,578339.3,98.885,13989.74,1135484,3265.84,608660,6830.87,1208622,9594.99,1710582,12114.37,468995
2025-03-17,geo_6,4000000,584466.45,101.361,11945.67,935386,3269.87,602798,19623.8,2966499,5218.82,1071086,14348.43,575000
2025-03-24,geo_6,4000000,561485.81,100.528,13216.95,962154,3436.05,688642,20666.34,3454362,4769.75,982086,14591.49,549431
2025-03-31,geo_6,4000000,608648.08,102.72,12538.48,960345,3020.55,536691,18471.27,2628143,4652.06,1059860,16917.85,673254
2025-04-07,geo_6,4000000,582860.14,100.57,11797.3,844960,3531.19,638921,5797.71,935913,4852.82,923056,15651.15,620953
2025-04-14,geo_6,4000000,534292.01,102.005,9334.96,648582,2974.57,525414,7135.45,1109742,9341.0,1920355,12903.58,518645
2025-04-21,geo_6,4000000,534536.29,102.631,15971.13,1269383,3543.0,725585,6619.26,1185263,11718.03,2521811,14614.38,625977
2025-04-28,geo_6,4000000,532248.51,100.943,12870.26,1010412,3000.16,525515,7500.21,1212854,12787.04,2303745,14207.22,552074
2025-05-05,geo_6,4000000,541633.51,99.931,11159.15,871382,3297.29,555379,19520.82,2794353,4386.33,954769,28719.48,1081903
2025-05-12,geo_6,4000000,627434.54,100.655,11510.44,768841,3863.33,710255,16818.0,2382246,4591.76,1000476,33140.63,1218444
2025-05-19,geo_6,4000000,575003.79,100.378,10850.3,814951,3323.58,647993,19192.8,3120378,4235.52,818905,14118.2,553306
2025-05-26,geo_6,4000000,553305.25,96.385,12170.69,1020064,3571.57,620772,5832.86,900786,4935.19,1016634,13099.43,447812
2025-06-02,geo_6,4000000,609134.93,97.875,42333.31,3205229,3245.96,654358,6961.5,1080592,4590.45,865365,14585.25,562440
2025-06-09,geo_6,4000000,641131.49,97.332,61256.03,4957904,16633.81,3124808,5950.39,910079,4577.57,853548,13649.68,521096
2025-06-16,geo_6,4000000,651980.33,97.346,43572.92,3491420,15422.04,2521269,6793.95,1188258,4784.62,1067819,31844.99,1208580
2025-06-23,geo_6,4000000,613557.47,98.408,46307.61,3779349,15481.84,2994352,5945.36,970452,4450.16,948702,28668.04,1076034
2025-06-30,geo_6,4000000,664191.02,98.221,10508.5,773701,11621.39,2065693,5259.72,789966,4781.82,983086,38154.53,1630524
2025-07-07,geo_6,4000000,584568.0,96.278,14375.82,1067896,4372.9,821322,16375.85,2532801,5038.27,1034182,37950.23,1454114
2025-07-14,geo_6,4000000,602126.97,98.632,62392.98,4947093,5106.74,960690,11415.73,1828812,4400.25,860633,15533.62,619512
2025-07-21,geo_6,4000000,566645.48,95.453,55253.95,4494997,3580.93,602338,14812.73,2173861,13124.45,2491601,19149.37,738817
2025-07-28,geo_6,4000000,657148.48,97.592,48437.98,3922204,4266.24,738872,5209.57,836783,12887.42,2574690,15084.02,579836
2025-08-04,geo_6,4000000,573800.41,98.568,58079.84,4243290,3963.2,725425,5493.65,813567,14138.51,2862351,15101.66,579039
2025-08-11,geo_6,4000000,575097.82,96.651,13839.43,1158742,3342.0,596788,5373.47,802088,5075.3,1077172,16736.06,619944
2025-08-18,geo_6,4000000,544596.88,97.736,15283.03,1143650,4744.62,936822,4788.95,675065,11929.92,2084170,13823.5,508547
2025-08-25,geo_6,4000000,609992.63,95.448,51203.13,4596314,3907.34,663415,5598.11,842907,13961.09,2471986,15011.76,552477
2025-09-01,geo_6,4000000,619192.98,93.673,50892.03,4171085,3994.48,664031,4456.39,684505,12412.2,2544756,12871.37,504753
2025-09-08,geo_6,4000000,541007.24,94.174,42491.73,3243824,4829.09,872568,9686.75,1529393,5490.05,1113981,14807.73,589125
2025-09-15,geo_6,4000000,582568.47,95.233,45545.19,3483830,4864.86,863739,14022.94,2114047,6469.73,1347394,13490.57,507750
2025-09-22,geo_6,4000000,547708.79,94.322,11916.89,923651,4262.28,821635,11666.0,1874002,5582.96,1026020,12131.41,490285
2025-09-29,geo_6,4000000,515526.78,95.043,14074.35,1126804,4310.63,781428,6990.46,1072653,4879.29,983846,14172.38,502023
2025-10-06,geo_6,4000000,557722.85,97.184,51395.55,3992266,4239.75,745322,15725.41,2347382,5671.63,1107260,12563.76,520369
2025-10-13,geo_6,4000000,535886.69,98.642,59186.1,4131131,15671.22,2491626,16027.47,2256947,11103.07,2258447,12981.16,495742
2025-10-20,geo_6,4000000,591313.69,100.109,47801.98,4286049,15307.05,2992834,13616.74,2385044,9579.61,1998424,14676.62,544716
2025-10-27,geo_6,4000000,539273.16,101.968,47030.57,3542203,10808.4,1950663,7108.12,1147068,16117.09,3129872,15167.95,584716
2025-11-03,geo_6,4000000,484416.69,103.22,10642.55,926211,13097.54,2572876,15046.8,2418474,4888.51,1155749,13265.32,493744
2025-11-10,geo_6,4000000,537649.11,103.577,11340.62,919915,3618.53,688022,14877.52,2325555,6011.72,1150639,24162.1,913729
2025-11-17,geo_6,4000000,545450.99,102.316,43949.65,3423448,3444.85,631535,14528.49,2330881,4950.35,989156,25577.33,993445
2025-11-24,geo_6,4000000,674008.83,103.045,36563.39,2914119,12167.6,2285032,6312.62,1029220,5889.7,1167364,11133.91,418541
2025-12-01,geo_6,4000000,607258.48,100.284,43121.77,3327345,13417.67,2519887,7976.13,1317697,5403.38,1099551,11159.95,374969
2025-12-08,geo_6,4000000,631653.57,99.095,38976.37,2987495,9952.9,1819978,19049.25,3095708,18040.57,3248219,31167.36,1099705
2025-12-15,geo_6,4000000,617251.86,99.346,11791.76,896339,10194.29,2171050,18036.5,2938210,12841.28,2594147,25067.99,953138
2025-12-22,geo_6,4000000,623210.31,101.361,11798.12,855718,3029.29,562234,17137.29,3065936,15968.07,3331229,11873.0,500683
2023-01-02,geo_7,3500000,506236.7,99.849,10866.14,930193,3601.09,596995,11538.25,1676069,4323.49,940409,11633.91,463917
2023-01-09,geo_7,3500000,514349.28,98.471,8729.78,688065,2804.4,479044,13435.23,1821472,10505.4,2372153,9763.48,349856
2023-01-16,geo_7,3500000,478444.1,100.906,10416.43,922570,3361.14,549236,5017.87,657584,11356.89,2395573,10999.84,396127
2023-01-23,geo_7,3500000,519376.19,99.947,10074.51,890325,2128.35,345354,4572.71,666645,8723.68,1808474,23282.69,829521
2023-01-30,geo_7,3500000,520199.93,98.258,33692.06,2494052,2400.55,366916,4875.7,620522,4787.44,951892,22909.18,835870
2023-02-06,geo_7,3500000,495256.2,99.551,34205.19,2907586,9618.15,1411490,5094.7,708704,3804.24,831540,11488.39,454199
2023-02-13,geo_7,3500000,525691.17,101.19,41286.29,3512745,8985.86,1389448,5305.25,739957,3579.04,771705,10093.52,376377
2023-02-20,geo_7,3500000,501068.2,101.184,33677.54,2870280,9870.52,1547804,6724.38,903822,4039.76,923687,9813.41,365267
2023-02-27,geo_7,3500000,503932.74,100.051,8314.78,797042,7973.49,1405395,15091.36,2056313,3553.08,833864,11234.92,435701
2023-03-06,geo_7,3500000,481337.91,102.904,9361.9,776978,2541.9,439693,12097.82,1519162,4739.35,1089185,10304.64,410416
2023-03-13,geo_7,3500000,472743.02,101.138,8004.1,755848,2597.74,366032,13360.78,1774262,4699.73,1047311,11135.99,443220
2023-03-20,geo_7,3500000,508749.18,103.4,8885.25,730129,2768.74,455298,6718.36,934410,4409.45,965439,10692.23,419154
2023-03-27,geo_7,3500000,501453.42,101.681,9769.76,843001,2939.12,439162,5007.03,625497,3879.74,866096,20097.96,728203
2023-04-03,geo_7,3500000,452470.45,102.549,8768.05,785417,2519.88,352270,5667.73,824937,4596.81,1011432,22612.19,942480
2023-04-10,geo_7,3500000,460454.79,103.571,9260.55,844394,10461.84,1620646,5154.23,718028,5304.89,1336629,9347.7,325123
2023-04-17,geo_7,3500000,460733.61,105.959,9836.95,855805,10118.39,1568202,4367.42,612240,5129.81,1054195,8296.71,325102
2023-04-24,geo_7,3500000,434130.09,104.447,12384.1,1056648,13269.68,1968828,4957.71,632155,8799.35,1947606,10119.5,403810
2023-05-01,geo_7,3500000,422818.68,105.131,9891.19,857189,10638.08,1695884,5221.46,730720,8246.96,1734125,17139.79,619011
2023-05-08,geo_7,3500000,498894.77,103.731,9750.67,871847,2672.23,395553,5903.76,792525,10044.57,1926710,20980.73,735236
2023-05-15,geo_7,3500000,472664.15,102.224,14695.12,1350272,4538.66,723001,4396.73,558540,4451.9,1003702,7822.07,269848
2023-05-22,geo_7,3500000,482440.2,104.529,11470.3,1013302,4078.02,635005,14201.97,2010043,4725.87,953349,9657.66,394054
2023-05-29,geo_7,3500000,449408.41,104.297,8236.34,751543,3007.71,481281,12606.73,1676925,5066.87,997072,9823.65,377991
2023-06-05,geo_7,3500000,515757.08,103.142,9331.88,795713,2862.32,419592,12778.12,1815122,4027.39,840928,11612.66,451035
2023-06-12,geo_7,3500000,474249.39,101.346,8315.77,731032,2382.7,378718,4718.81,624684,4256.43,960368,11105.25,423940
2023-06-19,geo_7,3500000,425353.76,101.136,11869.78,1135469,3024.91,520234,4270.23,579895,4396.87,977615,11688.88,441255
2023-06-26,geo_7,3500000,424371.56,100.658,9618.23,863430,2857.6,427469,5226.76,653253,5048.65,1184877,13448.43,551604
2023-07-03,geo_7,3500000,491871.05,99.176,42423.42,3936419,3063.41,459530,4669.14,647967,4477.84,940454,10882.23,436761
2023-07-10,geo_7,3500000,484177.93,101.961,56338.94,5138215,11236.2,1672284,5335.77,792208,4787.52,979628,12268.62,496651
2023-07-17,geo_7,3500000,562455.94,101.892,43796.07,4257825,11787.01,1825796,5156.13,661183,4807.44,1011411,10409.72,413047
2023-07-24,geo_7,3500000,510307.14,101.523,47462.71,4123491,10289.4,1799921,4387.34,587355,4925.19,1020780,25853.64,926760
2023-07-31,geo_7,3500000,499092.09,102.565,13497.21,1206168,12809.73,1984582,5290.06,682673,4585.1,919662,25786.92,967384
2023-08-07,geo_7,3500000,469361.25,102.921,13864.58,1134633,4177.13,683639,13561.07,1770124,4531.14,1167284,13274.51,472534
2023-08-14,geo_7,3500000,473236.6,106.3,54616.26,4251039,3374.31,516876,12750.18,1630209,9842.65,1891213,12188.7,425321
2023-08-21,geo_7,3500000,487990.5,103.769,56219.05,5243293,15214.72,2572947,12081.79,1445069,10381.37,2203766,11147.32,451383
2023-08-28,geo_7,3500000,484946.57,104.083,45792.58,4262253,10600.37,1836582,4435.84,597692,10343.17,2164044,9504.56,377078
2023-09-04,geo_7,3500000,414523.25,104.797,52824.23,4300806,11670.88,1931671,3995.6,540308,4414.32,970362,9546.94,411556
2023-09-11,geo_7,3500000,412700.68,105.979,10127.64,873202,10413.18,1625089,4389.31,621266,4395.41,939312,12341.25,451413
2023-09-18,geo_7,3500000,436357.05,103.981,11515.17,919926,3154.74,526136,4094.51,521846,4335.47,922529,12066.3,436351
2023-09-25,geo_7,3500000,426122.13,105.061,10533.22,931971,2774.33,420677,4546.56,614166,3950.31,890030,9841.85,428012
2023-10-02,geo_7,3500000,448952.32,101.473,13493.16,1108372,4166.14,660468,4455.27,704255,3970.65,748803,12054.28,424105
2023-10-09,geo_7,3500000,389204.13,102.158,10114.5,857076,3208.69,510821,4417.31,569755,4129.83,944785,10249.71,358861
2023-10-16,geo_7,3500000,391885.87,105.071,9256.57,795182,2366.74,370855,13585.82,1835278,3448.94,768999,10919.02,420376
2023-10-23,geo_7,3500000,413192.06,104.33,9298.58,830309,3364.18,545581,9365.34,1123049,4745.49,1026162,11426.07,405291
2023-10-30,geo_7,3500000,419849.53,102.69,8923.33,714962,3135.68,504082,9016.21,1181334,5448.53,1119378,9429.67,360561
2023-11-06,geo_7,3500000,407366.95,101.582,39690.36,3579822,2136.36,299614,5006.99,717710,3757.89,871545,11829.8,445196
2023-11-13,geo_7,3500000,463094.84,100.833,38626.79,2946373,2781.5,405015,4384.93,648107,14423.29,3354756,12554.87,499897
2023-11-20,geo_7,3500000,511816.36,101.254,41395.28,3326675,3314.15,530523,4672.75,581974,13280.64,2776695,22593.13,855901
2023-11-27,geo_7,3500000,513944.71,102.642,36894.9,3114908,2944.34,466571,4690.63,630511,11589.35,2524031,20901.24,711591
2023-12-04,geo_7,3500000,464843.17,103.043,10160.77,885823,2694.67,431430,5065.17,788305,4445.88,922294,10994.03,383366
2023-12-11,geo_7,3500000,448882.82,102.392,11647.29,1033728,2965.83,435280,4710.93,727940,11513.06,2603779,11492.58,453773
2023-12-18,geo_7,3500000,461020.38,100.778,9404.01,875679,2732.71,451238,4874.79,745153,10073.52,2131422,13444.41,484956
2023-12-25,geo_7,3500000,530333.39,100.955,9246.64,859109,2803.63,465844,6939.75,932468,10287.27,2259610,8945.14,332855
2024-01-01,geo_7,3500000,455858.23,100.723,8539.83,753296,2971.1,446925,6327.17,865963,4515.73,1028308,10407.17,412042
2024-01-08,geo_7,3500000,492801.79,99.212,12670.2,1054345,3357.43,520862,12880.56,1801839,4652.42,1011223,10239.37,399966
2024-01-15,geo_7,3500000,500970.1,99.083,12039.39,1032917,13117.56,2064178,14813.28,2052351,3607.5,799655,10463.85,353967
2024-01-22,geo_7,3500000,486507.59,98.657,9881.02,877187,9660.08,1501149,17675.18,2480129,4170.94,895497,8688.35,285654
2024-01-29,geo_7,3500000,483691.14,100.064,9078.19,892466,10385.29,1644676,6500.67,954054,4012.31,803221,10707.81,386275
2024-02-05,geo_7,3500000,511396.41,98.83,8302.96,717042,10072.55,1500500,14543.45,1968057,3915.62,742726,13267.57,497861
2024-02-12,geo_7,3500000,469942.32,99.473,10526.42,869595,2892.19,435221,16942.48,2414133,3922.34,926995,11737.84,451432
2024-02-19,geo_7,3500000,511805.08,99.237,9461.42,857088,2933.96,460593,17455.41,2382376,3997.63,920741,9555.82,332657
2024-02-26,geo_7,3500000,475311.07,99.381,10163.27,914955,2326.54,329561,5982.62,833222,4392.81,928929,10703.48,388388
2024-03-04,geo_7,3500000,488605.91,97.55,9071.62,755806,2696.44,416222,6120.06,837491,3650.18,749408,9690.77,374964
2024-03-11,geo_7,3500000,475162.06,96.922,6553.4,545899,2697.04,400608,5069.62,678852,4925.7,982675,10369.72,380385
2024-03-18,geo_7,3500000,487073.62,97.507,7776.67,718507,2715.98,423299,6117.75,769001,4697.1,959025,11067.8,392448
2024-03-25,geo_7,3500000,487807.68,97.658,9654.81,776965,10816.07,1827792,17354.2,2217402,4344.77,787417,9022.68,310178
2024-04-01,geo_7,3500000,497568.71,98.357,11144.63,975047,12800.32,2272390,14512.63,1808389,5434.24,1284910,9642.45,353876
2024-04-08,geo_7,3500000,523100.05,95.408,8839.7,748688,10309.33,1465687,13004.51,1686876,4664.8,1022882,11699.8,407931
2024-04-15,geo_7,3500000,491971.44,93.708,9940.48,845150,10612.72,1810811,6358.78,946322,4589.43,951716,10725.71,411296
2024-04-22,geo_7,3500000,489535.01,98.938,37821.39,3377087,3202.1,528079,5565.25,762335,3910.61,1024686,9651.63,372829
2024-04-29,geo_7,3500000,526240.96,96.912,35517.92,3224286,11918.66,1881387,5347.82,791556,3591.26,792822,8400.43,319793
2024-05-06,geo_7,3500000,541692.66,98.845,41940.19,3630743,12368.95,2057588,4369.02,563569,5498.29,1194585,10290.53,389853
2024-05-13,geo_7,3500000,580154.08,98.3,33123.38,3135736,13354.67,2010931,4761.11,640673,4205.88,928154,22268.33,729500
2024-05-20,geo_7,3500000,515230.82,98.801,8764.41,719083,11525.83,1795092,4519.59,632509,9425.45,2187514,21204.25,815694
2024-05-27,geo_7,3500000,451325.11,100.147,12852.43,1085902,3802.16,605547,4959.99,686427,10072.96,2301883,10339.68,398563
2024-06-03,geo_7,3500000,488403.4,101.728,12082.9,1037360,3853.67,579705,5170.71,655590,10342.77,2101618,8956.81,340634
2024-06-10,geo_7,3500000,467475.61,104.367,10511.12,872981,4356.74,677543,5139.84,673034,3675.28,834683,10912.94,390413
2024-06-17,geo_7,3500000,487432.82,104.122,12692.88,1116549,4934.23,802712,6650.14,846140,4199.19,901832,9722.73,388826
2024-06-24,geo_7,3500000,479403.42,102.509,9571.82,738952,2983.65,443676,5088.0,716304,5063.31,1029044,10766.27,447833
2024-07-01,geo_7,3500000,471715.35,103.555,38414.79,3145160,3440.68,643120,5194.45,744828,4596.13,1070586,12213.67,444830
2024-07-08,geo_7,3500000,497332.6,102.503,42886.88,3372823,13246.6,2051926,5758.28,806087,9457.56,1981167,9703.36,386548
2024-07-15,geo_7,3500000,509018.23,101.978,43359.59,4185659,15149.22,2574120,6137.84,773949,8341.19,1768994,8834.84,344240
2024-07-22,geo_7,3500000,580055.21,99.646,45643.8,4211280,13238.32,2091897,6178.27,914546,12013.53,2324409,9234.61,346242
2024-07-29,geo_7,3500000,500431.19,98.239,8956.25,762882,12237.92,1785950,4685.18,624827,4954.7,997018,11865.52,460900
2024-08-05,geo_7,3500000,483066.88,100.046,46264.47,4231328,3528.99,517818,4795.3,653940,4103.71,809065,11936.45,451720
2024-08-12,geo_7,3500000,534777.58,98.252,34627.76,3159809,10480.32,1711197,4891.86,576543,3997.72,864906,13992.18,458966
2024-08-19,geo_7,3500000,492483.23,101.116,36786.59,3370469,13377.88,1920442,5287.0,703336,4574.55,948222,10692.86,427460
2024-08-26,geo_7,3500000,502602.26,102.297,48867.34,4276192,14275.33,2414000,5328.37,670052,4762.42,984806,11939.98,467418
2024-09-02,geo_7,3500000,447740.04,103.695,10483.6,952008,12145.75,1983594,6242.64,823619,5012.11,1034938,11491.27,514855
2024-09-09,geo_7,3500000,464982.63,99.449,8501.17,659070,2821.56,453990,6162.9,883477,4714.39,1079268,12870.39,510564
2024-09-16,geo_7,3500000,438301.02,99.379,9753.3,912652,3484.49,525152,4888.27,652301,4746.74,1006153,11473.9,470632
2024-09-23,geo_7,3500000,424880.33,99.655,8320.65,740930,3366.82,545963,4192.09,566995,4607.81,1151282,10375.04,423667
2024-09-30,geo_7,3500000,376619.76,101.525,9191.8,846912,2878.1,441830,11425.59,1567818,4324.58,896897,14491.45,557808
2024-10-07,geo_7,3500000,425909.07,101.518,8962.31,824983,3688.58,531518,11156.46,1502645,4929.77,1085832,10345.66,386051
2024-10-14,geo_7,3500000,406062.0,103.478,9238.98,838963,3176.28,489809,12832.63,1757554,5357.45,1111315,11217.18,419687
2024-10-21,geo_7,3500000,365395.42,102.681,10215.06,893582,2827.66,464617,5352.16,737836,4272.65,860631,9341.82,340734
2024-10-28,geo_7,3500000,414500.33,101.815,10919.03,900422,3273.16,457231,4496.62,659821,9151.67,2106375,12299.36,482366
2024-11-04,geo_7,3500000,371745.98,104.818,12240.34,1141264,3223.36,489551,5752.18,783942,10035.45,2002243,8909.88,338257
2024-11-11,geo_7,3500000,424303.6,103.213,10395.52,885827,3259.36,515475,5326.34,698223,10832.72,2177139,12084.0,421712
2024-11-18,geo_7,3500000,438334.19,102.422,39604.81,3435975,2835.88,448137,9538.07,1347674,3790.16,820094,13082.83,491098
2024-11-25,geo_7,3500000,583318.49,101.645,31949.42,2803523,9040.78,1429805,10297.99,1599160,4284.2,889860,9217.9,391159
2024-12-02,geo_7,3500000,533299.95,100.97,43470.86,3956878,14737.42,2423205,14476.03,2090789,3917.99,825902,12235.88,410574
2024-12-09,geo_7,3500000,494577.75,102.121,40913.14,3571172,10595.83,1704513,4715.34,581815,3636.14,770205,22148.36,848175
2024-12-16,geo_7,3500000,485180.46,103.257,12654.43,1054616,13420.15,2329512,5257.57,816219,5121.71,977320,20210.16,732328
2024-12-23,geo_7,3500000,562162.25,100.536,11147.05,956653,2738.02,407815,8758.47,1146651,4403.86,1004353,13753.26,516839
2024-12-30,geo_7,3500000,512713.8,101.219,12765.38,1107781,3156.06,495622,5901.16,808143,4010.12,929900,11928.14,427221
2025-01-06,geo_7,3500000,528160.21,101.044,10527.94,908938,2580.29,385904,14255.75,2045521,4011.35,860351,11649.97,441221
2025-01-13,geo_7,3500000,529695.15,101.124,10821.36,970139,2121.36,329630,10510.04,1549909,4090.49,799790,11749.06,436999
2025-01-20,geo_7,3500000,471695.62,104.415,10790.61,914913,2545.22,366929,13751.06,1959574,4182.76,983332,10584.57,441556
2025-01-27,geo_7,3500000,528853.73,103.851,9828.61,804312,2553.19,417396,5836.21,805516,4694.55,1065573,11158.06,442344
2025-02-03,geo_7,3500000,513346.14,100.898,10279.97,825244,2894.2,475966,4634.61,589458,4005.45,874849,11181.31,449531
2025-02-10,geo_7,3500000,506288.27,102.985,9967.46,818756,3314.31,531540,5798.37,853960,5152.76,1078768,10431.2,406173
2025-02-17,geo_7,3500000,489732.25,102.008,8230.5,789007,2563.88,395831,4756.29,661073,4112.71,800076,10215.53,367199
2025-02-24,geo_7,3500000,468426.39,99.139,9059.01,767407,2285.6,355214,6394.27,842205,10067.11,2066323,12019.51,448692
2025-03-03,geo_7,3500000,482560.92,99.106,8875.75,689808,2389.72,414234,6018.38,764811,8434.01,1789766,10405.97,402646
2025-03-10,geo_7,3500000,507835.38,98.885,10378.96,822442,2954.91,457616,5554.06,794361,8574.06,1652393,10246.17,389966
2025-03-17,geo_7,3500000,491913.8,101.361,9433.08,806525,2724.83,415685,16150.91,2278235,4164.62,926825,10234.34,402096
2025-03-24,geo_7,3500000,493452.23,100.528,10462.68,836943,2974.6,442133,17354.21,2544838,4239.26,886563,11106.65,458040
2025-03-31,geo_7,3500000,468967.15,102.72,9958.22,906918,2708.42,465177,15662.2,2280427,4212.69,877888,14181.5,530992
2025-04-07,geo_7,3500000,489775.48,100.57,10051.72,896191,2917.55,462917,5205.86,694267,4190.53,920302,12741.43,472991
2025-04-14,geo_7,3500000,446771.64,102.005,8115.67,700395,2363.42,359924,7272.56,968054,8958.18,1937784,10461.11,356363
2025-04-21,geo_7,3500000,481248.78,102.631,12987.11,1098382,2652.24,374837,6575.88,996012,11041.74,2361103,12682.85,459280
2025-04-28,geo_7,3500000,481370.73,100.943,10796.46,956334,2377.98,393223,6698.98,924500,11387.02,2392810,12300.14,484179
2025-05-05,geo_7,3500000,467479.29,99.931,9407.39,732160,2398.5,423856,17056.27,2266032,4045.29,878934,23596.24,854504
2025-05-12,geo_7,3500000,522320.45,100.655,10191.89,978373,2706.72,412526,15549.0,2222451,4327.38,927843,26152.06,954728
2025-05-19,geo_7,3500000,504697.0,100.378,9262.82,796939,2436.61,389958,17109.14,2539733,4027.55,904170,11297.93,457493
2025-05-26,geo_7,3500000,522401.68,96.385,10484.2,913380,2696.88,400866,5677.48,825291,4473.83,940036,10253.53,411673
2025-06-02,geo_7,3500000,487685.91,97.875,38216.91,3449014,2406.57,372043,6411.52,908673,3990.15,813585,11033.5,404581
2025-06-09,geo_7,3500000,549184.01,97.332,57112.84,4931107,12562.56,2020145,5058.91,659516,3659.32,918759,9627.29,376284
2025-06-16,geo_7,3500000,576333.65,97.346,45024.42,4156609,11717.28,1721885,5813.05,863800,3999.85,901303,22549.28,787297
2025-06-23,geo_7,3500000,518547.71,98.408,50936.98,3820639,11689.52,1867872,5809.91,774418,3431.72,788053,20142.29,731544
2025-06-30,geo_7,3500000,561591.09,98.221,10525.71,964541,8200.13,1312297,5061.9,722932,3794.85,832245,26790.03,1051433
2025-07-07,geo_7,3500000,527277.9,96.278,13591.86,1140390,3244.38,496942,15722.03,2155153,4421.16,886324,25841.22,1047690
2025-07-14,geo_7,3500000,500841.8,98.632,59640.74,5478024,3720.99,654139,11060.09,1641560,3893.52,864320,10498.76,404629
2025-07-21,geo_7,3500000,531239.12,95.453,47187.1,4415147,2807.05,469867,14431.61,1982484,10846.02,2402068,12715.43,444225
2025-07-28,geo_7,3500000,596650.09,97.592,39397.29,3391676,3274.17,529095,5000.57,719650,9324.13,1912177,10178.1,367050
2025-08-04,geo_7,3500000,532256.19,98.568,44475.92,3356102,2947.28,435989,5478.47,746618,10884.89,2579491,10385.51,373216
2025-08-11,geo_7,3500000,524673.01,96.651,10400.64,856150,2433.89,388862,5423.44,732335,3742.92,797280,12029.89,502967
2025-08-18,geo_7,3500000,496732.64,97.736,12852.83,1200377,3549.13,605422,5338.58,773390,9070.63,1766148,9633.52,338320
2025-08-25,geo_7,3500000,508103.72,95.448,45528.95,3647014,2820.22,408467,6012.7,798569,11113.61,2521326,10771.84,395429
2025-09-01,geo_7,3500000,550983.77,93.673,51075.58,4541473,2944.44,473545,4947.71,720494,9797.18,2213226,10611.06,456613
2025-09-08,geo_7,3500000,539880.9,94.174,45493.0,3900336,3656.47,549448,10584.78,1529269,4699.03,1075097,11978.9,426745
2025-09-15,geo_7,3500000,546937.41,95.233,47113.07,4263489,3537.37,577555,14102.95,1916788,5410.59,1273737,10535.43,361463
2025-09-22,geo_7,3500000,491083.51,94.322,11267.61,1008539,2999.09,471411,11741.05,1629566,4944.92,1036871,9761.74,369434
2025-09-29,geo_7,3500000,525036.73,95.043,12509.15,1076346,3179.96,483286,6737.6,860868,4424.8,1033250,11048.72,444336
2025-10-06,geo_7,3500000,484988.43,97.184,40221.24,3533572,3055.95,465887,13033.8,1940370,5375.65,1318455,11274.96,389458
2025-10-13,geo_7,3500000,517637.31,98.642,44248.72,3703354,12491.91,1953601,13065.89,1865913,9608.93,1964952,11769.66,436605
2025-10-20,geo_7,3500000,474337.97,100.109,38171.1,3667231,12499.11,2205316,11278.78,1566429,8495.2,1948849,12425.83,470370
2025-10-27,geo_7,3500000,480890.79,101.968,39457.09,3295876,8896.66,1454356,6006.71,817192,14376.44,3368131,12392.61,414121
2025-11-03,geo_7,3500000,499816.47,103.22,8854.95,809309,11503.0,2038716,11481.57,1522184,4295.03,865875,10110.23,379652
2025-11-10,geo_7,3500000,446932.81,103.577,10604.95,960276,3436.93,549048,10227.79,1462350,5139.62,1121234,19652.69,816395
2025-11-17,geo_7,3500000,489291.64,102.316,40782.24,3586490,3130.16,456093,10410.44,1427605,4443.31,973827,20342.28,776798
2025-11-24,geo_7,3500000,602211.68,103.045,31481.77,2420225,10295.96,1537264,4795.04,744574,5487.93,1279221,8738.66,311410
2025-12-01,geo_7,3500000,476147.25,100.284,36685.75,3047799,11555.08,1914593,6383.47,887743,4840.36,1142386,9555.86,332816
2025-12-08,geo_7,3500000,548492.84,99.095,33150.4,2852011,8207.07,1185112,15033.2,2146974,15139.17,3400261,25503.94,923529
2025-12-15,geo_7,3500000,538433.98,99.346,9686.15,781417,9054.83,1318760,13898.81,1749332,10929.83,2514814,21188.51,859207
2025-12-22,geo_7,3500000,618055.23,101.361,9593.39,857813,2620.4,424866,12363.55,1579100,13362.5,2668830,10297.73,411089
2023-01-02,geo_8,2500000,321871.82,99.849,7569.93,558969,2410.08,412082,11093.13,1489237,2860.0,559695,8829.48,372003
2023-01-09,geo_8,2500000,308391.05,98.471,6270.33,523130,1825.49,343216,13136.05,1792663,7799.85,1570697,7457.22,345431
2023-01-16,geo_8,2500000,361553.63,100.906,7180.8,558797,2300.54,401333,4757.29,649501,8570.69,1592426,8101.92,334483
2023-01-23,geo_8,2500000,363344.85,99.947,7028.2,555956,1489.2,267067,4466.93,556720,6574.68,1443498,15856.74,676614
2023-01-30,geo_8,2500000,387586.85,98.258,23647.66,1933724,1622.33,305537,4791.63,584883,3601.17,809847,15591.04,712878
2023-02-06,geo_8,2500000,364831.92,99.551,26387.47,2064662,6739.78,1112138,4682.64,624320,2782.27,545649,7834.8,347204
2023-02-13,geo_8,2500000,364853.81,101.19,32209.72,2810814,6812.6,1267113,5052.91,677783,2751.41,554398,6627.27,307158
2023-02-20,geo_8,2500000,362646.9,101.184,26035.26,2112786,8102.86,1552024,6102.87,872200,3361.06,762134,6634.77,296422
2023-02-27,geo_8,2500000,381744.93,100.051,7127.03,574553,6862.23,1376633,15361.74,2040695,2744.38,569171,7885.44,306451
2023-03-06,geo_8,2500000,324785.91,102.904,7613.32,649865,2096.38,373274,11488.37,1486306,3634.2,886039,7327.99,324493
2023-03-13,geo_8,2500000,362190.11,101.138,6339.43,514483,2186.39,437096,14046.29,1771454,3487.82,719583,7795.03,343277
2023-03-20,geo_8,2500000,338336.98,103.4,6410.38,470742,2095.37,370621,6928.84,924343,3448.08,772819,7625.58,326207
2023-03-27,geo_8,2500000,346970.5,101.681,6937.46,537331,2262.44,431300,5198.84,712047,2873.46,578213,16301.01,728070
2023-04-03,geo_8,2500000,356583.14,102.549,5885.07,448879,1940.25,344690,6129.35,840393,3127.04,712387,19078.63,774520
2023-04-10,geo_8,2500000,326358.79,103.571,6194.51,507186,8073.26,1636872,5487.82,698117,3702.55,833048,8089.48,355926
2023-04-17,geo_8,2500000,288714.24,105.959,6903.85,522351,7535.56,1449501,4856.52,699429,3799.09,778953,7266.36,310196
2023-04-24,geo_8,2500000,298443.54,104.447,7797.28,593027,9871.54,1905134,5085.86,637775,6985.08,1366703,8137.98,360855
2023-05-01,geo_8,2500000,301530.97,105.131,6075.24,480552,7152.13,1312279,4902.76,645018,5986.22,1126037,12442.07,573408
2023-05-08,geo_8,2500000,342091.08,103.731,5826.97,458457,1919.39,329302,5537.89,773751,7266.85,1465919,17058.27,783005
2023-05-15,geo_8,2500000,380429.13,102.224,8924.91,689340,3058.45,597321,4162.26,552169,3146.2,629797,6381.73,295413
2023-05-22,geo_8,2500000,334123.79,104.529,6763.31,514189,2876.79,544355,13149.42,1772152,3404.16,640291,7892.46,383203
2023-05-29,geo_8,2500000,304173.88,104.297,5014.94,411372,2102.08,421227,9859.41,1245932,3625.67,808310,7261.46,305006
2023-06-05,geo_8,2500000,321872.39,103.142,5745.53,472752,2081.82,362879,9665.88,1304167,2821.04,640811,8152.53,361686
2023-06-12,geo_8,2500000,349046.59,101.346,4875.44,417599,1714.43,277555,3511.41,552645,2725.31,563728,8226.71,370485
2023-06-19,geo_8,2500000,341943.13,101.136,6782.93,575916,2143.89,388444,3070.4,401073,2804.49,533712,8165.29,351766
2023-06-26,geo_8,2500000,295668.47,100.658,5706.83,466145,2193.74,454518,3838.05,546066,3539.24,784909,9516.28,398913
2023-07-03,geo_8,2500000,307607.36,99.176,26267.91,2048239,2214.73,404867,3387.93,466013,3315.8,661173,6889.08,307058
2023-07-10,geo_8,2500000,337533.8,101.961,33071.6,2627676,7656.57,1453826,3777.59,462475,3637.41,766309,8460.41,383709
2023-07-17,geo_8,2500000,361617.17,101.892,25287.27,1860606,7778.41,1585405,3800.89,559179,3545.02,725121,7890.41,328683
2023-07-24,geo_8,2500000,376235.31,101.523,28171.59,2392416,6914.61,1275808,3048.63,419096,3761.76,721563,21373.18,1025124
2023-07-31,geo_8,2500000,329243.96,102.565,7678.24,622147,8926.57,1538658,3390.88,455753,3250.21,630963,20285.77,961885
2023-08-07,geo_8,2500000,349442.38,102.921,8487.39,647303,2730.85,527214,8822.93,1249970,3025.38,590738,9670.75,397900
2023-08-14,geo_8,2500000,330222.7,106.3,33955.2,2733333,2089.65,371965,8794.72,1251406,6303.59,1225896,9813.62,412488
2023-08-21,geo_8,2500000,384853.05,103.769,35920.54,2789534,8858.58,1712800,8675.95,1127955,7291.08,1476200,9636.38,398615
2023-08-28,geo_8,2500000,344109.31,104.083,27402.91,2279835,6921.38,1204004,3648.15,505618,7314.42,1461382,8350.25,373278
2023-09-04,geo_8,2500000,316939.45,104.797,28194.39,1938757,7178.35,1415639,3146.0,417634,3181.14,710021,7569.64,354488
2023-09-11,geo_8,2500000,302605.81,105.979,5837.4,432281,6926.03,1431169,3467.03,474988,3235.38,662014,9101.48,387222
2023-09-18,geo_8,2500000,292325.33,103.981,7109.78,654361,2108.02,409593,3362.84,451370,3559.36,688597,8654.92,379010
2023-09-25,geo_8,2500000,302352.02,105.061,7129.74,569718,1886.3,340459,3629.83,464937,3310.29,661222,7459.04,326807
2023-10-02,geo_8,2500000,305724.94,101.473,9022.65,731020,2668.27,438593,3644.79,468547,3213.47,619772,9649.48,404026
2023-10-09,geo_8,2500000,272863.5,102.158,7764.55,607633,2105.31,367807,3851.15,537756,3123.95,664758,8594.19,396327
2023-10-16,geo_8,2500000,282769.74,105.071,7230.87,597805,1432.03,249050,11567.68,1537315,2825.39,548372,8406.29,361148
2023-10-23,geo_8,2500000,315984.24,104.33,6987.9,549493,1947.4,345440,7978.55,915213,3855.22,902920,9236.09,400288
2023-10-30,geo_8,2500000,289198.38,102.69,6836.9,559241,2003.99,360858,7375.0,842727,4230.51,823584,7922.14,356648
2023-11-06,geo_8,2500000,330999.75,101.582,28805.22,2237122,1513.35,330527,4169.48,591925,3027.83,569480,8744.65,359099
2023-11-13,geo_8,2500000,316525.93,100.833,27515.85,2197586,2047.5,398467,3495.67,524037,10628.99,2188991,8809.64,403561
2023-11-20,geo_8,2500000,408019.43,101.254,29101.94,2204094,2363.24,398371,3920.57,555287,10067.8,1983025,16001.19,697004
2023-11-27,geo_8,2500000,330704.6,102.642,27528.17,2081193,2207.14,391995,3646.12,528963,9288.96,1951225,14775.17,673244
2023-12-04,geo_8,2500000,322815.69,103.043,7466.25,571604,2175.89,401754,3924.04,547120,3700.06,755389,7951.13,388765
2023-12-11,geo_8,2500000,325180.02,102.392,8475.46,716801,2336.03,430877,3377.56,430730,8386.48,1693436,8403.15,394669
2023-12-18,geo_8,2500000,320155.51,100.778,6336.1,449451,2052.79,349287,3581.87,478433,8220.48,1890754,10094.28,462734
2023-12-25,geo_8,2500000,424966.92,100.955,6379.52,542098,2051.64,410900,4859.42,634307,7776.7,1696736,7045.09,284340
2024-01-01,geo_8,2500000,340373.15,100.723,6399.58,547286,2282.67,462567,4362.7,607946,3335.57,595884,8569.61,345458
2024-01-08,geo_8,2500000,346267.79,99.212,9492.11,778173,2723.71,500954,8905.88,1106014,3638.15,790180,7605.62,355680
2024-01-15,geo_8,2500000,340195.28,99.083,8344.83,674162,10809.22,2043846,10148.12,1310689,2805.4,529873,7525.05,317518
2024-01-22,geo_8,2500000,356162.62,98.657,7380.57,579810,7918.83,1554658,11566.73,1582591,3099.14,608876,6619.71,293014
2024-01-29,geo_8,2500000,345101.28,100.064,7028.29,514517,8552.91,1460662,3999.46,548190,2844.53,578434,7471.24,362152
2024-02-05,geo_8,2500000,351143.82,98.83,6370.93,513390,7637.12,1373822,8776.84,1162124,3056.41,670192,8208.03,310866
2024-02-12,geo_8,2500000,352429.83,99.473,8270.8,616240,2146.64,407235,10367.1,1374529,3081.22,703249,7408.6,353416
2024-02-19,geo_8,2500000,359151.33,99.237,7491.38,649256,2041.31,401579,11132.15,1528892,3486.83,685280,6320.13,272469
2024-02-26,geo_8,2500000,368152.87,99.381,7271.63,613780,1849.56,349567,3766.24,435446,3758.92,767412,7795.37,350884
2024-03-04,geo_8,2500000,335887.13,97.55,6705.05,541125,1954.92,379634,3644.23,432529,3344.76,657131,6881.84,330957
2024-03-11,geo_8,2500000,338560.62,96.922,4614.58,323372,1926.95,335419,3282.22,447010,3898.64,856319,6920.92,290790
2024-03-18,geo_8,2500000,366863.55,97.507,5761.65,471599,1935.11,342084,4492.76,583133,3804.64,752818,7618.84,339165
2024-03-25,geo_8,2500000,337787.02,97.658,6870.76,559737,7440.41,1357534,12102.06,1633453,3478.78,640066,6422.65,262562
2024-04-01,geo_8,2500000,360539.44,98.357,7434.29,597280,9293.76,1650426,10106.81,1210303,4184.41,773707,7061.78,327473
2024-04-08,geo_8,2500000,322367.29,95.408,6329.75,505049,7348.49,1300808,9328.57,1248265,3458.77,711132,8556.96,414780
2024-04-15,geo_8,2500000,320161.35,93.708,7578.99,618514,7175.23,1243524,4377.24,556734,3492.21,745933,7819.09,298475
2024-04-22,geo_8,2500000,329257.05,98.938,27540.94,2168589,2197.79,408905,4262.44,523675,2971.05,581285,6353.53,304504
2024-04-29,geo_8,2500000,351554.39,96.912,25619.71,2057962,8473.65,1705381,4002.19,534335,2871.68,538078,5557.95,243445
2024-05-06,geo_8,2500000,339239.32,98.845,32257.86,2372077,8757.99,1655774,3528.19,473840,4261.43,868932,6431.35,269582
2024-05-13,geo_8,2500000,395905.31,98.3,26366.58,2012371,9285.35,1769352,3640.85,467208,3344.34,786897,13668.82,617424
2024-05-20,geo_8,2500000,362312.77,98.801,6386.39,523416,8640.84,1665595,3699.81,457080,6756.37,1267609,14290.94,721475
2024-05-27,geo_8,2500000,337594.29,100.147,8822.16,705122,2727.96,536055,4069.5,515657,8034.06,1580869,7295.43,342838
2024-06-03,geo_8,2500000,371305.66,101.728,8370.73,651916,2692.5,499843,4406.38,534922,8790.44,1748149,6927.65,310555
2024-06-10,geo_8,2500000,352745.58,104.367,7382.24,614615,3154.37,563163,4239.44,562201,3234.14,606173,8436.14,353918
2024-06-17,geo_8,2500000,331899.23,104.122,9097.84,762168,3322.14,662835,5350.57,732500,3686.09,705327,7591.14,334847
2024-06-24,geo_8,2500000,296050.38,102.509,6856.14,581798,2008.5,364985,4197.32,561865,4741.8,958839,8055.5,345405
2024-07-01,geo_8,2500000,343017.01,103.555,28740.83,2119780,2264.63,407584,4263.09,554530,4251.16,814868,9405.8,416276
2024-07-08,geo_8,2500000,351976.54,102.503,32842.97,2412680,7935.99,1530638,4313.66,546694,8299.24,1764980,7335.16,294551
2024-07-15,geo_8,2500000,322694.09,101.978,32319.91,2618652,9687.1,1924320,4328.16,587344,7164.04,1341037,6457.64,292820
2024-07-22,geo_8,2500000,390408.4,99.646,36592.58,2960421,8288.96,1590693,4388.24,552442,9833.11,2118701,6403.97,305113
2024-07-29,geo_8,2500000,361204.71,98.239,7592.02,658847,8538.94,1659379,3351.87,438307,4078.58,774951,7107.74,271549
2024-08-05,geo_8,2500000,364738.89,100.046,39418.75,2718000,2403.48,453345,3333.87,422615,3265.51,664682,7137.09,307682
2024-08-12,geo_8,2500000,349200.58,98.252,27815.34,2146990,7161.76,1383058,3393.26,430635,3296.45,701856,8559.8,338649
2024-08-19,geo_8,2500000,361819.44,101.116,32082.55,2196867,9670.13,1776557,3764.16,522524,3791.93,807236,6355.44,281728
2024-08-26,geo_8,2500000,370596.07,102.297,43753.17,3449350,10942.94,1969328,4188.91,537707,3882.31,823508,7381.09,315202
2024-09-02,geo_8,2500000,316743.82,103.695,8655.69,740103,9353.3,1886303,5089.36,645264,3755.21,770062,8213.97,345545
2024-09-09,geo_8,2500000,340918.35,99.449,6850.08,537272,2076.64,380369,4735.68,601682,3352.36,721427,8987.74,422131
2024-09-16,geo_8,2500000,324565.08,99.379,7459.2,541874,2545.36,502908,3425.17,427138,3181.37,646200,7682.11,384345
2024-09-23,geo_8,2500000,317912.32,99.655,6647.3,516364,2479.61,493012,2851.86,398934,3215.11,659216,6502.29,278788
2024-09-30,geo_8,2500000,324735.51,101.525,6640.33,529875,2268.6,412748,7758.91,1117916,2980.56,543872,9042.24,446762
2024-10-07,geo_8,2500000,291338.31,101.518,6607.75,531645,2876.48,499666,8520.94,1155184,3153.88,648573,6421.67,262736
2024-10-14,geo_8,2500000,277141.93,103.478,6624.26,549828,2855.08,525089,9227.77,1245239,3482.52,713837,7372.9,307065
2024-10-21,geo_8,2500000,272216.86,102.681,7991.78,674837,2588.29,469164,3996.27,591314,2851.89,636918,6466.79,301868
2024-10-28,geo_8,2500000,298630.03,101.815,8645.47,736285,2897.81,509188,3127.12,369222,6889.59,1453064,8740.03,402046
2024-11-04,geo_8,2500000,291859.58,104.818,9749.2,739333,2810.42,458496,4011.36,464390,7165.83,1448147,6155.4,276599
2024-11-11,geo_8,2500000,282957.71,103.213,7167.68,535634,2608.99,497873,3753.62,480056,8032.03,1559470,8009.37,352903
2024-11-18,geo_8,2500000,320291.58,102.422,26708.36,2118898,2039.0,394388,6468.8,827719,2953.8,566138,8617.43,366812
2024-11-25,geo_8,2500000,401400.36,101.645,20163.45,1635714,7339.6,1440981,7530.65,972117,3499.05,731246,6914.56,299242
2024-12-02,geo_8,2500000,371074.4,100.97,28751.07,2295713,12993.61,2282811,11365.6,1423772,3338.0,659025,9578.32,408173
2024-12-09,geo_8,2500000,387301.72,102.121,25908.46,1946604,9910.71,1781261,3679.0,500377,2979.85,669445,18275.4,752519
2024-12-16,geo_8,2500000,349340.78,103.257,7614.18,557410,11365.54,2219143,3702.34,499618,3875.87,785943,15914.9,735785
2024-12-23,geo_8,2500000,437154.62,100.536,6738.65,599088,2320.42,389681,5655.58,768251,3328.84,610143,10721.03,488092
2024-12-30,geo_8,2500000,394866.06,101.219,7622.75,597125,2802.71,523167,3774.3,540163,3108.31,633639,8692.0,430744
2025-01-06,geo_8,2500000,360749.36,101.044,6092.84,494642,2132.83,360444,9573.96,1280970,3202.36,696496,8442.8,388010
2025-01-13,geo_8,2500000,333683.12,101.124,6723.88,444840,1702.47,306346,7232.2,936441,3084.06,611157,8165.79,332212
2025-01-20,geo_8,2500000,343983.5,104.415,7057.0,582864,2067.79,435690,9960.38,1292712,3177.05,652212,7657.91,336891
2025-01-27,geo_8,2500000,336667.92,103.851,7462.63,640483,2027.73,390955,4221.68,596018,3505.79,761110,7639.98,344687
2025-02-03,geo_8,2500000,355457.67,100.898,7689.15,643396,1989.28,391687,3647.25,504505,2882.88,553091,7500.7,351160
2025-02-10,geo_8,2500000,335804.69,102.985,7621.89,639133,2158.31,392019,4655.93,621285,3536.12,680827,6767.72,323611
2025-02-17,geo_8,2500000,347750.8,102.008,5650.11,456743,1673.28,271855,3421.79,421255,3103.23,669508,6270.19,313978
2025-02-24,geo_8,2500000,328492.43,99.139,6599.48,516113,1422.78,255015,4348.43,549203,7681.57,1678501,7470.82,334096
2025-03-03,geo_8,2500000,330421.13,99.106,6908.01,565752,1575.27,291208,3668.36,448437,6239.56,1232653,6873.34,315485
2025-03-10,geo_8,2500000,365111.43,98.885,8108.95,583529,1945.42,382399,3392.82,481375,5851.13,1134511,6065.26,251747
2025-03-17,geo_8,2500000,323620.88,101.361,7625.85,645845,1714.51,331982,10270.19,1343421,2853.86,566618,6284.09,298015
2025-03-24,geo_8,2500000,347701.11,100.528,8406.56,694519,1787.79,333616,10823.8,1407143,2763.6,580203,6036.31,231959
2025-03-31,geo_8,2500000,304335.3,102.72,8328.85,694983,1649.35,347285,10008.46,1378104,2618.94,578849,7910.22,363831
2025-04-07,geo_8,2500000,352110.91,100.57,7976.87,637953,1749.37,319694,3260.88,427615,2825.79,579662,7543.82,335425
2025-04-14,geo_8,2500000,348875.88,102.005,5587.65,404510,1465.84,255991,4250.15,617192,5862.53,1167407,6011.38,270392
2025-04-21,geo_8,2500000,316412.97,102.631,8821.89,755043,1665.99,324029,3659.97,467715,7504.69,1594199,6653.64,316887
2025-04-28,geo_8,2500000,360463.94,100.943,7593.37,641376,1387.57,245186,4428.94,589799,8048.2,1605985,6205.95,264579
2025-05-05,geo_8,2500000,360020.02,99.931,6974.71,527599,1342.37,254728,11088.5,1594461,3033.59,620613,12781.49,565166
2025-05-12,geo_8,2500000,376882.72,100.655,7841.61,633767,1537.72,243616,10096.0,1339955,3309.31,677658,14342.06,646093
2025-05-19,geo_8,2500000,352703.53,100.378,7257.6,564072,1539.42,285178,11388.17,1568567,3312.01,658243,6463.45,251276
2025-05-26,geo_8,2500000,386854.83,96.385,7672.97,583540,1679.32,306890,3817.08,517860,3792.66,795596,6139.81,252273
2025-06-02,geo_8,2500000,363540.04,97.875,27339.84,2030886,1498.54,307207,4915.72,582489,3628.71,767980,6835.42,299774
2025-06-09,geo_8,2500000,371940.24,97.332,43975.7,3513442,7638.23,1424092,3945.22,548095,3810.55,787830,6159.02,289050
2025-06-16,geo_8,2500000,375595.7,97.346,30571.62,2495943,8084.49,1530558,4684.97,677166,4132.66,832930,13548.78,544157
2025-06-23,geo_8,2500000,394540.12,98.408,32719.14,2511282,8111.33,1543968,4117.75,517127,3843.56,735664,12113.98,515453
2025-06-30,geo_8,2500000,379886.92,98.221,7103.79,528721,5779.78,1083320,3698.45,426120,4176.59,850726,15771.86,682422
2025-07-07,geo_8,2500000,405192.18,96.278,9319.92,709070,2225.66,407299,11278.78,1503819,4290.16,776064,16549.83,705536
2025-07-14,geo_8,2500000,367114.68,98.632,40732.91,3070908,2509.57,493988,7828.4,983116,3658.51,873513,6591.23,311200
2025-07-21,geo_8,2500000,387995.04,95.453,32047.19,2659935,1846.56,325938,10414.65,1420439,10117.46,2088096,8009.02,358687
2025-07-28,geo_8,2500000,368402.33,97.592,27968.63,2371130,2310.53,431556,3760.82,481421,8361.09,1777926,6529.66,265509
2025-08-04,geo_8,2500000,343340.81,98.568,31011.74,2624705,2184.88,408602,3813.43,464638,8295.91,1682610,6788.67,278049
2025-08-11,geo_8,2500000,376387.84,96.651,7257.56,540821,1869.89,332339,3663.8,485610,2975.64,591592,8197.11,381938
2025-08-18,geo_8,2500000,358871.21,97.736,7972.78,564941,2500.28,498374,3365.12,453983,7025.32,1496949,6622.35,268529
2025-08-25,geo_8,2500000,338558.39,95.448,30421.71,2466570,2136.31,415494,3404.45,390763,8037.96,1521711,7625.59,329906
2025-09-01,geo_8,2500000,363505.29,93.673,30989.95,2388088,2081.39,367451,2959.34,352621,7082.3,1385425,7154.05,316974
2025-09-08,geo_8,2500000,353007.5,94.174,30240.03,2342919,2472.67,429347,6775.94,936192,3214.92,614179,9346.58,437243
2025-09-15,geo_8,2500000,312707.97,95.233,30998.62,2256096,2643.2,432578,9337.4,1242447,3448.1,707693,8346.62,344803
2025-09-22,geo_8,2500000,340110.39,94.322,7928.88,617778,2306.05,417411,7755.65,1042381,3413.47,688165,7251.45,340541
2025-09-29,geo_8,2500000,362124.95,95.043,9077.52,745328,2235.94,395545,4445.71,589843,2896.08,598664,8427.05,377539
2025-10-06,geo_8,2500000,365938.35,97.184,32289.32,2596611,2189.95,429680,9514.01,1356815,3960.05,842366,8134.45,345580
2025-10-13,geo_8,2500000,326352.84,98.642,34857.06,2878060,8186.63,1423627,9506.7,1302083,6928.89,1434252,7984.81,340801
2025-10-20,geo_8,2500000,345290.74,100.109,29342.33,2398101,7934.44,1374638,8367.47,1151810,6189.42,1169824,8466.19,359318
2025-10-27,geo_8,2500000,356716.43,101.968,30798.27,2599487,5589.23,1051684,4484.69,590888,10539.61,2138958,8857.0,392654
2025-11-03,geo_8,2500000,352296.47,103.22,7184.04,577079,6760.35,1253264,9948.51,1266430,3210.41,700945,7650.44,333780
2025-11-10,geo_8,2500000,372377.68,103.577,7668.42,659760,2013.02,352030,9635.26,1426838,3659.03,731567,13522.2,570679
2025-11-17,geo_8,2500000,363995.72,102.316,30422.51,2382712,1757.1,353514,9151.16,1267428,2949.46,607520,14632.01,654064
2025-11-24,geo_8,2500000,410033.97,103.045,25971.55,2098479,5901.23,1125883,3850.57,563931,3680.57,744236,6167.47,272558
2025-12-01,geo_8,2500000,342640.43,100.284,29320.07,2279036,6455.94,1145899,4845.2,643212,3122.73,645637,6215.82,274279
2025-12-08,geo_8,2500000,399971.37,99.095,26531.68,2201390,5261.65,952213,11963.9,1545499,9769.7,2126641,16114.76,713998
2025-12-15,geo_8,2500000,371524.45,99.346,7973.46,601495,6179.68,1215377,10807.9,1453434,6993.23,1421549,11917.65,543251
2025-12-22,geo_8,2500000,390905.41,101.361,8155.21,656640,1889.34,346659,10602.95,1397295,8741.9,1857253,6179.32,271944
