date,geo,population,revenue,competitor_index,tv_spend,tv_impressions,ooh_spend,ooh_impressions,social_spend,social_impressions,display_spend,display_impressions,search_spend,search_impressions
2023-01-02,geo_1,14000000,2104465.09,101.631,45057.48,3839119,15309.54,2266918,19178.63,2270247,17672.26,2499243,47980.94,2087010
2023-01-09,geo_1,14000000,1892401.87,102.202,48534.64,3892986,13553.38,1836422,19734.17,2728300,17307.06,2785867,47580.18,1894289
2023-01-16,geo_1,14000000,1785915.31,101.523,32062.82,2735376,11050.89,1822276,19180.16,2502026,17651.95,2651010,62403.87,2742008
2023-01-23,geo_1,14000000,1785707.81,97.644,39363.4,3323270,11436.19,1501122,16336.04,2267240,17359.48,2563101,44065.06,1931877
2023-01-30,geo_1,14000000,1793064.32,95.539,153894.23,11938167,11310.8,1588186,16892.46,2138803,19482.75,3151586,50715.69,2125517
2023-02-06,geo_1,14000000,2217364.74,93.951,112318.65,9147195,35530.65,4970179,17766.49,2407736,20853.67,3298236,121370.75,5467780
2023-02-13,geo_1,14000000,2281525.99,94.993,161568.28,14477070,44110.58,6636427,21133.44,2778959,15745.62,2298376,95058.51,3849576
2023-02-20,geo_1,14000000,2293526.06,99.09,202162.4,15944696,51829.16,7851794,24838.03,3485851,16507.95,2482716,40704.95,1628482
2023-02-27,geo_1,14000000,2029364.11,98.631,35458.15,2771218,44416.48,6846197,16047.0,2095683,18861.31,2828894,56062.38,2598257
2023-03-06,geo_1,14000000,2014851.8,96.891,36692.83,3188019,11456.21,1628448,19428.62,2469091,15639.27,2256011,44784.42,1965083
2023-03-13,geo_1,14000000,1971495.08,96.136,43852.69,3365876,11722.15,1754762,46292.65,6034554,18125.95,2818880,53754.4,2179300
2023-03-20,geo_1,14000000,2100183.62,97.751,145247.62,11271605,12955.45,1968986,58375.23,7235721,21335.36,3278613,41531.08,1891305
2023-03-27,geo_1,14000000,1928878.16,98.109,152953.37,12155717,43056.45,6471435,52476.27,6824482,19617.83,2955974,49421.49,2072135
2023-04-03,geo_1,14000000,2061497.01,97.985,168558.13,13858720,46133.68,7198187,21581.41,2959060,20470.67,3285270,37016.06,1636863
2023-04-10,geo_1,14000000,2044973.76,96.175,138078.61,11013006,34488.97,5241464,19733.71,2450379,18787.6,2985995,38820.23,1538989
2023-04-17,geo_1,14000000,2002951.28,97.393,45070.21,3864746,39489.08,6062918,44846.25,5585114,19593.03,3129972,40004.6,1600385
2023-04-24,geo_1,14000000,1961794.77,97.511,35893.28,2917136,11127.27,1632057,45445.47,6052859,17746.98,2949387,43272.19,1789385
2023-05-01,geo_1,14000000,2026612.99,99.991,44287.87,3322328,12650.73,1912264,49872.49,6055311,21254.7,3341633,46022.16,1789468
2023-05-08,geo_1,14000000,1910484.2,100.637,47343.5,3836446,8845.1,1344784,23397.78,3051372,16178.98,2325879,46385.15,1889723
2023-05-15,geo_1,14000000,2010423.07,100.044,52394.17,4409065,13633.3,2225626,26408.11,3343043,39937.78,5715448,39560.23,1732296
2023-05-22,geo_1,14000000,1782409.3,101.468,38533.91,3317801,41899.07,6387206,60522.55,7964953,50236.77,7555855,34775.77,1485346
2023-05-29,geo_1,14000000,1898539.86,101.532,44023.67,3446517,42348.69,6315590,53600.24,6764926,41599.58,5970159,30225.06,1298451
2023-06-05,geo_1,14000000,1932649.15,100.498,43504.64,3678835,45384.69,6611990,67948.49,8441955,19690.39,2958080,43600.47,1939478
2023-06-12,geo_1,14000000,1721775.78,99.464,34007.05,2601326,34295.81,4629849,24200.93,3163443,18524.69,3149201,39612.57,1600468
2023-06-19,geo_1,14000000,1861556.15,101.493,41535.2,3624248,12666.97,1731069,23515.24,2945747,22265.39,3488933,37403.59,1482558
2023-06-26,geo_1,14000000,1675232.09,101.398,44276.09,3687719,11302.04,1711525,23672.57,3322331,20093.81,3221013,43778.59,1867659
2023-07-03,geo_1,14000000,1957172.86,102.683,184160.74,14163622,47549.56,7176605,21061.69,2640237,22013.88,3528752,46342.64,1860434
2023-07-10,geo_1,14000000,1854488.67,103.238,218633.62,17628496,54518.43,8998971,20577.2,2352631,19047.85,3228022,51780.26,2079644
2023-07-17,geo_1,14000000,1985123.64,101.995,171716.01,12989912,49053.14,7194810,21825.6,3035828,17129.34,2496230,52511.7,2140007
2023-07-24,geo_1,14000000,2057428.96,101.099,164587.42,13173366,41157.89,6373568,23027.22,2775412,24191.23,3409538,53069.37,2162014
2023-07-31,geo_1,14000000,1943337.9,99.473,40078.02,3359347,13043.45,2081187,24185.09,3117788,25962.99,3833494,48104.48,2069697
2023-08-07,geo_1,14000000,1964709.16,100.006,38807.88,3167541,12644.47,1833110,20128.95,2603148,44426.04,6438398,44788.92,1851115
2023-08-14,geo_1,14000000,1749301.79,99.123,40137.81,3092814,14073.04,2007978,23212.15,2911010,42497.42,5521032,43068.28,1765921
2023-08-21,geo_1,14000000,1889410.79,100.205,44893.7,3405665,12724.23,1901363,20654.01,2809131,40376.78,6309051,43908.88,2001834
2023-08-28,geo_1,14000000,1683627.44,98.672,32097.15,2448022,11701.51,1713217,74918.63,8387616,23523.86,3374860,99877.92,4307934
2023-09-04,geo_1,14000000,1719317.48,101.789,37797.52,3021941,41591.2,6037690,63362.14,8807962,17720.24,2580373,83956.1,3281874
2023-09-11,geo_1,14000000,1543911.86,99.547,27022.76,2163365,36519.15,5146507,60703.18,7796848,20581.83,3126693,47099.27,1762200
2023-09-18,geo_1,14000000,1685766.07,98.066,27754.75,2263965,36870.1,5018414,29251.38,4068473,20481.5,3158687,49348.46,2326739
2023-09-25,geo_1,14000000,1758718.63,99.786,35388.83,3110485,38720.34,5526318,26102.66,3472403,42248.01,6940993,51254.63,2317275
2023-10-02,geo_1,14000000,1693739.54,99.683,28568.03,2484752,9675.83,1344717,22876.35,2976426,44676.82,6322345,40962.54,1611520
2023-10-09,geo_1,14000000,1615707.4,97.279,37839.01,3112740,14707.33,2234283,31773.78,4177451,43675.05,6724745,39727.89,1681856
2023-10-16,geo_1,14000000,1552477.82,98.927,43036.19,3595668,16800.52,2535097,23889.85,2949697,20625.72,3340985,38890.86,1512627
2023-10-23,geo_1,14000000,1586960.19,98.892,33035.88,3101685,12554.35,1822907,27561.43,3631969,21380.9,3285533,45974.6,1863938
2023-10-30,geo_1,14000000,1734311.98,99.198,136780.72,11370465,12377.93,1889812,24348.24,3427799,20338.87,3033830,33025.81,1396166
2023-11-06,geo_1,14000000,1874530.5,96.77,143415.32,12187768,50770.55,8409620,29369.65,4160646,35744.62,5653213,44329.74,2006598
2023-11-13,geo_1,14000000,1818388.63,95.314,133979.59,10706203,40029.36,5936986,71408.16,8968287,36709.09,5838236,36494.44,1662901
2023-11-20,geo_1,14000000,2201683.31,96.869,142988.18,12121551,57797.05,9554581,59768.39,7644840,40720.98,6900054,38600.57,1514023
2023-11-27,geo_1,14000000,2044565.11,96.725,35121.94,3202441,39766.66,6514538,55694.5,7656981,19208.57,2730707,43945.79,1969454
2023-12-04,geo_1,14000000,1999371.06,95.24,43171.13,3369677,11850.57,1807602,27267.32,3593777,19779.88,2983417,39199.86,1675094
2023-12-11,geo_1,14000000,1862871.29,97.605,39525.88,3354581,12113.0,1825961,24390.72,3081927,14028.0,2111259,43203.36,1812084
2023-12-18,geo_1,14000000,1858232.56,98.346,36701.29,2824427,11369.65,1607399,26935.5,3754399,17942.9,2797826,81849.05,3560625
2023-12-25,geo_1,14000000,2137279.41,101.124,27192.13,2152965,10699.64,1754660,25028.42,3564255,19688.78,3025035,76089.02,3339417
2024-01-01,geo_1,14000000,1686360.85,97.774,30229.27,2631208,12571.19,1867609,26955.89,3468932,17487.22,2655421,47609.25,2044362
2024-01-08,geo_1,14000000,1904167.63,98.802,32231.58,2652228,12060.56,1703163,26395.78,3743403,17203.06,2631161,39200.57,1698564
2024-01-15,geo_1,14000000,1881456.97,98.694,35604.43,2656136,13407.94,1913656,22030.1,2854219,14554.5,2287577,42698.56,1950914
2024-01-22,geo_1,14000000,1803018.24,99.878,121755.47,10096194,11021.5,1530535,27560.85,3702764,20852.12,2980450,41048.06,1671902
2024-01-29,geo_1,14000000,2011033.59,97.617,138562.3,11525331,10907.5,1583251,21867.97,2808710,18773.07,2753865,41062.73,1862068
2024-02-05,geo_1,14000000,2189487.47,97.129,145644.66,12238184,11417.31,1733813,56208.89,7798131,16675.85,2347880,81912.47,3347401
2024-02-12,geo_1,14000000,2069513.29,96.531,122887.12,9690403,13159.58,1997930,59355.04,8281726,16401.89,2679677,84969.33,3457587
2024-02-19,geo_1,14000000,2135169.35,99.592,36537.08,2878287,12160.01,1844409,65914.23,9964047,19349.07,2859557,38469.57,1720602
2024-02-26,geo_1,14000000,2104039.41,98.81,35809.06,3143479,10163.31,1550642,21156.43,2598723,21351.13,3004185,41067.19,1632596
2024-03-04,geo_1,14000000,1934641.47,100.592,31505.02,2551724,9830.27,1475179,57547.94,7712002,17332.29,2754603,45192.14,1705754
2024-03-11,geo_1,14000000,1948767.59,101.396,36537.94,2906009,11410.68,1633793,55168.32,6776836,15659.05,2525853,46626.46,1854166
2024-03-18,geo_1,14000000,2176369.26,98.211,183795.56,15548794,13997.14,2003899,53804.14,7559763,19151.36,2959760,48476.73,1943328
2024-03-25,geo_1,14000000,2179181.07,94.744,158059.96,12175187,47665.03,7690357,20293.2,2419204,15989.29,2315574,45560.9,1992261
2024-04-01,geo_1,14000000,2173284.98,94.224,147044.02,10856730,54227.69,8511640,17150.73,2381130,16790.39,2716433,49884.34,2125878
2024-04-08,geo_1,14000000,1958757.07,97.095,165711.06,14623892,59181.46,8498040,20208.84,2341131,16466.65,2394045,44332.03,1615842
2024-04-15,geo_1,14000000,1977998.64,99.4,40856.81,3169354,52625.3,7064044,24607.2,3268004,14700.66,2442529,38201.57,1418735
2024-04-22,geo_1,14000000,2020686.54,98.282,38699.65,2989714,13118.5,1892893,21632.86,2899481,44740.17,7055877,44430.17,1859868
2024-04-29,geo_1,14000000,1940668.11,100.803,30723.34,2585301,11835.7,2019566,49308.66,6535312,33389.99,4907893,48382.98,2216155
2024-05-06,geo_1,14000000,2002144.56,101.26,29138.69,2401503,9717.09,1441898,50630.09,6298269,49874.88,7595489,56583.92,2234941
2024-05-13,geo_1,14000000,2172641.27,100.19,32349.4,2579578,10497.33,1633192,56240.24,7015793,16419.67,2441357,38412.99,1637885
2024-05-20,geo_1,14000000,1915335.38,100.837,46110.15,3539674,11920.84,1696709,20098.09,2606081,19073.61,2797318,34030.09,1491430
2024-05-27,geo_1,14000000,2022132.44,100.968,40967.05,3278445,13472.64,1867409,20780.99,2646849,19621.78,2841130,45431.85,1867876
2024-06-03,geo_1,14000000,1868077.71,102.401,32118.73,2944773,10542.31,1409255,23373.49,3175024,21613.05,3372001,53234.82,2217475
2024-06-10,geo_1,14000000,1936138.75,102.889,42352.56,3433433,13535.27,1971307,24472.14,3192396,18125.52,2664408,38328.86,1607306
2024-06-17,geo_1,14000000,1841867.9,98.583,33430.68,2468429,13144.15,2081506,20939.78,2827727,25231.41,3824598,39650.77,1784754
2024-06-24,geo_1,14000000,1849052.08,100.086,40639.38,3440339,10451.96,1560205,20423.68,2844744,19458.37,2769555,40274.14,1863645
2024-07-01,geo_1,14000000,1999101.52,99.846,44787.55,3670885,12156.39,1942705,41308.07,5377795,25308.47,3621001,48529.77,2197174
2024-07-08,geo_1,14000000,1778145.51,101.243,38160.34,3049085,10132.53,1508847,43441.91,5796704,22811.13,3605626,33883.04,1407103
2024-07-15,geo_1,14000000,1825404.13,101.9,43389.65,3284294,10601.98,1691585,50102.52,6179584,19544.73,3036838,44477.31,1725332
2024-07-22,geo_1,14000000,1696789.22,101.463,44392.2,3457266,12974.03,2019997,18142.58,2406768,17564.66,2529254,42617.72,1694949
2024-07-29,geo_1,14000000,1818866.91,102.863,32321.06,2683466,8812.89,1348529,19051.58,2490103,20227.06,3167706,41531.52,1832110
2024-08-05,geo_1,14000000,1607508.57,103.013,38532.38,3223857,11930.62,1950715,21577.61,3001951,19555.43,2821305,42691.58,1811279
2024-08-12,geo_1,14000000,1707327.56,102.29,40677.77,3092086,12566.43,1830611,22706.92,2895201,17151.08,2595120,47752.06,2106991
2024-08-19,geo_1,14000000,1628149.81,101.601,36343.27,2605876,13515.53,1929025,72725.87,9617564,18384.45,2615937,49830.08,2107334
2024-08-26,geo_1,14000000,1698301.2,101.498,33358.23,2786946,9529.54,1247842,45742.15,5935778,19388.51,2711492,38913.5,1559613
2024-09-02,geo_1,14000000,1574947.1,101.081,45949.45,3686579,11536.5,1800853,53434.62,6889874,21051.99,3168230,41126.4,1596449
2024-09-09,geo_1,14000000,1937626.22,101.09,163887.86,13243101,13171.94,2106788,27182.59,3865702,18388.9,2533900,46743.62,2090224
2024-09-16,geo_1,14000000,1860505.94,100.095,153580.25,10985547,36503.2,5243458,17597.59,2281453,19004.22,2714518,37677.78,1720923
2024-09-23,geo_1,14000000,1809847.11,100.446,146158.49,12931169,45016.69,6518068,20370.59,2622089,16666.47,2339217,46986.98,2006095
2024-09-30,geo_1,14000000,1977892.26,97.583,166675.58,12208962,51789.14,6859510,17583.62,2189537,15807.51,2404182,97357.76,4369828
2024-10-07,geo_1,14000000,1847575.22,97.013,45642.51,3564682,43717.44,6277802,22629.8,2616190,20836.64,3398376,84204.9,3291881
2024-10-14,geo_1,14000000,1758086.52,98.461,36689.22,2924671,10656.26,1595230,17870.38,2434831,18837.8,2616813,36796.09,1555054
2024-10-21,geo_1,14000000,1627624.61,99.438,40187.53,3350776,13573.75,1835272,20565.2,2821616,17157.23,2720169,38854.75,1744305
2024-10-28,geo_1,14000000,1487866.71,98.084,37048.04,3228043,11088.05,1574223,21284.36,2703952,21417.82,3146556,41742.08,1809470
2024-11-04,geo_1,14000000,1850439.53,97.035,35335.98,3057636,12677.63,1791475,18723.08,2529218,19377.34,3020012,45523.1,2064008
2024-11-11,geo_1,14000000,1760570.27,98.578,36172.38,2935401,13729.42,2074926,17010.32,2282574,14479.72,2244587,43136.34,2075732
2024-11-18,geo_1,14000000,1873547.97,99.152,37158.67,3263588,12048.62,1618392,18874.85,2257127,13955.62,2092916,45191.51,1638856
2024-11-25,geo_1,14000000,2238673.34,99.688,138146.41,10212619,11159.24,1679579,52217.09,6709965,18693.54,2764203,48660.81,2386032
2024-12-02,geo_1,14000000,2034139.77,102.268,134913.1,10782188,39943.01,5595774,51643.97,5988396,17225.94,2331616,43266.56,1981148
2024-12-09,geo_1,14000000,1890828.59,101.542,176398.23,13713818,43139.24,6547641,53341.48,7634158,49762.5,7469050,42605.6,1760927
2024-12-16,geo_1,14000000,2210476.04,99.916,195069.21,16390346,53166.09,6957612,19196.3,2440006,37978.72,5470972,46889.25,2081925
2024-12-23,geo_1,14000000,2385441.05,101.83,44386.74,3538101,49181.6,7171904,24576.27,3394911,46864.24,7943982,49740.19,1883832
2024-12-30,geo_1,14000000,1944096.15,101.02,37149.37,3058696,11308.15,1720435,23579.05,2913344,19893.62,2707025,94962.64,3974511
2025-01-06,geo_1,14000000,2085253.12,97.891,40057.65,3559804,12043.48,1791993,21823.86,2633746,17176.51,2541031,93145.66,3895429
2025-01-13,geo_1,14000000,2005349.72,95.938,38252.32,3053162,9798.0,1445937,19931.15,2528630,60064.99,8890614,48475.22,1956998
2025-01-20,geo_1,14000000,2147357.22,96.68,33862.2,2941051,9145.17,1269796,18777.07,2304728,44206.0,6714525,51271.78,2007087
2025-01-27,geo_1,14000000,2032293.78,96.543,37219.09,3077517,8267.54,1158792,16104.85,1999526,49586.53,7637584,41475.5,1875583
2025-02-03,geo_1,14000000,1920822.03,97.738,38511.14,3371664,9685.36,1381051,19657.77,2610421,19062.62,2652753,43648.58,1663860
2025-02-10,geo_1,14000000,2091613.75,100.562,44645.19,3710517,47165.84,7050555,19967.39,2366557,20074.37,3036154,45005.64,1804723
2025-02-17,geo_1,14000000,2035809.21,97.751,37240.67,2822194,38612.15,5473452,61703.65,8178037,18206.64,2603736,42054.03,1791755
2025-02-24,geo_1,14000000,1996047.75,97.712,47935.15,3806732,44238.4,6166466,56539.49,7643794,18227.35,3122700,52742.02,2436615
2025-03-03,geo_1,14000000,2095443.79,99.076,44027.7,3527583,43067.11,6438131,45423.04,5740765,21867.0,3407507,43899.11,1745401
2025-03-10,geo_1,14000000,2146324.09,100.748,207218.01,15441662,12819.93,1715893,22501.96,2897109,17061.24,2483855,37008.97,1530662
2025-03-17,geo_1,14000000,2292516.74,99.298,205116.02,16875214,50596.61,7274177,19035.99,2299871,48861.43,8219992,53079.09,2512214
2025-03-24,geo_1,14000000,2086845.55,101.373,187181.09,15168719,38599.5,6114946,26870.96,3565288,48180.2,7867183,47828.7,1864381
2025-03-31,geo_1,14000000,1948138.04,101.691,185834.84,15228878,46275.27,7066619,28925.83,3764775,47194.7,7114586,33128.94,1720340
2025-04-07,geo_1,14000000,2163238.95,101.035,45640.4,4013706,44501.16,6721799,22930.69,3164352,18713.7,2795195,47790.27,1956866
2025-04-14,geo_1,14000000,2140774.75,98.668,47114.02,3988033,10721.15,1498104,19537.09,2575388,24946.17,3563418,48433.03,1875902
2025-04-21,geo_1,14000000,1954309.75,98.377,49015.97,4503399,13513.97,2069629,24029.06,3084990,18955.98,2995097,46348.74,2008811
2025-04-28,geo_1,14000000,2061124.88,97.979,52843.97,4380147,15307.77,2312007,21653.47,2700034,18438.81,2681559,47921.17,1818272
2025-05-05,geo_1,14000000,2129764.74,100.277,44194.55,3601977,13049.6,1793665,22111.9,3178936,18059.49,2838249,92364.79,3996351
2025-05-12,geo_1,14000000,2104232.12,97.805,48392.34,4538171,17294.01,2777579,21729.68,2817927,53777.55,8635397,112172.5,4145197
2025-05-19,geo_1,14000000,1900988.63,97.608,44364.58,3780769,12539.4,1862616,19652.63,2462993,52375.55,7907674,47712.05,2099246
2025-05-26,geo_1,14000000,1984966.89,95.395,36474.95,3168513,11678.64,1701819,59810.36,8071540,40620.14,5818412,48340.37,2196396
2025-06-02,geo_1,14000000,2095140.99,96.099,156931.88,12368257,13465.41,1902172,64056.77,7795793,16811.74,2653617,47151.35,2117863
2025-06-09,geo_1,14000000,2127342.73,97.459,159662.0,12953479,14089.4,2085658,57268.55,7906000,16028.07,2341471,49742.18,2144636
2025-06-16,geo_1,14000000,2145108.46,96.81,168093.7,13015902,13545.9,1808508,21423.59,2783993,20644.54,2829854,47012.66,2222076
2025-06-23,geo_1,14000000,2134794.05,99.245,147907.77,11628733,13146.44,2105501,21902.23,2788473,18527.61,2767796,41989.68,1621479
2025-06-30,geo_1,14000000,2122752.17,98.886,43870.86,3631824,12364.6,1800161,26296.14,3340815,19664.42,2988797,46456.99,1933501
2025-07-07,geo_1,14000000,2109208.79,98.594,36399.73,2932882,11781.82,1916138,66850.68,7972952,37877.27,5767964,86135.73,3672428
2025-07-14,geo_1,14000000,2191605.56,99.223,37140.92,3428649,11453.1,1748796,58454.0,7069097,41587.15,6612825,94086.49,3843540
2025-07-21,geo_1,14000000,1906659.01,96.676,157368.04,12657192,11810.11,1785531,52372.13,6474373,45126.68,6990978,39115.18,1608543
2025-07-28,geo_1,14000000,2134706.07,96.97,149217.46,12972708,38714.59,5864907,24906.37,3424630,21803.38,3406498,49711.47,2344900
2025-08-04,geo_1,14000000,1940413.65,97.761,129948.97,9457844,40559.37,5653516,22117.77,2715145,16743.43,2597301,37779.14,1620199
2025-08-11,geo_1,14000000,1996202.07,99.639,118981.52,9059030,35724.9,5320363,57110.85,7209488,31180.76,5048494,37251.27,1634751
2025-08-18,geo_1,14000000,1858852.88,102.581,32582.79,2787155,35685.58,5023237,69412.46,8612151,41689.08,6640563,41359.83,1787860
2025-08-25,geo_1,14000000,1969631.23,101.31,33255.65,2881844,10840.85,1884680,63696.64,7579979,49135.28,6951789,49032.7,1992938
2025-09-01,geo_1,14000000,1796019.06,101.803,47833.01,3957951,14677.08,1941634,16429.4,2262667,23757.79,3785746,44441.87,1806130
2025-09-08,geo_1,14000000,1701983.6,102.742,133181.49,10535014,9457.69,1323158,17886.54,2237298,14701.41,2237922,43678.26,1790614
2025-09-15,geo_1,14000000,1876425.56,102.59,121796.76,10454838,38880.05,6953479,21505.94,2647971,20841.72,2881786,45189.25,1828401
2025-09-22,geo_1,14000000,2054167.5,99.317,196969.42,18620749,60544.75,9293789,17165.73,2287643,21695.64,3124778,42087.53,1769466
2025-09-29,geo_1,14000000,1839928.23,98.499,124548.71,9693825,40392.88,5730533,41086.01,4539423,47111.8,7596975,46814.57,2117833
2025-10-06,geo_1,14000000,1777778.11,99.687,35099.18,2943321,42669.74,6578943,51887.49,6941478,43154.07,6855542,49862.31,2144989
2025-10-13,geo_1,14000000,1967192.49,99.269,39208.82,3332100,11323.12,1543945,53148.86,7625942,47931.28,6667928,47715.32,2193702
2025-10-20,geo_1,14000000,1810192.09,100.402,148440.79,10819634,9430.99,1314506,20692.63,2704222,19804.22,2960484,40279.29,1716390
2025-10-27,geo_1,14000000,1886364.28,101.348,154924.42,13302861,11614.97,1602889,23016.07,2840039,23866.84,3425363,57166.87,2402014
2025-11-03,geo_1,14000000,2012819.08,101.087,177337.59,15113575,12585.26,1797440,50697.37,6810103,17405.43,2590723,95226.17,4013598
2025-11-10,geo_1,14000000,1987081.63,100.442,187714.84,14273410,11009.11,1645168,54337.47,7983664,23727.05,3606100,82709.46,3525506
2025-11-17,geo_1,14000000,2075147.83,100.151,37994.62,3150206,10248.84,1478452,54156.81,8136095,46581.89,6998266,42464.85,1819537
2025-11-24,geo_1,14000000,2249815.19,100.176,41163.15,3365618,9511.51,1428241,25035.4,3142201,47013.22,6665535,64623.84,2811928
2025-12-01,geo_1,14000000,1908576.7,99.601,152644.23,11777811,10415.46,1436706,42219.23,5156905,58374.6,8783887,47858.72,1844925
2025-12-08,geo_1,14000000,2158832.25,98.159,142384.09,10433834,9811.85,1550094,58242.69,8247719,20602.86,2879739,88817.05,3607154
2025-12-15,geo_1,14000000,2142026.9,99.585,147445.22,11948314,10578.43,1470527,42599.34,5413335,22579.56,3431618,83391.94,3660461
2025-12-22,geo_1,14000000,2507209.4,99.558,145792.78,12234492,11507.01,1576566,17882.78,2456857,20846.78,3226816,42125.4,1623555
2023-01-02,geo_2,9000000,1176591.88,101.631,33526.09,2948298,8653.88,1314122,16043.49,2285911,11108.63,2495955,33141.35,1252967
2023-01-09,geo_2,9000000,1241941.12,102.202,33213.87,3062316,8866.85,1395597,15913.54,1913273,11471.24,2545531,29753.18,1028348
2023-01-16,geo_2,9000000,1255408.08,101.523,24327.77,2302203,7212.74,1166843,14960.63,2249653,11382.95,2528207,38608.01,1279532
2023-01-23,geo_2,9000000,1313492.13,97.644,29082.09,2780814,7701.12,1220511,12621.16,1669404,11392.05,2306874,27310.03,992343
2023-01-30,geo_2,9000000,1318679.24,95.539,111069.87,11119452,8058.49,1252145,13767.64,1873747,12302.08,2602164,34466.27,1112488
2023-02-06,geo_2,9000000,1287051.38,93.951,81556.85,8238710,21377.23,3267487,13682.42,1926463,13224.31,2856775,80796.1,2977178
2023-02-13,geo_2,9000000,1376184.5,94.993,118345.47,11132134,25351.18,3965514,15729.11,2092848,10182.1,2018508,60823.5,2178105
2023-02-20,geo_2,9000000,1351101.98,99.09,139826.95,13360444,28585.76,4418136,17579.75,2534140,10467.51,2108620,28173.18,1009187
2023-02-27,geo_2,9000000,1320567.0,98.631,26042.38,2138784,28941.45,4434047,10721.18,1562816,12654.15,2682467,38754.89,1295864
2023-03-06,geo_2,9000000,1429286.89,96.891,25792.9,2417981,7482.3,1055503,13327.62,1973135,11260.1,2531897,29675.76,1121908
2023-03-13,geo_2,9000000,1266933.53,96.136,29957.04,2576617,7750.78,1275880,26391.52,3396056,11961.09,2933564,34795.75,1200398
2023-03-20,geo_2,9000000,1456131.41,97.751,101533.96,8814495,8935.78,1368188,33001.08,4984072,15154.46,3269348,24127.12,856250
2023-03-27,geo_2,9000000,1306424.08,98.109,98985.51,10035258,26983.5,4609807,31817.02,4797645,13154.7,2937781,27355.7,979271
2023-04-03,geo_2,9000000,1415075.8,97.985,104431.91,8977275,30831.77,4660578,13080.37,1728804,13368.88,2657724,22076.06,741998
2023-04-10,geo_2,9000000,1375415.36,96.175,81035.8,8225159,24014.52,3606765,13118.39,1980814,14658.2,3158238,23215.4,787495
2023-04-17,geo_2,9000000,1330244.89,97.393,26844.42,2598375,28213.16,4435259,31415.17,4574285,14625.29,3096698,23591.72,839783
2023-04-24,geo_2,9000000,1351385.24,97.511,21542.7,1873076,7690.11,1118859,31263.54,4527716,13262.11,3221883,26462.77,970138
2023-05-01,geo_2,9000000,1298172.75,99.991,25977.45,2345744,8844.33,1386288,29533.82,4434376,15217.13,3343500,29538.34,915728
2023-05-08,geo_2,9000000,1201543.73,100.637,30944.86,2886579,6535.35,1102014,14002.54,1970019,12032.64,2530251,33991.19,1141709
2023-05-15,geo_2,9000000,1347346.62,100.044,34430.67,3258914,9663.41,1733443,16146.75,2275570,26622.48,5851934,27351.66,895325
2023-05-22,geo_2,9000000,1169535.89,101.468,26438.36,2351050,29534.23,4618981,35059.49,5234113,29370.65,5906391,22958.84,712265
2023-05-29,geo_2,9000000,1292391.3,101.532,28795.89,2303065,29716.09,4558777,29575.68,4023179,25098.92,5423631,18583.63,639763
2023-06-05,geo_2,9000000,1222296.95,100.498,27839.35,2743252,31034.64,4694057,36488.0,5090383,12059.29,2650096,26621.83,944998
2023-06-12,geo_2,9000000,1100419.36,99.464,22154.87,2143493,21478.84,3561206,12732.61,1856916,11334.83,2558318,26599.08,941615
2023-06-19,geo_2,9000000,1237980.05,101.493,26572.71,2343395,7287.89,1066349,12764.73,1742386,13940.34,3292016,26595.48,996364
2023-06-26,geo_2,9000000,1094247.46,101.398,28404.99,2637469,6519.38,1019861,13081.98,1852120,13854.11,2946257,32167.24,1064711
2023-07-03,geo_2,9000000,1169724.18,102.683,116201.33,10508362,27142.77,4341135,11210.17,1528062,14635.34,3170985,30249.63,1045530
2023-07-10,geo_2,9000000,1309194.33,103.238,144743.05,12234227,29701.15,4251035,10049.84,1425074,12239.7,2646694,33500.18,1244082
2023-07-17,geo_2,9000000,1175819.95,101.995,115952.33,11402555,28231.68,4163488,11171.72,1667720,10123.85,2377740,32839.41,1212515
2023-07-24,geo_2,9000000,1335225.1,101.099,111871.99,9879554,23921.04,3595032,11639.79,1741615,14359.96,3018361,33220.74,1165558
2023-07-31,geo_2,9000000,1205420.95,99.473,29537.43,2620142,7277.77,1104824,12033.61,1828000,14849.81,3317490,27777.79,1006736
2023-08-07,geo_2,9000000,1132316.45,100.006,30184.54,3008212,7663.07,1219845,10400.59,1449578,27509.33,5725263,25436.09,838474
2023-08-14,geo_2,9000000,1205430.93,99.123,31747.07,2971002,8284.41,1233442,12499.79,1823012,26536.05,6333580,25283.33,887758
2023-08-21,geo_2,9000000,1086754.59,100.205,38322.2,3638079,7648.13,1279830,10038.73,1614131,23870.84,5271582,27473.85,903843
2023-08-28,geo_2,9000000,1130479.81,98.672,26848.03,2277642,6982.15,1042562,34885.23,5678050,15598.26,3202425,56828.65,1939680
2023-09-04,geo_2,9000000,1186817.51,101.789,28609.72,2473720,24963.51,4048441,26754.08,3781230,11255.83,2427435,46978.77,1686136
2023-09-11,geo_2,9000000,1091742.91,99.547,23054.86,1984559,25471.36,4009137,25755.65,3651689,13680.57,2850549,25507.04,899184
2023-09-18,geo_2,9000000,971533.3,98.066,25038.02,2343526,24464.68,3454080,12704.39,1929140,13500.42,2575594,26643.07,916947
2023-09-25,geo_2,9000000,954089.11,99.786,30777.21,2580757,26218.56,3790616,11959.63,1773022,29662.45,7044419,31837.17,1223736
2023-10-02,geo_2,9000000,1015009.1,99.683,21680.42,2011423,6315.34,1011601,11012.75,1636479,30165.67,6379898,27129.35,958030
2023-10-09,geo_2,9000000,1114218.0,97.279,29880.72,3000890,9126.82,1472113,14989.3,2105920,28502.18,6100880,27236.53,938965
2023-10-16,geo_2,9000000,1051060.87,98.927,31354.41,2792158,9675.31,1372614,11096.0,1503112,14153.3,3283851,27886.74,988262
2023-10-23,geo_2,9000000,970884.07,98.892,24063.23,2254950,7437.64,1038426,13537.54,1971499,14224.32,2738357,32342.7,993994
2023-10-30,geo_2,9000000,1087475.27,99.198,98268.59,8954191,7652.19,1139013,12342.08,1887971,13354.18,2971478,23875.84,953845
2023-11-06,geo_2,9000000,1167585.52,96.77,111972.89,9803960,30621.97,4720765,14672.64,1978622,23646.9,5551649,30173.72,1071775
2023-11-13,geo_2,9000000,1331952.43,95.314,107714.15,10033205,24274.63,4082528,35842.5,5592856,25054.04,4819909,24831.73,905281
2023-11-20,geo_2,9000000,1600762.31,96.869,111941.42,9693590,35350.21,6353804,29741.25,4788342,25608.07,5431449,27917.23,960971
2023-11-27,geo_2,9000000,1264120.65,96.725,25752.28,2351528,25419.77,3875177,30535.17,4400818,12375.35,2426947,33080.89,1181953
2023-12-04,geo_2,9000000,1269063.32,95.24,30244.0,2628481,7453.63,1197200,16478.26,2347274,12464.48,2802697,29030.0,1110116
2023-12-11,geo_2,9000000,1234404.1,97.605,28935.53,2680409,7610.0,1243889,14910.34,1993970,8929.8,1823269,29328.48,998964
2023-12-18,geo_2,9000000,1199338.48,98.346,29280.57,2662928,6597.79,1018977,16529.41,2300608,11893.68,2877396,57458.31,1971608
2023-12-25,geo_2,9000000,1386529.89,101.124,22277.91,2097824,6744.56,977733,15497.0,2236128,13342.57,2900464,54004.87,1792423
2024-01-01,geo_2,9000000,1277563.38,97.774,27600.9,2846928,7170.33,1118033,16455.45,2511002,12271.84,2607091,36657.96,1318742
2024-01-08,geo_2,9000000,1291732.12,98.802,30663.31,2934980,7177.72,1172086,14879.39,2197747,12249.06,2833362,31637.45,1013662
2024-01-15,geo_2,9000000,1253831.55,98.694,33290.86,2937663,7793.1,1144488,13461.12,1925922,9682.98,2038643,30704.63,1083574
2024-01-22,geo_2,9000000,1406330.37,99.878,112104.29,11640749,6634.22,900723,17300.34,2444665,15741.28,3145245,26533.69,854839
2024-01-29,geo_2,9000000,1490627.97,97.617,128178.37,11563395,6251.61,1014457,14638.12,2221036,13938.52,3024973,25989.02,862565
2024-02-05,geo_2,9000000,1465482.56,97.129,127000.33,9892966,6810.5,1067318,37060.19,5345892,12700.48,2551232,58182.43,1880603
2024-02-12,geo_2,9000000,1476143.45,96.531,104647.5,10609228,8131.11,1311460,36312.71,5275271,12470.53,2551188,58175.99,2053810
2024-02-19,geo_2,9000000,1305025.72,99.592,33431.21,3116094,7210.75,1156252,39923.43,5614259,14316.56,3241664,24031.79,785465
2024-02-26,geo_2,9000000,1318327.44,98.81,28627.25,2568827,5407.3,860868,12258.87,1756694,14654.43,3207087,24277.37,866300
2024-03-04,geo_2,9000000,1316561.2,100.592,25355.86,2262480,5921.47,883780,33924.76,4108237,12244.52,2894553,27507.54,998806
2024-03-11,geo_2,9000000,1279574.06,101.396,29898.22,2566716,6254.87,1000308,32242.59,4795765,10736.13,2249451,24461.81,845553
2024-03-18,geo_2,9000000,1303052.3,98.211,137458.12,12690618,8628.76,1426575,33246.24,4939055,13232.37,2670358,25311.72,842545
2024-03-25,geo_2,9000000,1366695.84,94.744,120493.5,11251488,27482.97,4514342,12121.13,1695739,11655.79,2239676,25639.66,933965
2024-04-01,geo_2,9000000,1372951.7,94.224,116767.05,10643670,28899.25,4547536,9909.47,1405824,11974.09,2514735,27914.27,1020766
2024-04-08,geo_2,9000000,1322571.93,97.095,127085.62,11208152,31773.98,4855889,13210.24,1835608,11695.11,2630901,26854.28,881911
2024-04-15,geo_2,9000000,1325973.85,99.4,30947.01,2683195,28253.03,4616767,16367.6,2332077,11164.09,2563546,22082.21,852935
2024-04-22,geo_2,9000000,1328953.16,98.282,28023.66,2765436,7934.92,1148603,14727.86,2256181,34761.93,6637561,25410.69,885313
2024-04-29,geo_2,9000000,1354852.27,100.803,21447.49,1908812,7255.97,1142105,37494.89,5290852,25090.57,5369383,28543.93,950317
2024-05-06,geo_2,9000000,1239817.28,101.26,19099.9,1900867,5600.52,875865,37005.84,5107535,31459.88,7358920,38553.22,1251889
2024-05-13,geo_2,9000000,1415837.94,100.19,20165.44,1916348,6272.73,945989,41450.55,6668043,9897.46,2061858,26279.7,1021162
2024-05-20,geo_2,9000000,1106783.08,100.837,30858.42,2871253,6885.67,1099443,14949.2,1914448,10106.76,2341878,23201.77,758693
2024-05-27,geo_2,9000000,1208204.35,100.968,27171.36,2450721,8325.04,1364210,14499.16,2217440,10952.17,2678802,30630.98,1035254
2024-06-03,geo_2,9000000,1228216.95,102.401,20298.08,1833494,5739.07,834801,15733.93,2264372,10937.58,2372023,35749.58,1289666
2024-06-10,geo_2,9000000,1177134.17,102.889,26598.25,2653984,8081.88,1316066,16476.51,2329663,9111.2,2145675,27535.79,971427
2024-06-17,geo_2,9000000,1237589.65,98.583,20269.66,1935002,8089.38,1266308,15333.98,2046351,12754.73,2968462,29020.5,1072613
2024-06-24,geo_2,9000000,1037052.38,100.086,24281.92,2007914,6287.02,1007206,16017.58,2211592,9715.3,2074565,29147.81,1088416
2024-07-01,geo_2,9000000,1154138.78,99.846,24752.36,2248043,7341.1,1175374,32751.98,5052682,12378.86,2648136,33191.21,1255323
2024-07-08,geo_2,9000000,1186742.12,101.243,22283.46,2031515,6657.51,1081385,32618.25,4525451,11725.07,2803988,23213.51,820687
2024-07-15,geo_2,9000000,1126513.83,101.9,24814.8,2211041,7032.15,1040455,40895.84,5509994,11925.33,2480975,31227.03,1062392
2024-07-22,geo_2,9000000,1174785.79,101.463,24224.17,2247813,7909.19,1197378,15550.95,2526335,10457.66,2154554,28460.28,981808
2024-07-29,geo_2,9000000,1149732.21,102.863,17263.43,1676476,5114.4,792966,15001.82,1981464,12039.81,2685239,28255.28,987191
2024-08-05,geo_2,9000000,960119.2,103.013,21065.36,1987163,6337.75,994044,15515.65,1977432,12492.01,2734919,26642.22,946788
2024-08-12,geo_2,9000000,1130584.24,102.29,22793.91,1976588,6500.8,1047548,15988.17,2307160,11692.26,2379194,29057.74,1022337
2024-08-19,geo_2,9000000,1222827.78,101.601,20082.49,1745318,6542.08,1075774,52677.2,7653365,12771.06,2844127,27966.75,964932
2024-08-26,geo_2,9000000,1099716.63,101.498,19363.21,1963875,4814.59,749905,34899.74,4798446,14598.35,3263762,22131.6,727524
2024-09-02,geo_2,9000000,1127879.46,101.081,27309.99,2389563,6430.86,936953,38045.78,5312440,14412.24,3110205,25722.29,929789
2024-09-09,geo_2,9000000,1151029.09,101.09,96464.1,9313176,6793.79,1084271,20246.25,2965457,12677.46,2800145,27597.44,1004110
2024-09-16,geo_2,9000000,1182414.93,100.095,85826.89,8071446,16666.99,2792239,14536.73,2054753,12784.67,2864266,24684.56,860106
2024-09-23,geo_2,9000000,1149418.34,100.446,81902.21,7281633,20525.32,2971234,18088.78,2750787,11992.08,2538107,30551.95,1202445
2024-09-30,geo_2,9000000,1316266.71,97.583,92669.04,9189035,22417.61,3722775,14517.9,2203719,11410.59,2432167,63624.95,2260929
2024-10-07,geo_2,9000000,1231963.78,97.013,27167.08,2351729,19201.61,2823839,19329.74,2821172,14441.07,2833222,59920.75,2228448
2024-10-14,geo_2,9000000,1089179.72,98.461,21832.93,2044850,5024.55,741959,14883.93,2091933,13428.18,2839449,24411.51,837174
2024-10-21,geo_2,9000000,1019841.76,99.438,25622.94,2180555,6833.89,1066324,17103.14,2273716,12454.85,2674828,24512.77,796013
2024-10-28,geo_2,9000000,1063806.62,98.084,25105.04,2366903,5707.54,843779,17390.87,2542555,14448.76,3110733,24562.48,880238
2024-11-04,geo_2,9000000,1133145.54,97.035,22936.98,2126441,7188.3,1241756,14812.98,2223650,14058.45,3206445,25909.16,939936
2024-11-11,geo_2,9000000,1293453.52,98.578,25025.68,2255094,7623.25,1183678,13465.79,1891164,9572.23,2144484,25691.14,907724
2024-11-18,geo_2,9000000,1132234.96,99.152,25702.34,2419710,6869.43,1097298,14595.0,2101853,8556.24,1940670,24729.89,803766
2024-11-25,geo_2,9000000,1401262.31,99.688,84135.83,7674646,6561.31,893160,40726.7,5467024,11621.19,2637285,25860.38,819087
2024-12-02,geo_2,9000000,1339173.78,102.268,78801.72,7780327,22122.83,3320547,45427.31,7091312,11150.25,2518799,24890.61,828045
2024-12-09,geo_2,9000000,1256784.02,101.542,101910.37,8953960,25198.1,3656159,46750.14,6316532,32408.38,7098262,24411.58,845966
2024-12-16,geo_2,9000000,1369508.03,99.916,115908.21,10590722,30059.06,4916901,14241.17,1965963,23839.79,5101268,24873.8,809412
2024-12-23,geo_2,9000000,1553482.62,101.83,25798.59,2381682,29410.79,4477322,19104.94,2617268,29609.51,6591342,24016.88,817672
2024-12-30,geo_2,9000000,1276864.73,101.02,22727.16,2219222,6830.77,983076,16284.75,2330754,11885.15,2418456,48147.77,1503757
2025-01-06,geo_2,9000000,1358823.48,97.891,26278.35,2272166,7471.64,1111502,15139.43,2265832,9415.03,1947913,45569.99,1653741
2025-01-13,geo_2,9000000,1364407.46,95.938,22781.35,1976703,6068.32,1035184,13804.49,1930457,33831.75,8427126,22686.69,870151
2025-01-20,geo_2,9000000,1348235.27,96.68,21860.19,1995875,6180.03,939925,13049.31,1908366,21940.28,5080919,23369.96,839018
2025-01-27,geo_2,9000000,1398736.43,96.543,22387.03,1991919,5698.81,818809,11630.84,1693991,23694.1,5123416,19836.32,677166
2025-02-03,geo_2,9000000,1313821.27,97.738,24401.68,2496153,6618.73,1102831,14712.13,2171164,9487.46,2131676,23579.28,793995
2025-02-10,geo_2,9000000,1159410.79,100.562,28973.77,2806125,29447.35,4425960,15173.93,1982971,9196.06,1892545,22611.63,705034
2025-02-17,geo_2,9000000,1336237.94,97.751,22562.63,2027904,25787.24,4168018,46338.57,6887208,9328.7,2012039,21747.67,842129
2025-02-24,geo_2,9000000,1304227.31,97.712,29553.2,2464266,27404.71,4110273,39551.95,5861663,9963.83,2072809,28361.14,939651
2025-03-03,geo_2,9000000,1310463.72,99.076,24420.67,2271986,25023.88,3560203,31052.43,4439766,10873.51,2463681,25546.2,903973
2025-03-10,geo_2,9000000,1337268.52,100.748,116136.4,11769014,7430.97,1157110,15324.96,2038961,8586.74,1831251,21571.29,771097
2025-03-17,geo_2,9000000,1344227.48,99.298,113524.5,10064368,31871.95,5467986,12951.71,2153197,24363.16,5481961,31507.11,1095222
2025-03-24,geo_2,9000000,1361501.94,101.373,103594.39,8888111,24739.5,3809410,18501.76,2640653,26505.49,5853624,30058.18,1049360
2025-03-31,geo_2,9000000,1287388.67,101.691,96216.94,8717841,34904.75,5044467,19348.58,2510489,26143.95,5532260,23536.09,844138
2025-04-07,geo_2,9000000,1329081.0,101.035,23337.9,2051782,33390.24,5256592,14548.93,2120788,11250.77,2600360,32266.69,1191191
2025-04-14,geo_2,9000000,1296917.12,98.668,23922.43,2118730,6936.39,1039548,12625.62,1807122,14266.87,3466913,31537.31,982539
2025-04-21,geo_2,9000000,1416821.73,98.377,26952.93,2548366,8410.76,1462705,16546.51,2445549,11250.67,2632785,31087.56,1142563
2025-04-28,geo_2,9000000,1339215.25,97.979,32314.11,2855622,9148.74,1336635,14839.13,2060975,11126.42,2369266,33740.43,1271542
2025-05-05,geo_2,9000000,1338186.37,100.277,28920.93,2819435,7490.49,1192157,14559.69,2267254,9757.15,2309507,59930.18,2275760
2025-05-12,geo_2,9000000,1446470.33,97.805,32872.51,2929709,9542.62,1485000,14220.07,2075263,30849.59,6321624,70281.65,2569487
2025-05-19,geo_2,9000000,1142910.22,97.608,28994.45,2535373,7628.68,1383849,12591.64,1912440,30472.89,5931796,27347.66,1006188
2025-05-26,geo_2,9000000,1209201.25,95.395,25909.73,2568679,6895.44,1161788,37598.86,5733654,23417.05,5497458,30905.0,1051338
2025-06-02,geo_2,9000000,1281654.02,96.099,114658.98,9455548,7653.7,1136583,38966.91,5233370,10679.95,2306433,29249.12,1056927
2025-06-09,geo_2,9000000,1375851.0,97.459,117793.86,10762114,8065.44,1328819,33834.62,4294140,10661.61,2198546,30170.18,1040571
2025-06-16,geo_2,9000000,1429520.95,96.81,121235.49,10975160,7661.19,1120916,12940.29,1938678,12621.25,2830093,29572.33,1049804
2025-06-23,geo_2,9000000,1410238.86,99.245,100782.2,9317785,7849.74,1465789,12631.71,1750337,11210.76,2357705,26470.44,905017
2025-06-30,geo_2,9000000,1377711.92,98.886,29038.02,2720503,7750.03,1328773,14109.64,2036634,12366.65,2907945,30112.15,1066482
2025-07-07,geo_2,9000000,1419789.19,98.594,23084.32,1926896,7721.19,1265362,37095.64,5333054,23471.03,5566016,59204.1,1949940
2025-07-14,geo_2,9000000,1214097.59,99.223,25034.85,2141877,7020.34,1189332,33464.03,5295150,27898.55,6162659,65972.05,2305684
2025-07-21,geo_2,9000000,1458869.26,96.676,112090.69,9103630,8166.37,1319005,31245.32,4577721,26025.13,5649837,25631.19,987439
2025-07-28,geo_2,9000000,1452410.32,96.97,103070.46,10647217,25363.43,3986350,15378.07,2172165,12674.32,2795162,32534.43,1211123
2025-08-04,geo_2,9000000,1391146.89,97.761,95854.67,8954498,24861.73,4031480,14554.44,2191770,10211.59,2086004,26487.4,888769
2025-08-11,geo_2,9000000,1392939.27,99.639,93317.78,8573401,21677.23,3099743,39708.75,5385196,19682.66,4402503,27266.42,932885
2025-08-18,geo_2,9000000,1219799.66,102.581,25414.36,2291073,24310.1,3702751,50368.57,7275018,25572.08,5398520,28299.97,1043945
2025-08-25,geo_2,9000000,1111794.25,101.31,24890.14,2324718,7284.59,1332137,47948.75,7510513,30533.01,6474296,31541.11,1130243
2025-09-01,geo_2,9000000,1236822.51,101.803,37660.17,3107159,9326.48,1466400,13752.13,2181252,14033.62,2933617,27575.82,954591
2025-09-08,geo_2,9000000,1312719.68,102.742,93912.32,9130160,6428.11,997643,15288.19,2024968,8739.44,1926553,27939.36,1036683
2025-09-15,geo_2,9000000,1212851.02,102.59,97071.47,8558387,26154.47,4156732,16406.06,2423838,11427.63,2150890,30068.15,965094
2025-09-22,geo_2,9000000,1291460.15,99.317,151283.21,12705012,39448.43,5958433,13406.44,1838164,11803.46,2583374,27489.69,986702
2025-09-29,geo_2,9000000,1325211.21,98.499,91664.19,8513276,25842.8,4195566,32357.01,4382300,26189.45,5456352,28860.23,1112413
2025-10-06,geo_2,9000000,1240498.71,99.687,25333.26,2313029,29196.82,4467605,38445.15,5276311,24295.76,5617520,29706.36,1009812
2025-10-13,geo_2,9000000,1228966.69,99.269,27795.83,2537646,7724.19,1210591,36663.93,5559185,26790.01,5367857,27955.24,986557
2025-10-20,geo_2,9000000,1109653.67,100.402,103494.62,9606482,6327.4,977875,15580.16,2313485,10627.89,2168844,25099.65,906021
2025-10-27,geo_2,9000000,1119773.44,101.348,108374.31,9657911,7215.81,1227783,16712.43,2152802,12780.07,2724047,32174.34,1226143
2025-11-03,geo_2,9000000,1255799.49,101.087,132162.28,11671848,8934.29,1245567,38501.38,5132620,10587.89,2186421,57794.33,1951906
2025-11-10,geo_2,9000000,1362152.81,100.442,149493.53,13166239,9147.43,1466620,38164.1,5340148,14124.49,2906923,47592.41,1737523
2025-11-17,geo_2,9000000,1131318.58,100.151,28187.26,2369481,8663.73,1337605,37398.37,5239768,27346.37,5456313,24675.88,799673
2025-11-24,geo_2,9000000,1436564.73,100.176,29339.33,2521730,7840.59,1135110,17730.79,2538507,25011.8,5255483,39363.7,1173496
2025-12-01,geo_2,9000000,1441162.32,99.601,105411.47,9133153,8647.27,1210443,31297.28,4731388,30298.43,6240256,28128.25,1063877
2025-12-08,geo_2,9000000,1408199.85,98.159,105135.44,9659336,7388.41,1096229,41671.77,5829744,11971.09,2719978,50494.03,1862126
2025-12-15,geo_2,9000000,1367693.75,99.585,104782.32,9440991,7523.16,1339500,32361.43,4093946,13499.86,2798426,43815.31,1593632
2025-12-22,geo_2,9000000,1534938.33,99.558,118761.5,11016592,8269.08,1276239,13538.03,2159418,13238.01,2907804,22670.7,847261
2023-01-02,geo_3,7000000,924210.59,101.631,22801.7,1919839,6546.93,1090833,10784.08,1678030,8837.31,1989901,19869.15,659601
2023-01-09,geo_3,7000000,885726.15,102.202,22088.77,1710402,6392.9,951951,10805.63,1583190,9318.08,2018186,20849.23,734285
2023-01-16,geo_3,7000000,837684.74,101.523,15767.5,1311803,5306.34,989225,10328.19,1473066,9369.85,1980409,27134.94,987108
2023-01-23,geo_3,7000000,971613.97,97.644,18113.41,1431610,5475.48,899795,8562.67,1313381,8837.36,2215630,19895.36,711137
2023-01-30,geo_3,7000000,1018651.4,95.539,68370.03,5247218,5766.75,945247,9706.54,1626691,9886.49,2164868,25422.66,919928
2023-02-06,geo_3,7000000,1112137.25,93.951,51165.12,4194598,17295.9,2971345,10090.09,1556207,11198.99,2513240,58021.57,1847248
2023-02-13,geo_3,7000000,1124226.4,94.993,69128.84,5716503,20999.77,3351946,12612.11,1988559,8277.52,1721117,47049.1,1637477
2023-02-20,geo_3,7000000,1040053.07,99.09,87010.56,6631984,23773.34,3811684,13977.26,2290085,8557.53,1896373,19485.4,741068
2023-02-27,geo_3,7000000,1034420.97,98.631,15538.7,1263074,22867.22,3761950,9502.28,1430271,10198.28,2144095,27776.64,949640
2023-03-06,geo_3,7000000,1028781.42,96.891,16728.21,1579101,5732.67,879507,11085.07,1680916,8754.18,1809277,20231.0,797675
2023-03-13,geo_3,7000000,972623.26,96.136,20179.46,1617342,6736.46,1114454,23891.49,3640426,9237.24,1769471,23853.07,775910
2023-03-20,geo_3,7000000,940751.1,97.751,66887.49,5618052,7171.23,1097727,30140.33,4826850,10509.99,2275677,19503.17,736804
2023-03-27,geo_3,7000000,1082627.21,98.109,63144.6,4510232,20522.1,3549990,29264.52,4157188,9564.55,2187019,21901.61,765442
2023-04-03,geo_3,7000000,1003575.45,97.985,76259.63,5797844,23845.35,4121360,12414.7,1877730,10984.48,2388311,17346.77,571024
2023-04-10,geo_3,7000000,1028850.92,96.175,61011.2,4661482,17032.1,2807794,11816.54,1956577,11575.45,2435093,19076.63,751403
2023-04-17,geo_3,7000000,1019866.88,97.393,19150.83,1519339,20048.16,2908083,26932.93,3512766,11489.41,2449875,19924.43,760527
2023-04-24,geo_3,7000000,980805.31,97.511,15686.73,1249865,5719.57,887946,26681.89,3891410,10482.24,2313166,21867.83,798424
2023-05-01,geo_3,7000000,1053831.37,99.991,18922.5,1510446,7026.91,1240875,27739.36,4467456,12062.35,2737398,24302.17,834895
2023-05-08,geo_3,7000000,938340.3,100.637,20164.43,1728619,4970.93,849018,12426.13,1981166,9412.01,1916063,23925.27,851661
2023-05-15,geo_3,7000000,961214.57,100.044,22130.91,1731786,7336.71,1213190,14303.62,2481575,23948.56,4908173,21027.21,815542
2023-05-22,geo_3,7000000,897150.24,101.468,16394.92,1354770,22431.27,3536810,30355.15,4880791,26133.35,5347595,18756.28,636898
2023-05-29,geo_3,7000000,989073.03,101.532,19465.8,1451862,22137.4,3607338,25454.12,3934767,21537.38,4536359,16875.96,593834
2023-06-05,geo_3,7000000,931047.63,100.498,19274.08,1561362,22637.46,3469328,30954.1,5052399,9856.12,2059897,24161.43,924308
2023-06-12,geo_3,7000000,931591.28,99.464,14615.18,1080121,16281.11,2806079,10833.68,1637402,9122.11,1881774,22524.34,853341
2023-06-19,geo_3,7000000,899387.89,101.493,17737.15,1486794,6003.04,849458,10155.18,1599956,10641.01,1940835,22468.09,782778
2023-06-26,geo_3,7000000,860585.91,101.398,18848.4,1382220,5201.05,871585,10115.83,1557902,9810.91,2178131,26789.44,980384
2023-07-03,geo_3,7000000,880485.02,102.683,78523.28,6308607,20733.43,3267982,10084.57,1490850,10110.25,2087413,27825.91,924067
2023-07-10,geo_3,7000000,919454.6,103.238,97253.16,7718468,21999.42,3120083,9317.73,1422376,7924.03,1590894,30681.67,1077282
2023-07-17,geo_3,7000000,972967.13,101.995,74825.78,6330528,18927.03,3187722,10307.08,1642122,6741.1,1343851,30980.62,1182755
2023-07-24,geo_3,7000000,1094362.89,101.099,78401.76,6774877,16856.58,2687903,10206.76,1411458,10170.75,2048588,29543.59,1108328
2023-07-31,geo_3,7000000,996199.63,99.473,18316.8,1435666,5485.68,930783,10624.93,1613108,9987.62,2037010,23197.42,823784
2023-08-07,geo_3,7000000,873344.36,100.006,18330.69,1372871,5722.36,878476,9093.06,1268409,18150.67,3829139,20864.24,712172
2023-08-14,geo_3,7000000,872950.71,99.123,20000.66,1657541,6807.98,1087142,9724.86,1529852,17265.43,3962388,19464.13,675911
2023-08-21,geo_3,7000000,833601.88,100.205,22882.62,1894751,6282.58,1002352,8266.52,1295049,15116.67,2965953,21725.98,705579
2023-08-28,geo_3,7000000,873212.87,98.672,17278.89,1423454,5635.63,918306,30292.68,5170510,8494.29,1856284,47233.21,1681209
2023-09-04,geo_3,7000000,895073.21,101.789,20900.56,1482727,20646.75,3287852,23576.13,3367332,6490.87,1439371,39930.4,1501637
2023-09-11,geo_3,7000000,826226.72,99.547,14182.47,1052399,18747.04,3150612,21389.5,3091238,7706.28,1731794,23025.44,874030
2023-09-18,geo_3,7000000,786073.83,98.066,15234.24,1229103,16673.37,2682032,10244.38,1685959,7491.66,1518664,25465.1,814155
2023-09-25,geo_3,7000000,870758.82,99.786,19093.84,1331063,18637.51,2908217,9951.3,1624841,16720.77,3685617,29916.44,1053583
2023-10-02,geo_3,7000000,875108.73,99.683,14224.55,1057914,4269.11,705674,8970.9,1435576,17157.11,3964183,25820.67,940693
2023-10-09,geo_3,7000000,897401.58,97.279,19549.25,1494445,6156.27,987267,12605.4,1832686,15730.14,3614824,25872.5,900101
2023-10-16,geo_3,7000000,782437.4,98.927,22966.72,2128795,5974.84,963708,9144.78,1343711,8087.63,1632753,25974.79,950077
2023-10-23,geo_3,7000000,741872.28,98.892,16389.35,1204650,4214.08,671099,10589.48,1638656,8932.12,1901517,30187.37,1075156
2023-10-30,geo_3,7000000,852723.35,99.198,67662.14,5507501,4524.13,776571,9016.82,1391251,9421.66,2084971,21418.05,795544
2023-11-06,geo_3,7000000,946492.36,96.77,76161.93,5984452,17805.34,3079753,10107.25,1539853,15116.3,3365898,27585.94,1062553
2023-11-13,geo_3,7000000,919168.39,95.314,68739.52,5191657,15039.95,2209894,25622.8,4146089,15794.38,3628642,21564.84,721032
2023-11-20,geo_3,7000000,1136445.57,96.869,75114.47,5756059,22279.09,3657948,22116.43,3344713,18423.28,4170145,25269.08,899837
2023-11-27,geo_3,7000000,1022270.07,96.725,17750.48,1266117,15779.83,2850274,23187.49,3605204,8974.89,2035705,27548.66,1032547
2023-12-04,geo_3,7000000,977841.56,95.24,21250.45,1665463,4892.64,839171,11806.57,1783958,9638.94,2142101,22458.94,826113
2023-12-11,geo_3,7000000,865188.27,97.605,19366.9,1420639,5222.66,817941,10168.64,1416295,6844.66,1322971,23746.89,867213
2023-12-18,geo_3,7000000,906777.87,98.346,19022.05,1545624,5048.17,838233,10855.66,1735943,8789.5,2119201,43810.61,1534949
2023-12-25,geo_3,7000000,1044814.92,101.124,14876.8,1204345,5118.5,806947,10899.2,1751506,10283.3,2041740,40518.65,1412767
2024-01-01,geo_3,7000000,941894.03,97.774,19061.52,1683250,6102.01,968711,12720.8,1939493,9288.61,2023471,26815.97,969279
2024-01-08,geo_3,7000000,944501.68,98.802,20227.18,1662425,5854.52,916068,11759.57,1855095,9521.26,1837238,22072.43,883887
2024-01-15,geo_3,7000000,990284.27,98.694,21497.2,1470938,6329.96,1009054,10596.0,1581757,7197.33,1532114,24174.96,942503
2024-01-22,geo_3,7000000,1087822.71,99.878,70776.24,5210747,5630.43,996204,14054.07,2153559,10425.4,1865299,22473.17,843380
2024-01-29,geo_3,7000000,998226.39,97.617,87602.63,7101007,5687.51,906401,11988.03,1689348,9586.13,2208369,24587.6,896771
2024-02-05,geo_3,7000000,1163896.6,97.129,91037.12,6992097,5892.75,1006295,29971.23,5317986,8758.7,1761750,52992.11,2117666
2024-02-12,geo_3,7000000,1144704.73,96.531,82344.87,6839522,7709.24,1327857,28956.17,4484620,8952.23,2109844,55476.37,2186237
2024-02-19,geo_3,7000000,997371.9,99.592,22568.56,1715130,6736.1,1049308,34212.53,4739629,10192.12,2113168,21570.75,789403
2024-02-26,geo_3,7000000,1002546.97,98.81,19344.41,1726118,5068.46,757028,10855.72,1528726,10209.06,1975908,23350.26,801850
2024-03-04,geo_3,7000000,954787.7,100.592,17237.48,1227125,4914.65,786203,28668.06,4371313,8704.99,1960391,24805.78,905635
2024-03-11,geo_3,7000000,1034984.92,101.396,20458.62,1610470,5059.62,829807,29275.33,4860461,7527.19,1636493,23461.32,895252
2024-03-18,geo_3,7000000,1122011.53,98.211,93453.25,7202316,6346.3,1099502,29599.33,4709754,9317.4,1831010,24366.99,869512
2024-03-25,geo_3,7000000,1064875.1,94.744,83786.85,7164752,21564.45,4032905,10416.78,1802378,8121.54,1681342,22243.13,833440
2024-04-01,geo_3,7000000,1070179.74,94.224,79630.11,6473706,23990.41,3777545,8580.15,1174984,9395.56,2031553,24372.35,816570
2024-04-08,geo_3,7000000,1091705.44,97.095,88466.83,6617767,25832.95,4183683,11077.44,1692631,9291.63,1819226,23342.19,832763
2024-04-15,geo_3,7000000,994812.46,99.4,21621.64,1691335,23177.02,3922815,13200.69,2037802,8567.39,1652697,19315.03,687474
2024-04-22,geo_3,7000000,906969.8,98.282,20751.91,1928078,5820.54,848907,11559.98,1719630,26747.99,6178810,21510.95,791505
2024-04-29,geo_3,7000000,1014247.28,100.803,16871.95,1301719,5674.2,890921,28788.26,4653145,20832.5,4318806,26858.82,998997
2024-05-06,geo_3,7000000,1004214.69,101.26,15062.14,1217103,4740.98,757843,29943.32,4289926,28137.25,5994396,33380.78,1183870
2024-05-13,geo_3,7000000,985306.95,100.19,17696.12,1327664,5310.26,888337,34839.85,4915263,9178.01,2164709,23593.93,920417
2024-05-20,geo_3,7000000,933028.15,100.837,26804.79,1958011,5869.83,982516,11794.34,1765857,9133.54,1924599,20812.56,716325
2024-05-27,geo_3,7000000,895378.02,100.968,23845.88,1995594,6824.37,1048869,11171.16,1710563,8797.23,1915351,25675.66,856416
2024-06-03,geo_3,7000000,1008526.65,102.401,17325.2,1289268,4643.16,829330,11998.09,1584940,9190.6,1722038,30759.1,1236767
2024-06-10,geo_3,7000000,914117.66,102.889,24380.41,2077013,6090.99,1011809,13139.46,2002493,7819.02,1475338,21859.97,760673
2024-06-17,geo_3,7000000,929659.99,98.583,18240.94,1393078,6834.87,1172064,13103.59,1867981,11390.41,2486469,23196.03,794439
2024-06-24,geo_3,7000000,948521.28,100.086,21575.7,1606924,5256.24,812596,12634.35,1882831,9416.99,2110338,22111.42,796666
2024-07-01,geo_3,7000000,990993.62,99.846,25174.58,1949132,6041.54,897470,26325.65,4085222,11641.27,2184823,26612.32,1046811
2024-07-08,geo_3,7000000,812512.8,101.243,22426.28,1784993,5308.68,917362,24644.72,3465909,10712.24,2203167,19619.84,725570
2024-07-15,geo_3,7000000,905332.64,101.9,25347.23,1850380,5506.92,910873,29024.87,4105061,9244.7,2035292,26776.47,981719
2024-07-22,geo_3,7000000,829051.39,101.463,25629.88,1990099,6623.56,1175218,10920.77,1451483,8911.5,1987080,24922.2,981406
2024-07-29,geo_3,7000000,1031740.21,102.863,18969.57,1549304,4309.61,657297,10843.13,1582404,10024.63,2140360,23331.28,896707
2024-08-05,geo_3,7000000,828114.98,103.013,22984.83,1746922,5978.46,1022039,12163.29,1993890,10314.2,2187962,22383.99,832543
2024-08-12,geo_3,7000000,933921.09,102.29,24566.45,2014563,5741.76,915406,12928.24,2089524,8110.95,1761234,24511.94,967841
2024-08-19,geo_3,7000000,981229.76,101.601,20239.1,1651404,5962.04,960926,41143.96,6912221,8950.49,1850435,25509.56,946219
2024-08-26,geo_3,7000000,897871.13,101.498,16889.56,1386229,4379.62,687735,24718.23,4085817,9461.58,2068599,20074.4,803342
2024-09-02,geo_3,7000000,781948.84,101.081,24192.52,1820823,6084.45,981450,28767.53,4490287,9811.43,1939685,23464.39,899219
2024-09-09,geo_3,7000000,939433.76,101.09,81442.26,6569917,6847.02,1171628,14767.26,2185736,8329.76,1832494,26128.81,919086
2024-09-16,geo_3,7000000,896873.1,100.095,70707.2,6006461,19462.49,3165375,10600.71,1545729,8200.75,1632331,20259.7,731562
2024-09-23,geo_3,7000000,943394.76,100.446,70311.88,5901284,22204.62,3461297,12175.75,1886794,7678.21,1616814,25952.33,943532
2024-09-30,geo_3,7000000,984157.81,97.583,74663.03,5519353,26808.88,4493660,9701.41,1672284,7440.71,1547905,54542.91,2072586
2024-10-07,geo_3,7000000,977391.22,97.013,22229.13,1891296,22008.1,3969758,12514.5,1925054,9231.65,1983756,54195.54,2173557
2024-10-14,geo_3,7000000,809718.1,98.461,19289.46,1492448,5672.81,1021025,9826.7,1361521,8347.11,1692736,21095.17,785458
2024-10-21,geo_3,7000000,897422.66,99.438,21523.96,1586963,7420.17,1316691,10602.36,1735665,7750.97,1599208,23242.62,764293
2024-10-28,geo_3,7000000,795797.44,98.084,21189.95,1829104,5810.25,983866,10964.44,1642093,8858.87,1813969,23261.17,913272
2024-11-04,geo_3,7000000,899546.37,97.035,19607.13,1606478,6762.41,1076616,9371.08,1382100,9510.81,2134147,27355.08,956661
2024-11-11,geo_3,7000000,770667.19,98.578,18614.33,1390845,6634.43,1111882,8126.38,1404786,7163.95,1564364,24705.4,869959
2024-11-18,geo_3,7000000,948912.12,99.152,18905.82,1425796,6157.57,918242,8187.34,1153311,6609.5,1441263,25020.83,926542
2024-11-25,geo_3,7000000,1078523.33,99.688,65804.63,4986374,5451.03,922706,23501.17,3609530,8481.26,1845089,27559.93,886874
2024-12-02,geo_3,7000000,1051847.52,102.268,60025.86,4809348,20726.8,3410605,23717.16,3790362,7766.62,1684390,25153.1,959374
2024-12-09,geo_3,7000000,954343.89,101.542,76482.31,5637040,22384.91,3782487,24488.26,3586760,20762.62,4236403,25273.72,834068
2024-12-16,geo_3,7000000,1033891.44,99.916,82260.16,6631502,27135.42,4096619,7902.14,1153961,17017.86,3222155,24225.72,802312
2024-12-23,geo_3,7000000,1141190.09,101.83,19159.28,1571704,25350.6,3969624,10725.34,1617731,21595.45,4411895,24102.09,919269
2024-12-30,geo_3,7000000,1012919.9,101.02,15965.23,1323888,5595.21,985827,10250.58,1504747,9485.7,1936776,49017.95,1910689
2025-01-06,geo_3,7000000,1021496.53,97.891,16687.98,1364053,6885.97,1015670,10217.25,1489973,7708.49,1570612,45867.28,1488384
2025-01-13,geo_3,7000000,980484.8,95.938,16522.54,1217035,5539.87,909431,9200.95,1339399,25777.49,5764954,22294.4,887986
2025-01-20,geo_3,7000000,1023582.53,96.68,15271.28,1287639,5431.32,884430,9067.76,1242287,19031.79,4226715,24271.48,887163
2025-01-27,geo_3,7000000,1059760.56,96.543,16327.46,1406248,4920.54,819107,8116.39,1289479,22255.41,5422454,20979.53,784966
2025-02-03,geo_3,7000000,967898.87,97.738,17660.41,1470930,5915.44,822302,9428.24,1423342,8942.79,1903999,24611.18,903465
2025-02-10,geo_3,7000000,940471.58,100.562,19736.38,1827328,26076.49,4222227,10223.08,1558153,8865.9,2092175,24270.7,902079
2025-02-17,geo_3,7000000,999685.48,97.751,16458.58,1313836,21854.68,3634056,31471.1,4308636,8147.83,1688040,22309.68,835774
2025-02-24,geo_3,7000000,1006943.83,97.712,22357.57,1873792,23280.22,3879855,31126.98,4523652,8224.64,1663308,28146.79,1065399
2025-03-03,geo_3,7000000,1000226.14,99.076,19223.77,1904690,22278.24,3572102,25490.29,3967952,9567.03,1985970,24266.53,974285
2025-03-10,geo_3,7000000,1038621.64,100.748,88737.47,7686850,6591.05,1160589,12269.69,1971021,7232.49,1658956,20038.85,727451
2025-03-17,geo_3,7000000,1005940.07,99.298,86823.2,6808172,28963.78,4231452,9925.16,1530748,19546.42,4510186,27257.74,934095
2025-03-24,geo_3,7000000,1121935.39,101.373,83194.35,7021053,21645.14,3492439,14868.09,2109924,19705.62,4998056,25300.94,942634
2025-03-31,geo_3,7000000,1064815.19,101.691,84013.79,6564457,26185.32,4177134,16134.61,2490749,20232.31,4031079,17725.57,642029
2025-04-07,geo_3,7000000,1043782.84,101.035,22504.46,1803467,23397.7,3995215,12668.1,1941420,8998.02,1909135,26189.4,1041373
2025-04-14,geo_3,7000000,1013360.25,98.668,20835.06,1546231,5449.79,970906,11998.43,1726444,10631.55,2346253,24464.55,974388
2025-04-21,geo_3,7000000,972358.97,98.377,20989.0,1700514,6713.81,1100265,14654.05,2076787,8817.58,1915450,22145.41,808826
2025-04-28,geo_3,7000000,1151107.26,97.979,23670.2,1833136,7408.31,1234341,12548.85,1762207,8649.98,1710551,25775.55,984853
2025-05-05,geo_3,7000000,990606.64,100.277,20327.76,1748308,5673.34,969016,12613.18,2007325,8027.61,1711363,42547.35,1548413
2025-05-12,geo_3,7000000,1148566.49,97.805,21495.07,1703536,7640.62,1127884,12011.6,1883174,23159.29,5036038,48194.24,1727916
2025-05-19,geo_3,7000000,930319.6,97.608,21586.54,1700489,5858.94,892575,10931.69,1654098,23226.41,5365744,18915.0,607623
2025-05-26,geo_3,7000000,1031979.0,95.395,19580.43,1597888,5788.29,955848,30516.4,4655660,17516.1,3514334,21682.85,823720
2025-06-02,geo_3,7000000,1022688.5,96.099,88880.51,7581616,6303.85,964069,32713.28,4918936,7279.04,1538423,21000.15,810913
2025-06-09,geo_3,7000000,983382.55,97.459,90869.52,6658826,6212.38,1095277,29689.11,4765899,7589.17,1577242,22029.75,735949
2025-06-16,geo_3,7000000,1029660.7,96.81,93052.92,8375111,6061.01,917150,11036.03,1774113,9339.08,2002659,21015.77,749638
2025-06-23,geo_3,7000000,1050316.96,99.245,82186.65,6170829,6220.21,927026,11377.98,1798964,8917.0,1993724,19294.13,711087
2025-06-30,geo_3,7000000,928463.59,98.886,24868.71,1858033,6056.57,958717,12991.62,2114881,9209.35,1818265,21895.38,759065
2025-07-07,geo_3,7000000,1029634.81,98.594,19003.08,1540991,5975.6,1035163,33022.37,5383687,18357.72,3845156,45052.61,1716487
2025-07-14,geo_3,7000000,990060.81,99.223,20087.85,1637558,5635.59,1015379,26503.2,4078340,19779.07,4608574,46560.25,1473988
2025-07-21,geo_3,7000000,1097022.91,96.676,88586.76,7104208,5984.27,1005901,23856.69,3998812,18947.94,3714820,19405.68,719608
2025-07-28,geo_3,7000000,997235.58,96.97,82898.71,6412945,21521.61,3547143,12058.98,1648420,9147.03,1897451,24556.24,910590
2025-08-04,geo_3,7000000,1016251.0,97.761,72835.9,5876193,22148.21,4173433,11433.91,1823142,7130.87,1426622,19631.63,752511
2025-08-11,geo_3,7000000,1069890.07,99.639,70166.38,5608913,18402.94,3107723,30326.7,4451682,13899.86,2936443,19720.07,673490
2025-08-18,geo_3,7000000,949256.49,102.581,19678.06,1544104,20041.86,3212579,35390.78,5472828,19774.66,4569574,20534.29,707759
2025-08-25,geo_3,7000000,891779.69,101.31,18688.01,1607217,5798.95,898693,32858.08,5015768,23128.44,5202904,24631.25,963236
2025-09-01,geo_3,7000000,977110.61,101.803,25614.47,1775036,7990.82,1292012,8777.88,1497972,10776.32,2367258,23328.26,821278
2025-09-08,geo_3,7000000,889462.21,102.742,70234.55,5704418,5741.53,941887,10097.52,1653546,6988.92,1412347,23177.37,786632
2025-09-15,geo_3,7000000,905817.42,102.59,68296.73,5436209,23971.26,3462775,10993.53,1669427,8973.57,1902957,23906.04,962308
2025-09-22,geo_3,7000000,954815.48,99.317,107663.82,8075113,36766.88,5640885,9167.73,1450322,9155.3,2023872,20883.44,726432
2025-09-29,geo_3,7000000,964163.09,98.499,67691.47,5998133,22748.51,4046273,21633.56,3318106,20454.63,4275626,23141.09,857405
2025-10-06,geo_3,7000000,982566.84,99.687,19342.38,1512932,24726.38,3793583,25072.5,3812632,19424.31,4136115,24303.34,866358
2025-10-13,geo_3,7000000,927081.17,99.269,21322.96,1608241,6789.88,1080574,23832.15,3653200,22615.49,4514417,22141.13,729122
2025-10-20,geo_3,7000000,971408.13,100.402,80004.59,6434083,5146.47,920181,10000.54,1543598,8796.12,1847580,19089.88,749985
2025-10-27,geo_3,7000000,1000944.84,101.348,80588.06,6060198,6002.78,1028999,10352.46,1677390,11096.36,2399911,25410.05,974579
2025-11-03,geo_3,7000000,976274.35,101.087,98907.92,8324732,7089.83,1217873,22732.55,3302885,8582.69,1726107,48555.5,1832957
2025-11-10,geo_3,7000000,1013796.0,100.442,115120.03,8415208,6752.25,1059454,23851.71,3504802,11506.13,2347560,39832.13,1556761
2025-11-17,geo_3,7000000,914208.83,100.151,22747.84,1866614,6433.12,977189,24246.12,4217263,20884.04,4416466,20248.26,731940
2025-11-24,geo_3,7000000,1218522.01,100.176,21822.69,1893338,6128.64,1045607,11144.36,1814896,19070.28,3508122,29085.59,966031
2025-12-01,geo_3,7000000,1018883.97,99.601,74588.15,5661290,6697.25,1081302,20034.75,3254831,23655.36,4984080,21706.34,883083
2025-12-08,geo_3,7000000,1134023.9,98.159,76648.75,6133059,6441.22,1038123,24909.45,3836421,9180.08,2150043,37868.72,1282956
2025-12-15,geo_3,7000000,1112742.16,99.585,78469.08,6363494,6353.2,967677,19438.83,3110544,10098.06,2074973,35764.19,1227197
2025-12-22,geo_3,7000000,1251405.51,99.558,84458.32,6083386,6243.26,1088101,7744.4,1223795,10154.21,2554529,18070.15,654189
2023-01-02,geo_4,5500000,752085.38,101.631,22687.3,1728132,4965.2,763806,8918.14,1288996,6261.07,1248837,20125.51,879524
2023-01-09,geo_4,5500000,729463.81,102.202,21098.36,1517458,5148.8,772194,9072.68,1317628,6571.87,1400764,18946.57,867453
2023-01-16,geo_4,5500000,712319.35,101.523,13699.47,1054389,4409.94,691100,8837.84,1381457,6792.95,1342488,25397.52,1180397
2023-01-23,geo_4,5500000,773149.28,97.644,17493.52,1223352,4615.12,695714,7701.78,1089686,6806.45,1213128,19225.99,877421
2023-01-30,geo_4,5500000,830620.76,95.539,66861.13,5225323,4913.79,665105,7595.62,1251520,7136.7,1285652,22246.94,945082
2023-02-06,geo_4,5500000,755514.21,93.951,48389.14,3877510,15020.58,2430371,7554.62,1188477,7772.25,1556568,48641.63,2345081
2023-02-13,geo_4,5500000,829691.51,94.993,69034.21,5551970,18160.76,2892379,8763.75,1403669,6167.67,1208273,38296.34,1837442
2023-02-20,geo_4,5500000,796301.47,99.09,88636.7,7050151,20271.16,3005775,10701.86,1565067,6558.79,1276651,16749.26,729568
2023-02-27,geo_4,5500000,793367.1,98.631,15897.54,1422367,17692.68,2706287,7259.37,1020074,7808.05,1443239,20974.33,956382
2023-03-06,geo_4,5500000,799435.13,96.891,17357.95,1368687,4748.78,727820,8471.6,1351609,6754.86,1288613,15476.57,675169
2023-03-13,geo_4,5500000,792563.18,96.136,20617.7,1485419,5198.54,789272,20080.8,3389475,7655.31,1276141,18740.88,904890
2023-03-20,geo_4,5500000,821403.78,97.751,66899.68,5001185,5701.01,859464,25427.25,3671134,9349.86,1856653,14929.35,709049
2023-03-27,geo_4,5500000,853045.33,98.109,67762.56,5035888,16901.18,2601904,23160.51,3925992,8374.02,1430316,18100.9,848823
2023-04-03,geo_4,5500000,824034.04,97.985,70797.94,5089838,21385.92,3217415,9263.29,1334429,8854.53,1679252,13497.08,584455
2023-04-10,geo_4,5500000,867777.18,96.175,56102.62,4274357,15972.95,2343829,8579.75,1268019,8638.28,1597401,15186.36,621374
2023-04-17,geo_4,5500000,932446.75,97.393,17202.44,1300894,18345.46,2751978,19667.18,3023602,8622.73,1698893,15054.08,747315
2023-04-24,geo_4,5500000,835391.75,97.511,14175.77,1000197,4758.44,674958,20454.12,3216578,7982.2,1534003,18817.77,776234
2023-05-01,geo_4,5500000,761381.79,99.991,16029.91,1157513,5570.01,796942,22570.27,3570135,9281.2,1899817,20683.48,962648
2023-05-08,geo_4,5500000,737468.76,100.637,17739.59,1276355,4174.93,699818,10134.84,1656643,7260.12,1448772,21504.02,916080
2023-05-15,geo_4,5500000,806536.79,100.044,19143.96,1245660,6440.14,1072578,10771.94,1601308,16095.22,2994152,19038.76,869009
2023-05-22,geo_4,5500000,762676.0,101.468,13355.42,1014926,19512.54,2885380,24309.84,3824103,18288.13,3548591,16671.25,712583
2023-05-29,geo_4,5500000,691385.54,101.532,14511.91,1158860,19849.38,2896024,20141.86,3113246,16276.39,2997728,14671.46,625572
2023-06-05,geo_4,5500000,784647.85,100.498,15680.83,1045223,20914.62,3146575,24389.67,3806311,8166.93,1461873,21606.82,884714
2023-06-12,geo_4,5500000,746132.67,99.464,12028.27,948924,15600.87,2650308,7848.78,1158287,7114.42,1400951,19561.72,779246
2023-06-19,geo_4,5500000,760131.75,101.493,15698.49,1275316,4816.22,723636,7266.7,1109174,8620.05,1509579,18947.3,834439
2023-06-26,geo_4,5500000,661677.83,101.398,15867.07,1190106,4206.27,689835,7287.67,975777,8490.66,1600317,20434.37,974818
2023-07-03,geo_4,5500000,774841.02,102.683,68048.86,4580919,17251.74,2572862,6148.53,863781,8766.56,1589438,19290.69,763255
2023-07-10,geo_4,5500000,745120.65,103.238,78618.32,4966945,18071.06,2713032,5763.3,903578,7154.83,1410316,19005.19,852887
2023-07-17,geo_4,5500000,762054.83,101.995,64092.63,4760076,17160.11,2802472,6542.57,1013746,5991.1,1152176,18653.76,860983
2023-07-24,geo_4,5500000,773536.09,101.099,62719.28,4502723,14559.24,2293449,7376.36,1139311,8198.83,1627324,18822.34,868451
2023-07-31,geo_4,5500000,708629.73,99.473,15929.08,1101158,4729.72,725137,7922.71,1296948,8752.89,1670938,16179.93,727356
2023-08-07,geo_4,5500000,720415.67,100.006,16586.92,1316995,4701.41,695507,6720.15,1035766,15610.14,3079985,14480.31,635613
2023-08-14,geo_4,5500000,707274.88,99.123,18339.27,1394693,5291.13,853442,7543.24,1141590,15582.96,2692385,13754.27,612533
2023-08-21,geo_4,5500000,701973.39,100.205,20181.54,1555201,5011.78,909368,5897.62,867178,14972.73,2875774,15620.87,614782
2023-08-28,geo_4,5500000,644295.67,98.672,15304.48,1168135,4884.39,837850,21354.19,3117992,9127.89,1785134,34829.65,1629708
2023-09-04,geo_4,5500000,723740.72,101.789,16414.66,1199442,16942.94,2661965,16601.48,2650555,6768.88,1381857,28751.73,1247239
2023-09-11,geo_4,5500000,708080.41,99.547,12168.8,864634,15557.43,2820700,16267.83,2389804,8008.14,1376192,15728.74,675276
2023-09-18,geo_4,5500000,711179.54,98.066,13483.36,955386,14159.9,1975779,7879.35,1274475,7682.32,1334741,16426.86,783670
2023-09-25,geo_4,5500000,662723.1,99.786,17314.42,1259226,16044.88,2601810,7137.28,1217566,16216.53,3118218,19156.53,842256
2023-10-02,geo_4,5500000,610604.35,99.683,13610.66,906736,3859.37,625894,6281.89,960086,16933.03,2972443,15564.21,739186
2023-10-09,geo_4,5500000,631106.34,97.279,18215.7,1422626,5910.1,952427,8573.19,1352977,16723.53,2989743,15238.74,651895
2023-10-16,geo_4,5500000,672016.52,98.927,21577.27,1736898,6070.89,948158,6435.33,887234,8395.8,1701590,15241.71,676731
2023-10-23,geo_4,5500000,518568.96,98.892,16472.08,1184272,4674.03,689679,7179.08,1071553,9356.27,1676486,18869.47,858418
2023-10-30,geo_4,5500000,704659.88,99.198,66222.26,4912343,4786.86,718600,6368.3,974497,9689.8,1877729,13787.02,551294
2023-11-06,geo_4,5500000,760839.07,96.77,70236.14,5155999,18090.08,2602818,7664.79,1228882,15527.31,3256283,18039.99,780266
2023-11-13,geo_4,5500000,786397.14,95.314,65467.07,5140496,14086.26,2071149,20623.47,3049329,15261.68,3164371,14484.35,600932
2023-11-20,geo_4,5500000,876328.81,96.869,68381.84,5552547,19712.49,3046156,16636.99,2543471,16399.71,3542263,16588.89,731079
2023-11-27,geo_4,5500000,811170.09,96.725,14216.7,986226,15715.71,2344290,17005.59,2574404,7565.61,1427834,19232.21,844897
2023-12-04,geo_4,5500000,730149.93,95.24,17885.86,1447569,4420.93,682777,7917.03,1213225,7864.76,1343387,17447.53,764599
2023-12-11,geo_4,5500000,775813.31,97.605,17371.02,1250635,4671.66,774843,7095.16,1109158,5747.58,1204591,16934.82,736761
2023-12-18,geo_4,5500000,734475.47,98.346,15293.66,1099867,4409.86,683114,7913.17,1122690,7505.74,1379717,31182.36,1370220
2023-12-25,geo_4,5500000,883139.0,101.124,11940.26,943969,3920.62,621796,7176.01,1055916,7840.07,1505697,29801.63,1387855
2024-01-01,geo_4,5500000,664917.45,97.774,14615.22,1016809,4465.1,677932,8452.4,1330373,7013.36,1396590,19931.96,888629
2024-01-08,geo_4,5500000,724269.89,98.802,17221.32,1271567,4275.09,721935,8169.95,1203572,6799.79,1353903,17803.65,797957
2024-01-15,geo_4,5500000,805868.93,98.694,18694.63,1537812,4819.3,762429,7158.08,1077906,5964.32,1097896,19569.79,913641
2024-01-22,geo_4,5500000,751212.69,99.878,66108.3,4921402,3938.33,576803,8862.71,1398399,9205.1,1953476,19130.56,841538
2024-01-29,geo_4,5500000,830442.51,97.617,78129.41,6279939,3994.26,638941,7400.26,1134706,7794.53,1433956,20025.97,776572
2024-02-05,geo_4,5500000,943276.31,97.129,83600.59,5342398,4234.66,623425,19301.14,2897595,7145.94,1300627,42865.22,1782441
2024-02-12,geo_4,5500000,881872.12,96.531,68630.95,5088556,5469.13,830115,20360.77,3054219,6916.89,1265497,45263.14,1867015
2024-02-19,geo_4,5500000,794165.27,99.592,18939.16,1338970,4884.03,761789,23023.49,3596734,8441.87,1839455,17297.83,740732
2024-02-26,geo_4,5500000,818856.09,98.81,16914.01,1431176,3853.74,570671,7279.57,1128978,9222.33,1680794,17999.14,854833
2024-03-04,geo_4,5500000,795520.85,100.592,15068.13,1132974,3876.0,600836,20660.19,3079065,7774.65,1515659,19042.39,821603
2024-03-11,geo_4,5500000,824578.24,101.396,16196.93,1205035,4411.68,675113,20550.14,3112650,6526.67,1277142,17007.05,800258
2024-03-18,geo_4,5500000,860644.0,98.211,74809.09,5848342,5608.05,888553,19195.3,3055262,8158.21,1396198,18512.95,837303
2024-03-25,geo_4,5500000,900073.86,94.744,68113.1,5181920,18564.25,2889694,6476.18,1078556,7107.09,1508832,16966.67,744212
2024-04-01,geo_4,5500000,858077.39,94.224,64922.23,5484481,21468.69,3349251,4927.53,689654,7700.12,1463113,18892.91,949140
2024-04-08,geo_4,5500000,805300.06,97.095,74512.2,5676810,24317.45,3531935,6471.72,958111,7518.72,1551054,17368.45,719999
2024-04-15,geo_4,5500000,780708.54,99.4,19201.48,1470345,20604.72,3173503,8298.8,1359093,6848.95,1287632,14002.89,596765
2024-04-22,geo_4,5500000,807541.92,98.282,17523.49,1305203,5394.83,761643,6950.34,1052002,23380.59,4449628,14876.27,571467
2024-04-29,geo_4,5500000,735640.29,100.803,13059.86,932743,4983.26,802403,17576.74,2735054,17338.25,3505959,18790.85,818786
2024-05-06,geo_4,5500000,712510.43,101.26,11401.76,881948,4119.02,642764,18516.61,2765632,22419.44,4206118,22627.28,959316
2024-05-13,geo_4,5500000,818424.5,100.19,13072.08,990727,4295.55,652443,21672.27,3357195,7098.33,1437316,16746.55,711585
2024-05-20,geo_4,5500000,694904.72,100.837,19925.19,1555755,4748.41,750671,8065.77,1238074,7634.32,1420087,14475.86,619988
2024-05-27,geo_4,5500000,708712.46,100.968,17451.29,1410244,5428.21,767801,7538.75,1285475,7752.39,1688463,18976.07,790472
2024-06-03,geo_4,5500000,682297.62,102.401,13279.92,979373,3444.48,573544,8145.32,1227771,8111.45,1562564,23747.34,1116450
2024-06-10,geo_4,5500000,733898.12,102.889,17474.71,1340132,4577.35,717705,8966.2,1458580,6815.69,1432730,16900.8,680945
2024-06-17,geo_4,5500000,790585.53,98.583,12314.26,960738,4964.49,771451,7965.88,1300280,9276.56,2084440,18370.89,781026
2024-06-24,geo_4,5500000,718345.02,100.086,14408.07,1028716,4010.13,602239,7964.95,1226168,7686.84,1445642,18323.04,806457
2024-07-01,geo_4,5500000,737807.3,99.846,16723.92,1312045,4475.92,700539,15232.29,2391027,9283.05,1704787,21120.49,954648
2024-07-08,geo_4,5500000,729174.19,101.243,14935.47,1153323,3924.1,610891,16170.04,2481806,8108.73,1481911,15439.11,672843
2024-07-15,geo_4,5500000,702320.94,101.9,16413.43,1288418,4247.76,641083,20912.54,3471629,7605.05,1480108,20992.18,944354
2024-07-22,geo_4,5500000,727896.49,101.463,17201.19,1304361,5030.17,812180,7587.78,1100366,6905.81,1239476,18837.87,928699
2024-07-29,geo_4,5500000,751122.48,102.863,13391.95,1057829,3206.74,493948,7614.24,1221414,8007.58,1655320,19583.72,864656
2024-08-05,geo_4,5500000,720991.56,103.013,16987.83,1324941,4611.21,745605,8591.32,1263808,8010.36,1483138,17870.95,772883
2024-08-12,geo_4,5500000,710225.16,102.29,18221.35,1486552,4912.91,825027,9150.16,1367615,6674.65,1238837,19081.66,824249
2024-08-19,geo_4,5500000,635411.11,101.601,17890.73,1313837,4564.46,653890,28617.34,4416379,7450.77,1372836,19240.33,888318
2024-08-26,geo_4,5500000,630622.87,101.498,15753.36,1156624,3082.71,478394,20339.66,3163638,8299.85,1605125,14977.72,596610
2024-09-02,geo_4,5500000,659403.08,101.081,22482.72,1680214,4047.57,632770,24118.34,3723946,8864.44,1678196,16504.98,662261
2024-09-09,geo_4,5500000,740535.76,101.09,78468.43,5717040,4686.19,695119,11893.02,1953259,7858.88,1449438,18717.5,841585
2024-09-16,geo_4,5500000,754520.32,100.095,63917.17,4843607,11818.54,1823421,8177.06,1246911,7100.56,1352746,14579.89,591138
2024-09-23,geo_4,5500000,693489.47,100.446,57952.5,4045728,13640.57,2139360,9576.92,1534920,6484.42,1251075,18228.88,709549
2024-09-30,geo_4,5500000,736997.05,97.583,63472.43,4944401,17354.17,2649713,7502.53,1245650,6320.82,1209147,38957.39,1786975
2024-10-07,geo_4,5500000,745208.51,97.013,19804.97,1540563,16473.06,2233247,10015.59,1482780,8517.87,1651342,36331.91,1610866
2024-10-14,geo_4,5500000,754350.73,98.461,16340.98,1276258,4058.87,606612,8158.62,1222352,7894.21,1447413,15764.24,679196
2024-10-21,geo_4,5500000,759297.67,99.438,18574.0,1449447,4989.78,794580,10430.63,1544016,7757.0,1547703,16649.22,715975
2024-10-28,geo_4,5500000,632789.46,98.084,18713.95,1488155,3820.58,569098,10455.39,1566848,9210.55,1998812,17819.08,692622
2024-11-04,geo_4,5500000,713636.35,97.035,17265.97,1345193,4642.45,709361,9073.44,1342487,8927.98,1805536,20334.06,818513
2024-11-11,geo_4,5500000,710839.26,98.578,17414.88,1091590,5228.31,836225,8144.5,1312608,6540.07,1436747,20916.44,935819
2024-11-18,geo_4,5500000,764320.56,99.152,17239.5,1238414,4767.75,671331,8379.96,1338131,6037.53,1263973,20059.91,904336
2024-11-25,geo_4,5500000,828499.33,99.688,65288.03,4777203,4137.59,690252,23019.77,4130867,8231.95,1554382,21798.91,963939
2024-12-02,geo_4,5500000,800788.25,102.268,59679.28,4368570,14653.28,2369073,25561.66,4096716,7327.68,1430017,19932.99,834350
2024-12-09,geo_4,5500000,763007.11,101.542,78006.33,5657118,16457.57,2788571,25359.35,4104845,20501.46,4328108,19758.52,851148
2024-12-16,geo_4,5500000,861171.77,99.916,79598.57,5875895,19648.27,3168673,8801.74,1356816,15797.32,3063291,20309.35,874419
2024-12-23,geo_4,5500000,936400.54,101.83,17178.04,1351487,17617.64,2821509,10940.91,1655547,19387.09,4047385,20222.2,875256
2024-12-30,geo_4,5500000,803190.89,101.02,13877.68,1027988,3881.21,581779,9526.78,1339550,8287.35,1611282,35584.01,1603123
2025-01-06,geo_4,5500000,951745.81,97.891,15811.78,1273696,4267.54,656495,8987.39,1485651,6619.28,1396499,32974.34,1321151
2025-01-13,geo_4,5500000,807191.58,95.938,15173.46,1148445,3484.81,490668,8342.29,1309458,22236.61,4112178,16631.56,782254
2025-01-20,geo_4,5500000,854700.19,96.68,13104.65,1026430,3495.0,523657,7986.63,1326597,16228.61,3114146,17022.83,812592
2025-01-27,geo_4,5500000,805719.5,96.543,13305.56,979555,3373.18,500491,6951.19,1132554,18505.09,3440990,14454.51,559480
2025-02-03,geo_4,5500000,791929.3,97.738,14311.16,1033677,4251.31,709700,8304.19,1284835,7206.25,1461736,16755.78,699079
2025-02-10,geo_4,5500000,799947.9,100.562,15227.59,1055073,20674.4,3251651,8958.49,1293395,7163.34,1345616,15058.77,661301
2025-02-17,geo_4,5500000,851291.64,97.751,12041.7,941793,17471.77,2735266,26603.37,3432671,6644.61,1269362,14091.59,660023
2025-02-24,geo_4,5500000,820017.75,97.712,16242.59,1164073,17857.37,2848884,24625.8,3563754,6988.34,1404894,18645.17,816153
2025-03-03,geo_4,5500000,732846.87,99.076,14995.43,1095943,15448.17,2111754,19190.37,3012524,8408.27,1720175,15952.14,677690
2025-03-10,geo_4,5500000,751208.56,100.748,66437.95,4932382,4670.36,757185,9612.84,1494748,6508.61,1307888,12526.92,577376
2025-03-17,geo_4,5500000,888799.37,99.298,60723.5,4339765,20549.81,3529684,7782.45,1156682,18538.71,3607892,17887.06,786948
2025-03-24,geo_4,5500000,821112.66,101.373,55669.28,4089812,16074.54,2276140,12024.46,1772480,19619.49,3575389,16584.91,711536
2025-03-31,geo_4,5500000,828996.32,101.691,56402.09,4225319,18589.38,2693830,12354.77,1985557,18741.19,3611970,11818.65,521062
2025-04-07,geo_4,5500000,828526.63,101.035,15893.0,1233280,18189.0,3028293,9872.36,1573121,7477.89,1547495,16206.15,740508
2025-04-14,geo_4,5500000,752973.54,98.668,15634.89,1202230,4004.28,608433,9183.17,1490999,9180.48,1903171,15150.07,702121
2025-04-21,geo_4,5500000,796955.0,98.377,17103.79,1353125,5155.68,728464,11473.08,1578747,7763.74,1453056,15110.5,675460
2025-04-28,geo_4,5500000,769561.49,97.979,20542.64,1529872,5299.02,818911,9991.21,1602257,7554.25,1457197,16890.39,821840
2025-05-05,geo_4,5500000,816785.84,100.277,17794.17,1303854,4599.85,733160,10254.46,1498824,6893.79,1414814,30669.79,1448365
2025-05-12,geo_4,5500000,829700.08,97.805,20759.68,1671272,6094.44,943467,9557.51,1441147,21416.54,3818936,36504.65,1528416
2025-05-19,geo_4,5500000,803833.46,97.608,19504.28,1547697,4416.77,659500,8771.78,1244283,20730.48,4012822,14853.52,683330
2025-05-26,geo_4,5500000,831495.01,95.395,16638.67,1238881,4307.02,600050,24910.7,3957217,15485.73,3202982,16914.27,739489
2025-06-02,geo_4,5500000,905947.84,96.099,78509.18,6099258,4866.83,792818,26370.26,3986582,6580.43,1268375,16061.76,707668
2025-06-09,geo_4,5500000,866926.62,97.459,74693.85,5705324,5054.04,797942,24756.78,3796327,6693.71,1250208,16338.54,681383
2025-06-16,geo_4,5500000,881529.82,96.81,73290.37,5413234,4621.03,716809,9258.52,1367695,9302.34,1830412,16585.74,763151
2025-06-23,geo_4,5500000,835850.34,99.245,62754.29,4264168,4717.85,682318,8669.03,1319821,8675.87,1538845,15712.21,649163
2025-06-30,geo_4,5500000,866651.45,98.886,18251.17,1379279,4580.61,670033,9618.09,1586139,9527.35,1806949,18707.05,906886
2025-07-07,geo_4,5500000,853134.73,98.594,14761.03,1151580,4198.97,680285,26752.26,4116647,18119.99,3332075,35289.4,1618083
2025-07-14,geo_4,5500000,797964.48,99.223,15202.77,1179784,4140.1,594539,21731.81,3576891,19821.78,3594823,35591.31,1469810
2025-07-21,geo_4,5500000,855435.48,96.676,72694.57,5102548,4613.59,724601,19730.4,2972149,19626.48,4012319,14361.8,650123
2025-07-28,geo_4,5500000,838592.6,96.97,64342.71,4945661,14494.54,2351496,9142.99,1211750,9616.84,1544046,18105.51,850895
2025-08-04,geo_4,5500000,797150.13,97.761,58102.42,4374939,13520.9,2044163,8062.52,1173394,7786.89,1410798,15122.7,632834
2025-08-11,geo_4,5500000,801802.54,99.639,56034.14,4262559,11698.18,1759476,21625.0,3394369,14686.88,3000998,14288.84,642674
2025-08-18,geo_4,5500000,782992.78,102.581,15416.62,1346864,12701.14,1940734,26726.14,4013355,19697.24,3752321,15667.47,711534
2025-08-25,geo_4,5500000,762438.57,101.31,15852.39,1086127,3863.65,629086,26510.54,4209140,22048.52,4534651,19707.15,759199
2025-09-01,geo_4,5500000,671791.84,101.803,20838.49,1453703,5539.05,819533,6903.59,1040772,9817.85,1929858,17130.09,699602
2025-09-08,geo_4,5500000,753209.59,102.742,55905.05,4057818,3709.0,566201,8620.41,1378471,6254.01,1221410,15978.49,760334
2025-09-15,geo_4,5500000,704418.59,102.59,51060.43,3414207,14924.85,2250299,9317.7,1522001,9080.8,1637907,16798.37,742645
2025-09-22,geo_4,5500000,791417.14,99.317,73942.79,6345267,21982.23,3652960,7434.15,1135401,9104.18,1731129,14186.37,590452
2025-09-29,geo_4,5500000,722093.05,98.499,51043.21,4053852,13683.42,1982632,17643.36,2690326,19900.73,3633986,14449.87,567233
2025-10-06,geo_4,5500000,713884.64,99.687,14309.83,1115138,14149.45,2186986,19916.05,2938792,17876.07,3599994,15159.99,655474
2025-10-13,geo_4,5500000,736297.6,99.269,16390.11,1131506,3855.78,603099,20335.32,3327519,19620.11,3535882,14042.17,599108
2025-10-20,geo_4,5500000,814495.39,100.402,60561.72,5160489,3329.29,474535,8413.24,1292702,7675.39,1430456,13354.91,552352
2025-10-27,geo_4,5500000,735910.33,101.348,60225.76,4514534,4114.5,610381,8698.89,1185134,8668.2,1546745,18871.14,809207
2025-11-03,geo_4,5500000,800235.72,101.087,72801.13,5684268,4644.87,714615,19391.64,2774473,6981.8,1282417,34063.83,1612338
2025-11-10,geo_4,5500000,714790.87,100.442,79819.26,6477218,3965.78,659253,21396.18,3597115,9438.09,1959219,28664.28,1086246
2025-11-17,geo_4,5500000,779728.67,100.151,14874.16,1139365,4225.57,694296,22193.07,3429445,17992.23,3442849,15903.53,736822
2025-11-24,geo_4,5500000,895099.71,100.176,15973.13,1037597,3958.81,599047,9699.36,1450969,16140.78,3377741,26846.46,1250743
2025-12-01,geo_4,5500000,806614.72,99.601,60724.47,4705637,4276.89,737806,17070.4,2646687,17865.12,3734564,19078.74,837661
2025-12-08,geo_4,5500000,859506.39,98.159,61395.97,4382532,4096.55,612241,22056.25,3603210,6534.32,1341043,34743.44,1437295
2025-12-15,geo_4,5500000,845947.53,99.585,59126.31,4705359,4260.15,691372,17205.61,2389607,7100.46,1416670,34501.52,1567138
2025-12-22,geo_4,5500000,967676.1,99.558,69816.51,4988904,4638.9,797395,7399.38,1102901,6663.03,1381521,17544.04,733294
2023-01-02,geo_5,4500000,603955.28,101.631,19621.12,1456763,4042.82,602883,8627.61,1364429,5539.27,1181305,15069.57,461700
2023-01-09,geo_5,4500000,556257.38,102.202,19379.01,1462691,3972.66,603159,8327.99,1186466,5498.1,1032817,14734.5,518513
2023-01-16,geo_5,4500000,619876.38,101.523,12919.41,888593,3191.15,503780,8443.55,1238132,6024.6,1279299,19447.46,718109
2023-01-23,geo_5,4500000,655527.47,97.644,16241.73,1146374,3250.67,493615,7612.31,1136704,5785.28,1187067,13905.56,484889
2023-01-30,geo_5,4500000,657639.22,95.539,58313.56,4302357,3621.2,535327,8153.53,1124312,6216.19,1304099,15992.61,511165
2023-02-06,geo_5,4500000,682715.12,93.951,41764.44,2841858,11778.95,1895970,8455.02,1388281,6601.08,1474254,37856.66,1369849
2023-02-13,geo_5,4500000,701778.25,94.993,58615.44,4178684,13352.31,2193810,8999.7,1414382,4866.97,941831,29919.63,1116801
2023-02-20,geo_5,4500000,787737.69,99.09,73419.11,4995093,16109.17,2739499,10586.16,1519886,5106.03,1018790,13061.5,431676
2023-02-27,geo_5,4500000,638868.6,98.631,12584.73,911753,14838.98,2073464,6630.24,1017965,6120.54,1245762,16945.87,597822
2023-03-06,geo_5,4500000,635431.63,96.891,13830.39,1002993,3883.39,562405,8319.54,1320673,5370.22,1065164,12796.21,417345
2023-03-13,geo_5,4500000,615466.9,96.136,15431.52,1075551,4169.78,614013,18572.8,2829239,5763.13,998987,15525.55,540875
2023-03-20,geo_5,4500000,657820.0,97.751,54909.96,4091322,4565.42,657764,22261.05,3651249,6518.35,1289168,11545.88,427140
2023-03-27,geo_5,4500000,632974.49,98.109,55692.71,4079058,13385.89,2151210,19810.52,2977507,5932.19,1265106,14735.78,519078
2023-04-03,geo_5,4500000,611597.62,97.985,62890.96,3923930,14041.18,2053025,8261.71,1288869,6911.94,1476124,11042.32,380942
2023-04-10,geo_5,4500000,656473.26,96.175,51626.75,3662125,11381.45,1745648,8252.71,1319722,6940.42,1345869,12651.55,395250
2023-04-17,geo_5,4500000,594742.01,97.393,15761.98,1149776,12119.98,1869948,18869.69,2597064,6379.87,1273389,12056.7,434734
2023-04-24,geo_5,4500000,641368.43,97.511,12133.43,852509,3196.91,510085,17998.57,2653685,5945.51,1266933,14350.52,472946
2023-05-01,geo_5,4500000,573317.79,99.991,12946.91,841248,3828.8,664141,17846.69,2598952,6470.56,1293874,15798.47,529119
2023-05-08,geo_5,4500000,573290.19,100.637,13942.6,924260,2820.11,378268,8948.17,1347480,4869.13,982755,15921.98,502591
2023-05-15,geo_5,4500000,684943.9,100.044,15384.6,1115754,4295.98,725027,10191.71,1559641,10956.4,2149736,12952.98,436088
2023-05-22,geo_5,4500000,622528.27,101.468,11759.46,878255,13882.01,2253082,23454.56,3875835,12436.57,2316380,11434.78,407054
2023-05-29,geo_5,4500000,591524.73,101.532,13661.27,964232,14083.21,2442530,19807.16,2930440,9798.73,2049329,9118.58,318259
2023-06-05,geo_5,4500000,616965.89,100.498,14208.29,945373,14753.03,2208837,25615.47,4324468,4716.19,920001,12753.26,446157
2023-06-12,geo_5,4500000,584785.45,99.464,10326.43,691599,10573.29,1704656,8709.56,1355289,4533.38,959750,11924.22,362379
2023-06-19,geo_5,4500000,570365.18,101.493,12511.74,859160,3802.96,598965,8726.3,1240875,5794.21,1235794,12077.14,410076
2023-06-26,geo_5,4500000,542050.09,101.398,12686.38,758807,3460.2,552517,8450.99,1183226,5758.92,1172463,14382.11,546742
2023-07-03,geo_5,4500000,552071.01,102.683,52860.62,3724130,14139.01,2191781,7074.98,1082591,6007.45,1284312,13777.99,503707
2023-07-10,geo_5,4500000,575618.73,103.238,62364.45,4013381,15188.07,2564228,6511.96,1034500,5012.69,931756,14412.28,532553
2023-07-17,geo_5,4500000,595903.87,101.995,51056.16,3561620,15125.29,2370071,7011.56,1057982,4093.27,844900,13992.84,430954
2023-07-24,geo_5,4500000,583001.09,101.099,49916.24,3227662,12904.25,2163690,8011.16,1269032,5792.85,1150612,14812.01,492102
2023-07-31,geo_5,4500000,645977.88,99.473,12230.61,786554,4052.67,622428,8075.43,1261307,6175.08,1246679,13755.19,466910
2023-08-07,geo_5,4500000,580352.44,100.006,12834.42,854037,4317.92,697621,6732.76,1108837,10636.92,1965047,13813.08,436005
2023-08-14,geo_5,4500000,561096.35,99.123,13756.75,964390,4683.38,674156,7397.38,1064995,10463.86,2178245,13939.67,440977
2023-08-21,geo_5,4500000,527911.55,100.205,15408.81,1057038,4063.19,633095,5682.18,855202,9538.01,1984294,14689.57,539778
2023-08-28,geo_5,4500000,595388.39,98.672,10337.08,688053,3540.55,520659,19891.69,2958772,5712.5,1213043,31565.73,1178834
2023-09-04,geo_5,4500000,529516.31,101.789,12289.46,820945,12319.01,1978136,16268.36,2561825,4264.67,782723,23462.72,841046
2023-09-11,geo_5,4500000,539578.79,99.547,8558.14,588395,12170.28,1759614,15197.03,2140180,5034.0,869490,12692.25,401837
2023-09-18,geo_5,4500000,567881.15,98.066,10047.44,725294,11100.17,1749959,7686.53,1160069,5274.48,1099080,13702.17,427474
2023-09-25,geo_5,4500000,501199.64,99.786,13412.95,919757,13763.22,2040455,7675.18,1125713,11839.77,2224808,15635.53,481116
2023-10-02,geo_5,4500000,482263.44,99.683,10281.75,722352,3238.67,497886,6600.17,1026271,12880.45,2539206,12601.02,455240
2023-10-09,geo_5,4500000,567127.99,97.279,13602.34,917212,4614.84,759675,9390.42,1480138,13954.1,2769719,12284.5,418100
2023-10-16,geo_5,4500000,559385.8,98.927,15576.37,1067266,5137.82,833400,6902.05,982354,7229.0,1503856,11987.31,427079
2023-10-23,geo_5,4500000,567292.54,98.892,12384.82,822915,3724.89,558800,8049.8,1323713,8240.41,1804078,14337.51,491061
2023-10-30,geo_5,4500000,570680.85,99.198,48010.24,3226099,3665.84,608267,7183.38,1117439,8391.12,1715091,11269.36,374006
2023-11-06,geo_5,4500000,587654.89,96.77,54906.72,3581386,14639.08,2335485,8143.88,1202336,13662.67,2721267,15140.7,555715
2023-11-13,geo_5,4500000,616671.97,95.314,50053.39,3631797,11482.67,1639075,21017.67,3220886,13063.38,2618469,12031.07,419021
2023-11-20,geo_5,4500000,738916.31,96.869,51062.27,3116828,16813.77,2548983,17471.52,2808790,14754.85,2944075,13914.8,416372
2023-11-27,geo_5,4500000,596528.8,96.725,10979.25,743315,12319.28,2171699,18078.37,2907111,6934.32,1351965,15827.99,552709
2023-12-04,geo_5,4500000,608328.05,95.24,13143.16,793158,3672.16,599088,8620.82,1350683,7355.4,1539259,13811.89,503054
2023-12-11,geo_5,4500000,608294.59,97.605,13066.16,851622,3977.25,609391,7855.3,1250830,4979.67,1055501,14103.5,485567
2023-12-18,geo_5,4500000,636722.53,98.346,12475.14,866612,3421.83,519270,8076.83,1362577,6474.17,1184989,26045.22,895694
2023-12-25,geo_5,4500000,642170.51,101.124,9914.31,698139,3217.95,473113,7267.8,1112686,6990.9,1421505,22811.25,703747
2024-01-01,geo_5,4500000,663160.79,97.774,12760.27,822657,4064.93,588707,7771.51,1234620,6283.45,1193576,14455.81,439933
2024-01-08,geo_5,4500000,603719.19,98.802,13191.85,873994,3848.17,635418,7235.01,1120410,6350.03,1301945,12461.16,383262
2024-01-15,geo_5,4500000,561407.45,98.694,14266.27,876664,4103.95,632501,6537.54,1043419,5016.04,1101448,13434.5,478133
2024-01-22,geo_5,4500000,624471.38,99.878,47524.37,3245877,3356.32,462672,8271.03,1502223,7087.02,1482336,12089.52,428773
2024-01-29,geo_5,4500000,657104.22,97.617,56216.87,4082534,3451.67,520269,7167.97,1125239,6459.46,1194734,13739.16,464004
2024-02-05,geo_5,4500000,700307.44,97.129,58584.64,3989849,3696.23,563840,19491.02,2778955,5539.47,1178777,29265.77,1006986
2024-02-12,geo_5,4500000,775797.3,96.531,46223.36,2965183,4601.99,728177,19371.59,2798303,5915.06,1168315,29227.91,1081467
2024-02-19,geo_5,4500000,609537.74,99.592,13738.25,896614,4150.74,641579,21133.38,3251140,6532.39,1442485,12329.15,361602
2024-02-26,geo_5,4500000,620290.65,98.81,11711.64,825718,3385.59,496047,6467.69,1048765,6981.92,1572928,14067.64,468030
2024-03-04,geo_5,4500000,650390.86,100.592,10683.61,717273,3348.36,463014,18118.18,2618627,5764.05,1119295,15202.17,503901
2024-03-11,geo_5,4500000,649041.34,101.396,11411.43,750421,3539.37,529728,18327.36,2592642,4795.01,962535,13284.78,508110
2024-03-18,geo_5,4500000,702747.44,98.211,53202.92,3785372,4633.35,685293,18271.12,2788466,6059.27,1270737,12844.78,471778
2024-03-25,geo_5,4500000,625346.58,94.744,49817.35,3281581,14087.62,2396526,6474.72,1111285,5578.13,1077863,11991.43,404211
2024-04-01,geo_5,4500000,680289.13,94.224,47478.87,3087074,14747.89,2509684,5016.58,795975,5728.68,1167000,12815.46,431831
2024-04-08,geo_5,4500000,724892.31,97.095,53932.61,3788032,16580.36,2693419,6147.57,849476,5589.34,1148591,12155.03,450166
2024-04-15,geo_5,4500000,601494.08,99.4,12925.71,921892,14936.8,2638656,7247.91,1132214,4783.7,995581,10012.66,320363
2024-04-22,geo_5,4500000,608779.71,98.282,13004.41,847858,3760.18,591309,6300.27,930452,15796.71,3567394,11439.26,355743
2024-04-29,geo_5,4500000,688389.3,100.803,10016.55,658136,3481.45,537238,14730.73,2087541,11451.72,2337114,13547.38,504918
2024-05-06,geo_5,4500000,565604.43,101.26,8893.75,596522,2814.4,449050,16704.49,2800680,15576.52,3299005,18328.33,653911
2024-05-13,geo_5,4500000,628875.31,100.19,10264.68,703965,2967.39,459000,18449.61,2833773,5280.48,1079436,13772.85,505756
2024-05-20,geo_5,4500000,567740.93,100.837,16456.95,1096732,3392.56,489072,7020.13,1071778,5996.02,1236390,12363.84,419153
2024-05-27,geo_5,4500000,608689.16,100.968,14210.25,882975,4106.27,636397,6646.95,1042495,6376.32,1413582,16432.43,516801
2024-06-03,geo_5,4500000,577510.87,102.401,10685.27,665749,3097.5,459997,7313.91,1147340,6636.59,1528152,18910.37,669539
2024-06-10,geo_5,4500000,618590.16,102.889,13742.02,883364,4134.96,607897,8042.97,1214738,5411.23,1041788,13090.28,405864
2024-06-17,geo_5,4500000,618860.07,98.583,10525.62,663944,4633.92,742794,7825.37,1265799,7424.89,1492702,14565.62,482079
2024-06-24,geo_5,4500000,569770.48,100.086,13242.81,863106,3695.62,601456,7108.32,1157122,6164.26,1345260,14460.48,444035
2024-07-01,geo_5,4500000,638362.39,99.846,13784.37,963022,4175.11,691830,13601.73,2246727,6958.47,1484346,17245.4,581635
2024-07-08,geo_5,4500000,592058.91,101.243,13119.07,899166,3816.24,634729,13349.68,2123434,6181.77,1229985,12313.05,404357
2024-07-15,geo_5,4500000,582378.6,101.9,15296.64,1119702,4051.59,673172,16662.17,2465811,5544.55,1161200,15238.46,501362
2024-07-22,geo_5,4500000,603828.7,101.463,14712.92,1028428,5050.88,804732,6584.28,1035680,5406.23,1117724,14248.22,487636
2024-07-29,geo_5,4500000,553046.12,102.863,10361.22,722789,3418.53,537360,6630.75,953952,6195.52,1306636,14633.0,491941
2024-08-05,geo_5,4500000,559752.98,103.013,12922.79,875153,4454.03,605412,6905.21,1111203,6313.07,1305685,14786.84,502488
2024-08-12,geo_5,4500000,542047.93,102.29,13587.71,866332,4393.2,678411,7218.6,1098384,5483.74,1115172,15883.31,520090
2024-08-19,geo_5,4500000,556623.03,101.601,12366.32,964540,4414.97,742678,23260.45,3508986,5991.85,1189328,16359.08,544263
2024-08-26,geo_5,4500000,511979.75,101.498,11236.69,740399,3212.3,486140,14918.19,2201860,6445.92,1447624,12757.06,417921
2024-09-02,geo_5,4500000,593287.85,101.081,15278.3,1117468,4128.11,595479,16446.81,2768970,6636.36,1348382,13930.6,487383
2024-09-09,geo_5,4500000,491305.32,101.09,52617.42,3482020,4815.2,811097,8256.14,1236044,5848.34,1242322,15763.83,605127
2024-09-16,geo_5,4500000,589103.78,100.095,48721.68,3513155,11796.75,1631226,6145.47,858853,6073.75,1342777,11675.73,390720
2024-09-23,geo_5,4500000,540253.89,100.446,46980.49,2904390,13684.04,2010808,7175.19,1166140,5863.54,1166621,15484.81,609448
2024-09-30,geo_5,4500000,580261.59,97.583,51746.44,3449076,15454.01,2527993,5772.28,849534,5469.39,1088709,32016.8,1015418
2024-10-07,geo_5,4500000,566696.54,97.013,15697.82,1029435,12884.36,2011811,7598.28,1112683,6782.68,1433492,29050.63,943661
2024-10-14,geo_5,4500000,484438.07,98.461,12781.1,911217,3300.17,498452,6294.25,926541,6015.63,1248255,11797.46,373740
2024-10-21,geo_5,4500000,547353.45,99.438,14244.86,991409,4408.4,650569,7918.55,1308686,5749.33,1188911,12664.33,424122
2024-10-28,geo_5,4500000,564454.5,98.084,14786.26,933013,3561.71,597901,8321.8,1122322,6913.93,1381153,12577.85,413322
2024-11-04,geo_5,4500000,533481.16,97.035,14677.34,981145,4367.21,685511,7017.2,1085925,6666.76,1461923,13213.36,431604
2024-11-11,geo_5,4500000,530483.72,98.578,15650.98,1083555,4374.5,676921,5936.08,859521,5298.49,1049754,11836.08,398584
2024-11-18,geo_5,4500000,555717.92,99.152,14738.65,1062598,3975.79,679486,6572.29,1001065,5011.13,882547,12368.78,392974
2024-11-25,geo_5,4500000,746121.68,99.688,48744.18,3454590,3708.8,553593,18389.44,2573983,6695.53,1419837,13996.74,475509
2024-12-02,geo_5,4500000,628118.73,102.268,46537.5,3157123,13580.96,2089037,18473.6,2702834,6287.3,1155986,12938.68,447196
2024-12-09,geo_5,4500000,673843.07,101.542,57897.38,4167077,14101.66,1994152,19059.92,3347828,16886.17,3650292,12194.08,375145
2024-12-16,geo_5,4500000,711796.49,99.916,65881.71,4560272,16278.6,2286724,6102.52,820091,12835.1,2709460,12363.0,419051
2024-12-23,geo_5,4500000,718242.52,101.83,14269.15,1005625,15069.08,2218038,7740.63,1129093,16938.99,3407006,12304.62,412103
2024-12-30,geo_5,4500000,652041.99,101.02,12865.98,726320,3239.35,467252,7307.51,1139944,7200.65,1384875,24158.91,895434
2025-01-06,geo_5,4500000,674832.35,97.891,14075.01,1056834,3393.4,576900,6889.13,988596,5903.34,1167010,24210.79,796252
2025-01-13,geo_5,4500000,633499.09,95.938,12939.81,744293,2830.31,402679,6567.62,1066305,20005.1,4052218,12942.48,410636
2025-01-20,geo_5,4500000,627898.08,96.68,11086.68,835841,2945.25,467695,6219.49,956147,13315.91,2934761,13278.32,435391
2025-01-27,geo_5,4500000,623255.8,96.543,11006.86,835211,2776.45,438531,5281.78,690661,14056.14,2801920,10905.18,391192
2025-02-03,geo_5,4500000,607819.71,97.738,11568.63,812087,3142.13,446600,6394.41,960294,5712.4,1101914,12381.08,414357
2025-02-10,geo_5,4500000,675256.38,100.562,13093.96,888045,13557.86,2069647,6913.31,1076472,5513.52,1121408,12339.52,392331
2025-02-17,geo_5,4500000,622494.87,97.751,10654.15,752221,11754.47,1539444,20098.06,3170961,5291.95,1070277,10789.21,351898
2025-02-24,geo_5,4500000,654531.72,97.712,14009.81,865992,13832.11,2197019,19364.87,2740349,5511.36,1148935,13856.33,476210
2025-03-03,geo_5,4500000,655740.72,99.076,12488.85,818541,12933.93,2235994,15203.78,2162026,5986.16,1315166,12082.88,385889
2025-03-10,geo_5,4500000,675624.66,100.748,57895.48,4383751,3669.47,570356,7489.47,1051008,4565.5,990120,9618.77,321800
2025-03-17,geo_5,4500000,679979.77,99.298,57064.78,4034371,16139.05,2477556,5898.74,843121,12761.67,2369435,13903.85,487350
2025-03-24,geo_5,4500000,668451.39,101.373,51740.88,3576023,11882.5,1773738,8224.77,1302711,12938.16,2563007,11994.07,374241
2025-03-31,geo_5,4500000,703416.53,101.691,53570.89,3672526,14529.27,2207812,8585.05,1215429,13520.39,2503975,8850.92,288898
2025-04-07,geo_5,4500000,645965.35,101.035,13660.51,955768,13893.15,2318083,6410.87,1021237,6496.72,1496250,12823.91,467594
2025-04-14,geo_5,4500000,662273.38,98.668,13512.12,982074,3162.07,483355,6092.95,950532,8321.25,1625722,12273.25,465720
2025-04-21,geo_5,4500000,626318.92,98.377,12919.28,870283,3826.25,597632,7910.02,1140668,6747.4,1559248,11342.07,376071
2025-04-28,geo_5,4500000,631583.25,97.979,15048.71,1042774,4208.68,596254,7273.69,1044562,6662.67,1212124,11737.81,356211
2025-05-05,geo_5,4500000,652294.94,100.277,13510.23,1022057,3446.63,599758,7365.89,1020209,5820.53,1151853,20689.33,704213
2025-05-12,geo_5,4500000,647215.54,97.805,16123.13,1178168,4599.18,732778,6966.96,1107674,16206.37,3536875,23929.36,748250
2025-05-19,geo_5,4500000,610687.19,97.608,14949.41,963286,3504.27,491393,6167.58,928674,16220.09,3165158,9274.13,274920
2025-05-26,geo_5,4500000,615138.46,95.395,12485.63,812779,3119.12,450029,18158.34,2883502,12298.65,2688830,10225.95,321739
2025-06-02,geo_5,4500000,684453.11,96.099,55807.08,3975178,3693.5,579663,20156.58,2911127,5301.73,1230866,10126.19,320443
2025-06-09,geo_5,4500000,665807.56,97.459,57445.51,3989587,4044.96,634114,17554.37,2515400,5441.85,1041780,10821.12,375445
2025-06-16,geo_5,4500000,601129.42,96.81,57922.09,4259523,3641.25,485824,6617.48,1009769,6889.39,1356376,10929.63,335900
2025-06-23,geo_5,4500000,696668.81,99.245,46329.42,3135319,3584.64,557239,6562.42,956899,6323.02,1218018,9979.86,369396
2025-06-30,geo_5,4500000,646928.58,98.886,14034.33,1013018,3598.14,511986,6759.48,1023444,6125.44,1259384,11083.65,357388
2025-07-07,geo_5,4500000,690110.84,98.594,12229.49,824400,3857.32,608653,17465.54,2598132,12309.16,2355446,21566.57,785313
2025-07-14,geo_5,4500000,640055.84,99.223,13368.58,884988,3858.27,609783,15266.38,2580129,13753.33,2798667,21813.0,764647
2025-07-21,geo_5,4500000,657879.93,96.676,58340.97,3604077,4121.46,636496,13774.65,2083050,13495.63,2561227,9293.22,305505
2025-07-28,geo_5,4500000,626061.35,96.97,59177.26,3975054,12777.34,1735743,7139.69,1008789,6576.86,1251874,11991.16,432755
2025-08-04,geo_5,4500000,688816.07,97.761,51199.86,3062666,14010.05,2121862,6391.74,981566,5523.24,1065655,10452.5,352616
2025-08-11,geo_5,4500000,662660.69,99.639,46998.54,3373055,11302.71,1781016,17634.86,2906681,10662.39,2228145,11166.3,372373
2025-08-18,geo_5,4500000,617964.68,102.581,12847.87,955293,11999.3,1852586,21886.53,3424624,14413.72,3171892,12222.26,405180
2025-08-25,geo_5,4500000,571116.06,101.31,13063.67,890249,3427.62,493352,19788.17,2960398,17458.05,3678911,14947.84,483978
2025-09-01,geo_5,4500000,554348.57,101.803,17142.71,937952,4769.68,692582,5412.13,811854,7902.21,1611872,13531.16,417799
2025-09-08,geo_5,4500000,543131.85,102.742,51189.07,3577747,2929.8,420588,6457.18,1001356,4739.75,926600,12897.62,411361
2025-09-15,geo_5,4500000,591803.29,102.59,49002.71,3500487,12176.4,2094713,7160.58,1028133,6442.2,1223130,12865.04,406141
2025-09-22,geo_5,4500000,570422.66,99.317,68830.46,4397016,18571.75,2923844,5831.25,1016947,6742.71,1336829,12041.02,390949
2025-09-29,geo_5,4500000,633542.56,98.499,42700.36,2885545,11851.83,1883388,14682.03,2419615,16138.54,3170628,13094.34,443487
2025-10-06,geo_5,4500000,606983.81,99.687,12622.12,867201,12432.54,1919452,18401.01,2728654,15563.77,3290272,15146.97,504883
2025-10-13,geo_5,4500000,514293.0,99.269,15828.28,1129271,3321.39,494065,17569.25,2486440,15894.49,3226190,13462.6,471962
2025-10-20,geo_5,4500000,587103.4,100.402,61926.63,4248495,2625.14,388499,6664.61,1024065,6398.5,1279139,12379.32,425919
2025-10-27,geo_5,4500000,595711.99,101.348,62518.83,4095908,3126.36,466205,7092.66,1075688,7902.8,1666744,16719.98,545721
2025-11-03,geo_5,4500000,624904.55,101.087,66547.61,3885318,3633.06,549891,15975.71,2389324,6017.04,1178718,30575.82,959832
2025-11-10,geo_5,4500000,643394.86,100.442,67490.2,4872667,3743.57,636409,17385.58,2524679,7781.3,1783646,25513.29,811832
2025-11-17,geo_5,4500000,623969.42,100.151,13926.98,938002,4041.48,627603,17930.1,2821372,13692.4,2644520,13449.7,402131
2025-11-24,geo_5,4500000,778084.3,100.176,12812.48,828887,3800.81,567278,8306.67,1214166,12309.03,2406316,18591.8,608954
2025-12-01,geo_5,4500000,676801.36,99.601,48559.65,3471059,4395.26,685156,14948.88,2123885,14302.45,3080674,12898.08,451649
2025-12-08,geo_5,4500000,663722.54,98.159,47671.26,3253825,4019.42,596856,20356.25,2717011,5846.62,1213285,22261.91,675921
2025-12-15,geo_5,4500000,677371.51,99.585,50071.53,3747198,4011.15,711848,15132.25,2509370,6467.61,1405317,19662.39,602753
2025-12-22,geo_5,4500000,777253.55,99.558,53548.46,3410152,4327.87,664665,6593.76,1090831,6248.59,1317159,9756.03,310454
2023-01-02,geo_6,4000000,524512.92,101.631,14594.7,1198346,3502.53,631888,5425.86,782122,4752.63,1031122,14256.95,607201
2023-01-09,geo_6,4000000,536755.98,102.202,14454.69,1102265,3602.94,673901,5844.69,779086,4607.36,1009019,13965.43,610040
2023-01-16,geo_6,4000000,510136.07,101.523,10310.0,800369,2776.71,471061,6161.61,861879,4772.23,1029584,17718.16,737136
2023-01-23,geo_6,4000000,562899.39,97.644,12273.65,1068403,3194.34,482074,5329.02,700716,4298.32,892794,12458.1,562445
2023-01-30,geo_6,4000000,571071.5,95.539,46559.06,4034836,3256.76,527225,6035.72,781355,4856.54,1012954,15693.29,722988
2023-02-06,geo_6,4000000,655008.25,93.951,32462.83,2497120,10086.32,1671327,6640.07,936496,5223.41,1057098,39171.42,1804794
2023-02-13,geo_6,4000000,641105.95,94.993,46191.53,3838941,11857.58,2056314,7649.03,1126184,3726.84,811313,29611.18,1216598
2023-02-20,geo_6,4000000,622955.11,99.09,57609.93,4696214,13595.39,2289302,8395.76,1205994,3955.4,870156,13271.84,616658
2023-02-27,geo_6,4000000,588637.98,98.631,10174.89,823142,12202.23,2019908,5264.64,666808,4741.26,959488,18889.64,876761
2023-03-06,geo_6,4000000,631594.33,96.891,10667.6,905369,2996.49,468533,6539.07,857602,4117.93,945615,14310.66,614454
2023-03-13,geo_6,4000000,600846.67,96.136,12043.57,925733,3404.87,540914,14515.81,1938275,4470.74,1064088,16570.82,741883
2023-03-20,geo_6,4000000,626021.2,97.751,42841.74,3692477,3914.15,658218,18861.52,2863009,5765.26,1157253,12854.29,526650
2023-03-27,geo_6,4000000,557245.3,98.109,41677.34,3642631,11515.72,1679025,17091.95,2171955,5140.3,1213995,15464.61,662656
2023-04-03,geo_6,4000000,595747.96,97.985,43486.25,3366584,13481.96,2349041,6660.27,852233,5559.36,1138212,12603.42,541463
2023-04-10,geo_6,4000000,577389.01,96.175,34924.1,2943908,10762.89,1699815,6629.62,913545,6011.96,1342109,12122.37,551116
2023-04-17,geo_6,4000000,577063.13,97.393,11238.98,935769,11387.96,1789388,14516.84,1945628,5905.06,1294955,12165.57,569623
2023-04-24,geo_6,4000000,587768.99,97.511,8692.24,738512,2931.85,497223,14156.91,2175529,5085.21,1054236,13794.07,579736
2023-05-01,geo_6,4000000,532639.67,99.991,10236.83,844678,3275.49,557965,16009.97,2322007,6044.1,1419618,14866.82,709459
2023-05-08,geo_6,4000000,537205.08,100.637,11209.3,800464,2530.12,443110,6891.06,927307,4753.3,991411,15023.76,582415
2023-05-15,geo_6,4000000,555768.32,100.044,13150.05,1179823,3670.76,613813,7926.93,1203136,10832.78,2431461,12944.77,539533
2023-05-22,geo_6,4000000,512995.3,101.468,9581.77,842976,12170.13,2269717,17998.59,2359484,12439.28,2273758,11251.06,570137
2023-05-29,geo_6,4000000,524110.78,101.532,10863.56,975896,12237.31,2015486,15954.34,2298023,10742.72,2330110,8947.49,407286
2023-06-05,geo_6,4000000,518967.45,100.498,10486.16,868809,13732.35,2273804,19662.12,2547415,4901.59,1038462,13167.65,580003
2023-06-12,geo_6,4000000,513837.37,99.464,8435.8,688703,10471.97,1844472,6564.81,802018,4535.09,911821,13431.61,609888
2023-06-19,geo_6,4000000,504310.07,101.493,10386.14,888935,3615.06,606678,6358.82,846349,5336.92,1176817,12890.44,553029
2023-06-26,geo_6,4000000,522257.38,101.398,10195.83,791507,3254.53,569684,6402.8,814595,4823.0,1158343,15195.46,657129
2023-07-03,geo_6,4000000,554499.89,102.683,39998.61,3382557,13053.62,2192681,5781.5,720317,5346.96,1132187,14513.03,632252
2023-07-10,geo_6,4000000,511177.2,103.238,45057.46,3637659,14014.98,2213995,5499.77,736292,4497.22,890070,15845.95,729386
2023-07-17,geo_6,4000000,563436.53,101.995,37053.58,2832954,12143.17,1869806,5953.62,889815,3585.01,816444,14433.78,652721
2023-07-24,geo_6,4000000,540344.39,101.099,35235.25,2818329,10917.14,1720689,6216.72,851923,4997.5,1155048,14480.81,648201
2023-07-31,geo_6,4000000,568281.11,99.473,9145.47,740746,3370.64,572731,6612.01,866911,5531.04,963509,12083.83,442469
2023-08-07,geo_6,4000000,518390.33,100.006,9712.58,706414,3538.02,611409,5411.21,761773,9471.0,1969044,10851.73,494738
2023-08-14,geo_6,4000000,456382.43,99.123,9874.65,846142,4143.2,677576,6027.03,775854,9221.44,2007247,11478.98,530190
2023-08-21,geo_6,4000000,544344.84,100.205,11466.06,965200,3914.6,622679,4891.43,656289,8451.52,1797862,12879.93,557175
2023-08-28,geo_6,4000000,528583.35,98.672,8824.45,739354,3450.25,576884,17872.63,2357755,5111.92,1093410,26444.97,1109763
2023-09-04,geo_6,4000000,500999.0,101.789,11138.82,862271,13132.94,2276852,14318.61,1814033,4151.87,911663,20390.4,982312
2023-09-11,geo_6,4000000,472098.73,99.547,8708.35,674257,11834.94,2210700,13016.94,1814584,5120.68,1056196,11986.23,532018
2023-09-18,geo_6,4000000,473413.8,98.066,10288.6,833551,11073.77,1901640,6862.38,942880,5319.97,1084833,12907.39,592351
2023-09-25,geo_6,4000000,446423.72,99.786,11637.08,944752,12251.07,2000939,6332.28,855861,11260.96,2313277,13522.49,649965
2023-10-02,geo_6,4000000,470339.5,99.683,8236.31,659848,2848.7,490898,5448.43,694813,12035.41,2679730,11421.15,508508
2023-10-09,geo_6,4000000,454947.86,97.279,11074.04,874612,4080.64,678593,7719.93,1000475,11662.77,2275010,11948.84,558450
2023-10-16,geo_6,4000000,511822.4,98.927,12343.76,1039261,4180.76,697834,5761.42,731789,5751.94,1303374,11935.56,513251
2023-10-23,geo_6,4000000,456024.12,98.892,9425.87,747405,3082.16,459217,6208.65,909809,6341.88,1304289,14893.43,734986
2023-10-30,geo_6,4000000,484857.21,99.198,38409.63,3091374,3252.23,579700,5376.72,778621,6375.85,1395126,11114.45,526722
2023-11-06,geo_6,4000000,492075.4,96.77,41734.14,3467365,13273.46,2183934,6089.74,891952,10696.85,2361866,14076.74,676557
2023-11-13,geo_6,4000000,532080.13,95.314,39992.09,3422450,11340.99,2145363,15359.94,2151525,10921.28,2436151,11999.16,536669
2023-11-20,geo_6,4000000,689536.93,96.869,45004.5,3710938,15534.37,2674581,13304.5,2038715,11134.92,2404431,12915.38,583660
2023-11-27,geo_6,4000000,591224.59,96.725,10282.46,849180,11422.02,1972009,13747.09,2048389,5039.65,991776,15440.02,578460
2023-12-04,geo_6,4000000,561995.19,95.24,12242.75,931737,3254.16,512590,6752.4,965012,5171.58,1209936,12861.92,526271
2023-12-11,geo_6,4000000,543387.51,97.605,10917.92,954664,3774.46,560454,6119.97,821351,3888.23,754956,12401.96,499602
2023-12-18,geo_6,4000000,546672.7,98.346,10423.77,782633,3225.34,576763,6507.64,863020,4918.1,1011335,23520.78,1124455
2023-12-25,geo_6,4000000,579623.99,101.124,8228.63,684264,3144.16,522593,6374.4,896567,5464.94,1101839,22817.87,1075156
2024-01-01,geo_6,4000000,536902.66,97.774,9812.33,813263,3661.43,599287,6890.99,908664,5155.89,1160224,16478.58,757381
2024-01-08,geo_6,4000000,552962.13,98.802,11580.58,899028,3650.78,593589,6576.81,877128,4870.47,983065,13340.15,602859
2024-01-15,geo_6,4000000,541673.15,98.694,11708.41,1040307,3961.8,659685,6039.58,821984,4113.3,858816,14066.02,599194
2024-01-22,geo_6,4000000,581570.15,99.878,38159.89,3054829,3175.67,538583,7844.99,1068481,5864.45,1152276,13452.55,585397
2024-01-29,geo_6,4000000,545845.85,97.617,46981.6,3770448,3006.3,508736,6762.72,897987,5200.4,1118478,14234.83,605119
2024-02-05,geo_6,4000000,628939.63,97.129,45454.11,3763196,3094.36,493939,16894.26,2147031,4845.57,1046613,28840.8,1228502
2024-02-12,geo_6,4000000,628746.34,96.531,36395.43,3141061,3928.46,644483,17132.04,2203347,4631.1,976730,30272.32,1277132
2024-02-19,geo_6,4000000,621788.03,99.592,10564.56,758935,3561.82,569685,18547.8,2572374,5677.09,1254400,12823.42,577402
2024-02-26,geo_6,4000000,540384.92,98.81,9550.51,738012,2702.99,433649,5894.84,778767,5652.86,1281037,12965.11,526557
2024-03-04,geo_6,4000000,616233.44,100.592,8610.01,754986,2728.44,495302,16475.81,2148844,4813.2,1152665,13808.12,563043
2024-03-11,geo_6,4000000,551017.52,101.396,9759.52,887292,3125.74,523491,15969.43,2069928,4098.79,920443,13245.21,640690
2024-03-18,geo_6,4000000,589373.51,98.211,44171.4,3480275,4080.45,763775,14983.78,1871881,5241.47,1000581,12738.6,543148
2024-03-25,geo_6,4000000,570572.86,94.744,43003.81,3930654,12632.0,2086073,5472.94,880817,4545.27,970185,11755.6,514983
2024-04-01,geo_6,4000000,549793.47,94.224,43806.11,3842004,14204.02,2394980,4720.57,637184,4951.31,1046526,12594.2,575582
2024-04-08,geo_6,4000000,568080.6,97.095,46998.6,3941727,15788.77,2614713,5955.91,771991,4927.63,1022071,12710.0,560654
2024-04-15,geo_6,4000000,562379.0,99.4,11914.76,883690,13393.14,2236284,7570.76,999047,4333.63,1015726,9620.39,393598
2024-04-22,geo_6,4000000,555452.3,98.282,11142.54,934443,3546.86,617449,6567.5,970910,12960.12,2552020,10698.57,496194
2024-04-29,geo_6,4000000,553686.23,100.803,8606.15,708019,3256.83,585961,15418.55,2205306,9330.96,1932900,12870.09,643293
2024-05-06,geo_6,4000000,621462.87,101.26,8271.45,679529,2631.93,398863,15473.8,1995775,13110.54,2906725,15949.72,745863
2024-05-13,geo_6,4000000,569978.56,100.19,9058.47,762906,2981.1,550475,17980.46,2626344,4213.08,912021,10828.02,465700
2024-05-20,geo_6,4000000,495814.7,100.837,13246.28,1005695,3245.97,539600,6131.71,899810,4566.62,935802,9889.49,445419
2024-05-27,geo_6,4000000,563090.76,100.968,12315.72,1047904,3970.7,641151,6032.19,787317,4595.19,1016853,13347.54,612920
2024-06-03,geo_6,4000000,509661.92,102.401,9626.1,807251,2766.53,493825,6728.56,853080,4983.14,1084542,15733.03,668279
2024-06-10,geo_6,4000000,498778.69,102.889,12848.33,949717,3752.0,671397,6864.34,954010,4364.05,874849,11861.28,547365
2024-06-17,geo_6,4000000,536334.91,98.583,10264.15,779573,3941.78,634902,6776.08,955408,6221.3,1374540,11388.97,503136
2024-06-24,geo_6,4000000,546151.82,100.086,13700.8,998276,3031.4,509624,6831.69,942092,4730.49,935496,11306.62,490727
2024-07-01,geo_6,4000000,554273.7,99.846,14749.12,1187276,3281.37,613330,13183.36,1724868,5858.88,1146495,12858.38,603664
2024-07-08,geo_6,4000000,539669.14,101.243,12419.77,1011990,3084.58,495332,13553.44,1856808,5327.24,1148060,9843.71,415478
2024-07-15,geo_6,4000000,510145.02,101.9,14111.19,1213277,3251.34,547537,16509.98,2545510,4797.32,998493,13430.49,591876
2024-07-22,geo_6,4000000,525814.58,101.463,14047.66,1199452,4034.74,701557,6383.68,828058,4556.58,908852,11994.03,529064
2024-07-29,geo_6,4000000,501497.79,102.863,10164.08,830619,2655.29,417891,6075.64,825534,5108.27,1070986,12657.33,631707
2024-08-05,geo_6,4000000,460498.86,103.013,11618.36,954878,3440.07,523597,6506.53,898705,5233.1,1115955,12901.22,560514
2024-08-12,geo_6,4000000,439060.57,102.29,12376.64,1040886,3473.87,658132,6772.19,949608,4379.02,921415,14370.68,654219
2024-08-19,geo_6,4000000,490783.83,101.601,10707.87,826727,3365.79,584634,20590.58,2804536,4853.03,1042151,16091.27,736575
2024-08-26,geo_6,4000000,479390.46,101.498,9436.76,789490,2514.24,426626,12929.75,1708822,5483.16,1219014,12023.99,535286
2024-09-02,geo_6,4000000,523051.2,101.081,14175.9,1193801,3429.39,560604,14398.26,1780894,6219.45,1324704,14224.17,657195
2024-09-09,geo_6,4000000,553144.05,101.09,46919.62,3705176,3820.32,597963,7983.7,1052255,5698.55,1245516,15916.75,775670
2024-09-16,geo_6,4000000,472115.17,100.095,45490.47,3729825,10020.1,1792232,5453.61,713680,5102.17,1057676,13001.83,597269
2024-09-23,geo_6,4000000,482893.17,100.446,43930.55,3677383,11554.96,2104585,6144.7,821235,4757.74,961088,16296.34,791364
2024-09-30,geo_6,4000000,534973.23,97.583,45884.27,3820493,14075.63,2242820,5194.89,724170,4412.78,962509,31491.02,1391969
2024-10-07,geo_6,4000000,548493.72,97.013,12888.21,966401,11407.63,2002325,6717.16,877008,5902.36,1264056,25662.67,1185468
2024-10-14,geo_6,4000000,497106.05,98.461,10135.44,886216,2833.94,447570,5507.6,741358,5326.73,1137520,10530.95,482443
2024-10-21,geo_6,4000000,547831.17,99.438,11536.43,995574,3598.9,601045,6478.27,785805,5138.02,1033130,11324.42,507030
2024-10-28,geo_6,4000000,463548.64,98.084,11704.77,1010348,2814.18,429631,6286.99,798260,6207.78,1318313,12602.46,635947
2024-11-04,geo_6,4000000,497553.17,97.035,11173.19,877888,3219.9,586564,5688.62,716166,6021.17,1377695,13783.99,622698
2024-11-11,geo_6,4000000,515732.42,98.578,12004.96,844913,3347.27,579983,4981.68,665144,4582.05,907079,14228.63,640747
2024-11-18,geo_6,4000000,482942.31,99.152,11842.69,924737,2947.56,464539,5770.98,697978,4041.63,822608,13386.38,570432
2024-11-25,geo_6,4000000,642156.65,99.688,43235.45,3442579,2737.74,433254,16100.08,2330460,5178.37,1074333,13695.07,601111
2024-12-02,geo_6,4000000,515769.46,102.268,40141.45,3373687,10015.15,1565172,16460.49,2256614,4574.06,942276,13999.15,658709
2024-12-09,geo_6,4000000,603220.89,101.542,54389.58,4212065,11656.56,1774438,16518.5,2413549,12536.6,2704615,13562.7,550504
2024-12-16,geo_6,4000000,597265.14,99.916,60428.85,5303115,14004.37,2121187,5265.48,671562,10276.93,2283765,13149.23,566937
2024-12-23,geo_6,4000000,705557.06,101.83,14324.78,1148368,12848.4,2098946,7042.41,874720,13134.32,2657864,13967.97,691902
2024-12-30,geo_6,4000000,585551.76,101.02,11584.29,880553,3012.71,503507,5929.59,914735,5464.84,1162611,27126.7,1170886
2025-01-06,geo_6,4000000,558278.61,97.891,13643.97,1007349,3294.39,588136,5686.33,685568,4424.24,949042,26274.51,1090447
2025-01-13,geo_6,4000000,615501.05,95.938,12475.22,982540,2570.05,436983,5835.43,955292,14918.78,3254043,13566.92,615755
2025-01-20,geo_6,4000000,625217.05,96.68,11393.9,987459,2437.73,380716,6095.94,745901,11032.15,2324454,14827.34,594963
2025-01-27,geo_6,4000000,572553.09,96.543,11601.63,986205,2295.1,396617,5127.91,768503,12561.06,2458566,12806.38,588406
2025-02-03,geo_6,4000000,605391.05,97.738,11522.91,911767,2892.12,458849,5821.31,792479,5271.98,1065966,14807.14,645498
2025-02-10,geo_6,4000000,559482.16,100.562,13781.11,1095499,13813.25,2103558,6202.15,886934,4863.49,1011272,13903.71,604642
2025-02-17,geo_6,4000000,587483.55,97.751,11387.65,789834,11175.41,1729577,18698.25,2344010,4470.62,1010204,12299.95,671872
2025-02-24,geo_6,4000000,555116.99,97.712,14242.45,1161348,12150.49,2212647,15591.93,2177877,4426.42,944585,15506.57,783480
2025-03-03,geo_6,4000000,601002.2,99.076,11724.81,973703,10972.63,1591817,13830.92,1875568,4913.19,1028084,13085.56,555891
2025-03-10,geo_6,4000000,599650.8,100.748,47927.61,3968356,3083.81,517890,6838.33,966016,4282.22,884831,9900.76,453363
2025-03-17,geo_6,4000000,649043.75,99.298,48493.55,4260509,13118.78,2325476,5106.88,749733,12016.64,2478655,15177.6,694626
2025-03-24,geo_6,4000000,650217.59,101.373,41627.09,3624441,9612.05,1430036,7867.19,1085017,12490.68,2562127,13495.87,672383
2025-03-31,geo_6,4000000,584658.34,101.691,42396.15,3483483,12276.1,1999722,8770.92,1093677,13126.31,2883631,9898.47,446358
2025-04-07,geo_6,4000000,526255.34,101.035,10565.59,887164,11809.13,1781088,6635.98,873579,5451.3,1191763,13140.96,585787
2025-04-14,geo_6,4000000,561574.86,98.668,10848.62,961354,2524.24,357059,6122.64,738450,6934.97,1454745,13861.32,626754
2025-04-21,geo_6,4000000,577914.15,98.377,11773.28,1054106,3286.59,527531,7230.01,1002622,5373.47,1131812,13850.76,639252
2025-04-28,geo_6,4000000,619951.25,97.979,14437.97,1204345,3671.97,612544,6717.35,816634,5388.66,1207304,15553.79,706205
2025-05-05,geo_6,4000000,574460.68,100.277,13057.72,1076191,2862.19,435950,6651.07,809029,5232.41,1105578,27313.37,1053088
2025-05-12,geo_6,4000000,606662.48,97.805,14495.97,1249539,4009.5,673569,6620.32,930048,16361.07,3713988,31152.45,1417950
2025-05-19,geo_6,4000000,611297.3,97.608,13609.6,1137896,2991.13,609892,6116.12,831572,16927.65,3764784,13034.19,592811
2025-05-26,geo_6,4000000,613339.53,95.395,11199.43,886070,3020.09,490624,16760.94,2385922,12424.52,2605941,14451.02,677340
2025-06-02,geo_6,4000000,615866.56,96.099,46913.36,3534779,3392.07,508707,18992.74,2438132,4769.14,1068919,13744.07,610234
2025-06-09,geo_6,4000000,624758.32,97.459,45802.77,3478196,3536.67,665965,16149.59,2260115,5047.41,1013202,12656.14,646633
2025-06-16,geo_6,4000000,644717.31,96.81,48584.36,3708640,3224.04,591048,6002.48,850680,6861.45,1313339,12512.17,532547
2025-06-23,geo_6,4000000,563176.98,99.245,44564.77,3727340,3413.71,582398,6047.84,862060,5857.88,1310574,11613.82,494446
2025-06-30,geo_6,4000000,626746.12,98.886,13717.98,1046460,3210.72,519598,7097.61,1013740,6314.94,1371549,14021.09,628331
2025-07-07,geo_6,4000000,589407.18,98.594,11319.45,971727,3260.93,576939,18113.64,2537016,12714.08,2270872,28758.87,1351761
2025-07-14,geo_6,4000000,581061.34,99.223,12120.43,947011,3176.43,504461,15415.11,2190987,13676.57,2958608,28423.71,1272762
2025-07-21,geo_6,4000000,633125.85,96.676,52632.64,4508266,3663.87,617679,12290.94,1730397,14682.41,3158871,11046.02,501988
2025-07-28,geo_6,4000000,621000.2,96.97,52032.92,4096241,12247.56,2101404,5637.28,670896,6821.45,1525119,13103.17,605426
2025-08-04,geo_6,4000000,611027.61,97.761,44043.21,3640992,11782.6,2053328,5294.75,733362,5598.19,1168421,10863.97,516544
2025-08-11,geo_6,4000000,565015.36,99.639,43694.97,3511774,9107.92,1532621,13723.06,1786666,10668.14,2360538,10555.82,483084
2025-08-18,geo_6,4000000,515684.41,102.581,11565.93,972425,9935.27,1670186,18167.54,2446097,13283.8,2988399,11383.27,515213
2025-08-25,geo_6,4000000,562866.32,101.31,10445.94,868219,3079.71,551546,16841.03,2295600,15477.54,3468038,14261.42,642368
2025-09-01,geo_6,4000000,481733.87,101.803,14488.49,1125377,4205.81,762207,4701.9,627260,6891.37,1380081,12633.07,594191
2025-09-08,geo_6,4000000,521403.88,102.742,38783.71,3050409,2639.42,437788,5195.03,695602,4558.57,927876,11877.55,557241
2025-09-15,geo_6,4000000,503119.04,102.59,38300.4,3027786,11305.44,1558244,5673.98,874991,6244.38,1354699,12546.39,587819
2025-09-22,geo_6,4000000,585830.46,99.317,58375.71,4992412,17935.06,2826982,4983.76,648252,6557.99,1485093,11024.77,464633
2025-09-29,geo_6,4000000,599217.74,98.499,35624.51,3179617,11809.77,2050821,12294.63,1715967,13599.08,2682776,11988.42,531610
2025-10-06,geo_6,4000000,491451.47,99.687,10463.08,786934,13513.58,2122248,15066.36,2112769,12429.3,2603594,13126.81,608873
2025-10-13,geo_6,4000000,577856.34,99.269,12669.55,1049466,3915.68,733756,14649.65,2031627,13918.58,2901983,11854.97,519347
2025-10-20,geo_6,4000000,516180.77,100.402,46936.61,3955372,3283.9,497224,6155.77,924590,5360.25,1176055,10607.42,489897
2025-10-27,geo_6,4000000,582079.44,101.348,50803.25,3819526,3823.6,637613,5835.07,756009,6224.32,1327274,13323.91,589274
2025-11-03,geo_6,4000000,590999.19,101.087,56968.24,4500830,4320.18,715529,12778.69,1792465,4876.87,1027479,23495.62,967908
2025-11-10,geo_6,4000000,595317.55,100.442,63062.33,4866431,4088.8,678192,13940.47,1952346,6231.67,1386643,19564.04,885355
2025-11-17,geo_6,4000000,499318.26,100.151,11718.67,1020762,4164.56,699151,14729.12,2136787,12175.17,2812561,10164.36,453934
2025-11-24,geo_6,4000000,655320.99,100.176,11208.38,851716,3664.08,629997,6283.59,793445,10352.99,2307774,16431.95,709594
2025-12-01,geo_6,4000000,578249.83,99.601,41884.32,3382797,4167.71,623209,11290.42,1607793,13346.43,2800114,12122.82,551010
2025-12-08,geo_6,4000000,595036.78,98.159,41411.55,3048689,3594.43,625150,15745.47,2131126,5130.28,1107827,22581.13,1007370
2025-12-15,geo_6,4000000,610540.21,99.585,40718.13,3561047,3497.35,649513,11773.94,1615861,5896.26,1273973,21128.25,983089
2025-12-22,geo_6,4000000,682998.3,99.558,44085.65,3315522,3661.58,649002,4784.6,632677,5979.83,1466718,9693.42,442514
2023-01-02,geo_7,3500000,476860.45,101.631,13308.65,1065813,3825.83,594945,5453.38,829909,4642.46,847319,12115.78,428883
2023-01-09,geo_7,3500000,444458.59,102.202,12780.45,1056946,3623.75,567067,5450.25,757643,4651.02,847085,11542.71,507170
2023-01-16,geo_7,3500000,465831.3,101.523,9074.63,708894,2951.66,534393,5514.8,805790,4681.09,974438,14968.92,600109
2023-01-23,geo_7,3500000,477567.9,97.644,11288.49,854750,3256.67,536334,4880.69,751935,4523.96,870355,11480.29,425138
2023-01-30,geo_7,3500000,499258.4,95.539,41941.38,3183503,3599.44,557665,5601.84,771097,4678.59,933029,12703.38,506146
2023-02-06,geo_7,3500000,534839.67,93.951,31373.91,2247233,10624.4,1866184,6169.09,913339,5192.89,1034517,31847.14,1330053
2023-02-13,geo_7,3500000,568553.3,94.993,44493.99,3565301,11971.91,1952647,7318.98,1005921,3808.68,655323,27096.18,1114395
2023-02-20,geo_7,3500000,508430.8,99.09,53142.56,4329524,13957.88,2386215,8543.73,1150240,3819.03,807761,12161.2,469320
2023-02-27,geo_7,3500000,535207.61,98.631,9121.04,681936,12951.74,2007881,5549.48,799739,4550.3,876672,16612.0,659508
2023-03-06,geo_7,3500000,513081.52,96.891,9950.98,768859,3369.46,650436,6923.27,1064032,3837.12,672859,12274.13,443584
2023-03-13,geo_7,3500000,508109.22,96.136,11483.41,941390,3543.38,602896,14648.14,2223945,4274.59,843116,12974.69,530226
2023-03-20,geo_7,3500000,547395.93,97.751,37290.47,3010871,3814.28,613922,17896.25,2593579,5304.96,932542,9394.65,384438
2023-03-27,geo_7,3500000,564098.35,98.109,36821.38,2988408,11872.31,1786502,16268.97,2662867,4703.5,958571,11375.5,449539
2023-04-03,geo_7,3500000,585187.08,97.985,39826.41,3304027,12583.26,2110611,6656.95,1017429,5082.78,941902,8982.51,333418
2023-04-10,geo_7,3500000,548882.14,96.175,32868.89,2810682,10210.76,1777962,6520.82,932270,5212.55,1072962,9456.86,378811
2023-04-17,geo_7,3500000,529598.59,97.393,9831.49,769103,11393.26,2004162,14677.34,2090077,5256.23,1029770,9843.0,375926
2023-04-24,geo_7,3500000,482470.54,97.511,7635.28,567721,3187.06,458589,14493.38,2053157,4741.05,979669,10741.32,392301
2023-05-01,geo_7,3500000,505430.7,99.991,8851.72,673714,3544.83,571721,14805.2,2083274,5634.76,1063084,11641.15,406793
2023-05-08,geo_7,3500000,465240.46,100.637,9870.8,738431,2663.19,480296,6800.39,936031,4711.68,992570,12242.21,479345
2023-05-15,geo_7,3500000,480296.59,100.044,11311.52,837958,3897.03,593128,7684.45,912711,11543.3,2107976,10622.14,421252
2023-05-22,geo_7,3500000,460919.16,101.468,8333.46,665064,13420.43,2280414,16409.48,2337250,13061.19,2287088,9516.44,352197
2023-05-29,geo_7,3500000,493387.37,101.532,9381.88,772422,13393.07,2242201,14543.72,2407076,10979.91,2037593,7788.66,339230
2023-06-05,geo_7,3500000,477810.67,100.498,9667.17,784068,14397.65,2528235,16913.75,2482004,5174.9,937949,11859.65,459102
2023-06-12,geo_7,3500000,443295.25,99.464,7436.02,600511,10183.53,1668196,6016.49,864391,4694.71,1000447,11233.22,437019
2023-06-19,geo_7,3500000,447928.94,101.493,9863.77,734748,3571.35,664022,5741.7,890569,5420.17,973962,11368.26,399211
2023-06-26,geo_7,3500000,397872.23,101.398,9913.49,771485,3142.88,548865,5700.76,800089,5316.21,1014483,12137.61,497283
2023-07-03,geo_7,3500000,462589.6,102.683,42646.17,3350324,12803.46,2075125,4966.01,722462,5617.9,1112608,11970.55,436885
2023-07-10,geo_7,3500000,472872.54,103.238,51250.41,4073635,14028.45,2091900,4638.87,614511,4056.48,766265,12768.11,492707
2023-07-17,geo_7,3500000,507478.55,101.995,39109.19,2948382,12672.35,2164154,5224.55,788395,3724.61,715112,12661.58,490465
2023-07-24,geo_7,3500000,494172.8,101.099,39059.28,3121950,10766.34,1905689,5553.55,794310,5251.08,974249,13204.32,487833
2023-07-31,geo_7,3500000,456180.92,99.473,9574.14,664006,3298.42,543597,5962.2,826956,5674.04,999585,11350.97,393277
2023-08-07,geo_7,3500000,486275.0,100.006,9468.71,729590,3214.19,517333,5060.52,759831,9753.85,1872730,10274.89,391638
2023-08-14,geo_7,3500000,461352.25,99.123,10583.6,800758,3460.83,605212,5629.77,810307,9621.31,2016955,10069.19,395925
2023-08-21,geo_7,3500000,448097.82,100.205,12238.12,951237,3286.97,569134,4394.76,581460,8321.08,1559549,10433.57,392192
2023-08-28,geo_7,3500000,467796.24,98.672,8984.67,756049,2947.78,485042,15773.67,2206387,5366.34,1097507,22322.27,892136
2023-09-04,geo_7,3500000,446568.35,101.789,9625.33,746247,10913.2,1743091,12495.33,1719393,3936.1,717766,17719.85,755657
2023-09-11,geo_7,3500000,438675.98,99.547,7555.33,522951,10580.5,1764119,11862.66,1640537,4980.78,911525,10829.0,385412
2023-09-18,geo_7,3500000,384156.02,98.066,8472.91,617532,9617.2,1634600,6198.31,926611,5373.92,931830,11572.11,436888
2023-09-25,geo_7,3500000,400308.64,99.786,10326.3,907095,10551.8,1791567,5766.15,897644,11330.24,2142792,13950.16,553405
2023-10-02,geo_7,3500000,376291.46,99.683,7997.66,607622,2357.71,399852,4962.54,666408,11366.52,2141836,11442.86,481367
2023-10-09,geo_7,3500000,362527.0,97.279,11531.12,934200,3347.49,594304,6710.71,933926,10394.38,1856310,11563.85,460150
2023-10-16,geo_7,3500000,441122.36,98.927,13032.36,945710,3218.43,524550,4671.51,691252,5007.75,860874,11364.42,458972
2023-10-23,geo_7,3500000,395173.83,98.892,10887.71,868757,2406.49,403931,5837.52,800570,5997.5,1209534,13218.87,490442
2023-10-30,geo_7,3500000,436935.35,99.198,43436.81,3455080,2389.3,446582,5518.03,909149,6186.57,1187290,9565.42,341998
2023-11-06,geo_7,3500000,479955.93,96.77,46358.54,3185194,9263.32,1540550,6138.95,951991,10151.23,1787853,11468.39,477777
2023-11-13,geo_7,3500000,473232.34,95.314,44530.49,3224651,7694.62,1233015,15124.35,2158466,10207.39,1891215,9077.27,319730
2023-11-20,geo_7,3500000,590348.08,96.869,45886.14,3581108,11122.67,1862734,13474.28,2088944,11601.84,1969749,10214.1,431157
2023-11-27,geo_7,3500000,467259.21,96.725,10918.05,763009,8394.14,1385295,13621.07,2220768,5274.2,1059094,11277.41,406303
2023-12-04,geo_7,3500000,517979.68,95.24,13322.41,1069809,2607.83,414299,6930.87,1042915,5579.92,1150472,9513.0,377823
2023-12-11,geo_7,3500000,429518.16,97.605,11973.37,862380,2913.14,463176,6481.25,976919,4032.33,719617,9780.87,383216
2023-12-18,geo_7,3500000,496298.37,98.346,11278.94,862214,2458.84,381427,6668.99,985076,5516.56,949903,17830.57,668617
2023-12-25,geo_7,3500000,606644.59,101.124,8556.42,686686,2211.02,343200,5763.67,874919,5703.13,1073186,16593.87,681832
2024-01-01,geo_7,3500000,480505.06,97.774,10453.96,737349,2563.81,435747,6174.29,924482,5261.17,1124381,11188.77,458641
2024-01-08,geo_7,3500000,496078.86,98.802,11180.16,872398,2354.1,366806,5717.59,800190,5036.12,910133,9290.17,358029
2024-01-15,geo_7,3500000,489116.69,98.694,12700.04,1036380,2629.38,442603,5169.08,754303,4056.99,700356,9300.81,341250
2024-01-22,geo_7,3500000,454244.43,99.878,42824.92,3480357,2359.2,392315,6574.3,961792,6014.48,1271120,9298.12,333288
2024-01-29,geo_7,3500000,539074.7,97.617,48970.83,3579219,2461.26,411288,5169.2,692097,5436.86,974575,9878.12,381642
2024-02-05,geo_7,3500000,568166.68,97.129,51187.67,4149865,2807.37,441607,12129.2,1716495,4889.94,954431,20632.01,714401
2024-02-12,geo_7,3500000,534339.66,96.531,42024.85,3553802,3403.95,549710,13236.37,1821680,4528.92,845196,22139.35,872392
2024-02-19,geo_7,3500000,501432.58,99.592,12482.47,990749,3114.61,565461,15085.74,2123213,5307.3,932361,9362.19,391857
2024-02-26,geo_7,3500000,500825.98,98.81,10835.09,888523,2565.33,432626,4808.06,656328,5701.28,1182321,9522.47,356247
2024-03-04,geo_7,3500000,538727.29,100.592,9754.17,766709,2495.44,416093,14149.18,2017181,5030.82,933907,10273.46,403087
2024-03-11,geo_7,3500000,483284.59,101.396,10484.28,813658,2841.54,493989,14193.07,2227654,4543.31,873588,9483.76,342985
2024-03-18,geo_7,3500000,500514.97,98.211,49267.15,3484681,3830.72,643990,13997.57,1900912,6041.33,1272954,10251.82,401668
2024-03-25,geo_7,3500000,536016.49,94.744,44001.01,3180185,11588.64,2039535,5401.01,784890,5083.03,911523,9646.78,396780
2024-04-01,geo_7,3500000,506556.33,94.224,41486.72,3316063,12277.62,2206287,4458.63,693694,5595.02,1066017,10509.04,465729
2024-04-08,geo_7,3500000,529459.37,97.095,43622.32,3315279,14888.81,2450148,5828.37,816635,5336.55,1053633,10228.02,415885
2024-04-15,geo_7,3500000,512635.43,99.4,10441.25,775010,12166.32,1918566,7085.53,980931,4595.08,808971,8893.97,357667
2024-04-22,geo_7,3500000,459942.52,98.282,9815.57,790245,3169.59,506561,6465.44,898993,14268.37,2811183,9098.16,326167
2024-04-29,geo_7,3500000,492402.79,100.803,7541.42,589684,2834.0,480748,15137.22,2234262,10182.67,1956260,11130.71,475224
2024-05-06,geo_7,3500000,474042.09,101.26,7070.43,494616,2373.16,456770,15549.9,2498271,14910.29,2925632,13542.73,462384
2024-05-13,geo_7,3500000,531073.88,100.19,7454.62,599180,2364.93,387642,17671.64,2583498,4675.22,841815,10103.1,353539
2024-05-20,geo_7,3500000,472529.92,100.837,11003.21,854978,2609.93,430471,6132.55,841657,4760.86,956110,9046.33,321977
2024-05-27,geo_7,3500000,507055.11,100.968,10153.98,822927,3289.54,511832,5866.22,795429,5017.09,942397,11746.27,432772
2024-06-03,geo_7,3500000,475446.97,102.401,7822.11,608111,2494.38,399360,6083.55,811432,5118.97,848984,14976.89,580871
2024-06-10,geo_7,3500000,421388.66,102.889,11169.88,871118,3460.81,557077,6863.7,1088948,4550.27,920939,11451.39,458894
2024-06-17,geo_7,3500000,455876.12,98.583,8284.25,669516,3814.41,648924,6278.68,868897,6476.99,1215970,12329.68,464689
2024-06-24,geo_7,3500000,492854.08,100.086,9929.79,758871,2874.3,520437,5639.7,714282,5207.14,899302,12531.72,485517
2024-07-01,geo_7,3500000,419268.21,99.846,10845.23,852684,3194.63,503588,10948.25,1512858,6245.74,1085590,14460.28,581584
2024-07-08,geo_7,3500000,452794.83,101.243,9364.15,723244,2860.35,503123,10557.63,1507883,6189.72,1231470,9488.75,331322
2024-07-15,geo_7,3500000,485469.74,101.9,9926.54,783608,3226.83,495769,13449.17,1865665,5240.89,916631,11850.26,447186
2024-07-22,geo_7,3500000,426719.16,101.463,10124.12,732525,3844.22,573574,4716.65,756939,5023.45,992512,10884.34,448299
2024-07-29,geo_7,3500000,453753.49,102.863,7589.13,571104,2602.21,430250,4740.99,715582,6179.66,1100200,10407.63,424394
2024-08-05,geo_7,3500000,387225.37,103.013,9825.55,843343,3808.23,652620,5457.07,744247,5901.02,1170876,11368.91,395565
2024-08-12,geo_7,3500000,439244.95,102.29,11117.84,810079,3736.65,605648,6188.74,821858,5208.97,980195,12444.01,478050
2024-08-19,geo_7,3500000,436958.16,101.601,9277.03,681498,3801.8,670248,20585.72,3085499,5159.94,918046,13127.21,502678
2024-08-26,geo_7,3500000,396111.66,101.498,8269.29,677440,2743.49,467268,13641.59,1925410,6082.99,1052025,10545.66,379612
2024-09-02,geo_7,3500000,443664.18,101.081,11386.02,775242,3386.54,542114,15995.71,2244680,6370.67,1258052,12352.37,449817
2024-09-09,geo_7,3500000,449482.44,101.09,37356.11,2707029,4139.48,753768,7792.02,1198213,5003.34,912337,13812.12,554154
2024-09-16,geo_7,3500000,410243.28,100.095,34292.37,2539863,11547.69,1992329,5555.82,768002,4939.73,914842,10813.41,385505
2024-09-23,geo_7,3500000,452365.24,100.446,35460.16,2560359,13031.16,2370135,6599.31,836401,4898.68,940211,13942.52,521659
2024-09-30,geo_7,3500000,509648.77,97.583,39124.12,2901945,14824.22,2448592,5569.01,786268,4609.66,832408,26203.85,1002010
2024-10-07,geo_7,3500000,458036.94,97.013,11381.66,939663,12435.45,2199636,7440.87,1025295,5896.59,1104730,24329.91,825265
2024-10-14,geo_7,3500000,470852.17,98.461,9353.32,686371,3033.97,481583,5834.5,918553,5753.09,1071971,9609.38,385828
2024-10-21,geo_7,3500000,473973.16,99.438,10790.39,845402,3797.02,645155,6445.65,906318,5731.87,1030560,10026.04,382565
2024-10-28,geo_7,3500000,435213.06,98.084,10687.23,803509,3006.73,516256,6788.65,1000938,6906.67,1374041,10688.05,394837
2024-11-04,geo_7,3500000,437471.1,97.035,9834.39,788857,3429.02,572429,5649.15,808370,6418.36,1159323,12012.3,444253
2024-11-11,geo_7,3500000,432541.99,98.578,10132.33,745853,3559.82,621345,4965.51,738072,4736.17,866313,10918.13,437554
2024-11-18,geo_7,3500000,400964.69,99.152,9957.89,709701,3291.15,542050,5118.81,734648,4306.67,789611,10598.4,415750
2024-11-25,geo_7,3500000,547942.93,99.688,34578.86,2700122,3055.31,497439,14974.35,2101921,5619.69,1042750,11521.49,425557
2024-12-02,geo_7,3500000,472305.04,102.268,33219.57,2421664,10709.86,1848642,16320.84,2335740,5227.51,915097,10117.1,385872
2024-12-09,geo_7,3500000,523892.09,101.542,41793.47,3476852,11712.1,1822352,16348.29,2103122,14862.52,3087657,9930.72,389649
2024-12-16,geo_7,3500000,557616.87,99.916,43519.53,3379891,15484.84,2540920,5355.25,818869,11184.08,2469939,9754.0,382701
2024-12-23,geo_7,3500000,555521.39,101.83,9952.32,732707,14086.59,2282184,6898.86,987136,13151.9,2383033,10165.19,358933
2024-12-30,geo_7,3500000,496638.37,101.02,8134.02,664966,3280.13,580137,5926.04,921277,5416.59,1025630,20238.4,771908
2025-01-06,geo_7,3500000,515666.04,97.891,9286.56,734469,3484.31,549575,5496.56,764198,4169.92,830680,18198.65,715663
2025-01-13,geo_7,3500000,489003.75,95.938,8641.98,694215,2964.48,555437,5078.18,696924,15072.3,2974925,9245.0,361767
2025-01-20,geo_7,3500000,522920.6,96.68,7723.44,575803,2959.92,518821,4912.63,760690,10601.64,2198668,9046.8,348582
2025-01-27,geo_7,3500000,453660.23,96.543,7592.52,608745,2555.77,453946,4219.16,613488,10771.86,1986979,7642.43,300556
2025-02-03,geo_7,3500000,476600.78,97.738,7916.97,588238,3278.16,558595,5208.71,735322,4289.97,705763,8736.23,340735
2025-02-10,geo_7,3500000,507090.99,100.562,8839.85,629104,14169.95,2155316,5965.64,814254,4612.11,901431,8267.62,283172
2025-02-17,geo_7,3500000,478983.55,97.751,7627.71,553853,11514.14,2026019,17438.95,2495155,4509.11,813402,7082.9,276224
2025-02-24,geo_7,3500000,491074.6,97.712,10362.2,711164,12445.3,2093213,15523.01,2152141,4595.14,854123,9526.15,359878
2025-03-03,geo_7,3500000,467517.94,99.076,8814.87,741417,11596.74,2049980,11766.13,1677634,5187.99,1000755,8973.48,346389
2025-03-10,geo_7,3500000,484065.18,100.748,40473.91,3762051,3250.63,526288,5893.51,818834,3978.61,740367,7393.46,281807
2025-03-17,geo_7,3500000,570960.68,99.298,38644.23,2885207,13275.14,2352336,4817.08,735550,11467.84,2385014,10946.4,454271
2025-03-24,geo_7,3500000,516377.84,101.373,32936.92,2937338,10724.15,1786650,6627.74,1031204,11155.27,2195030,10749.95,417678
2025-03-31,geo_7,3500000,540834.98,101.691,33441.01,2854753,13523.54,2524372,7547.74,1140004,12562.48,2225072,7808.0,319161
2025-04-07,geo_7,3500000,527766.14,101.035,9213.35,739411,12490.34,2225840,5461.41,804050,5380.96,981720,10671.15,455419
2025-04-14,geo_7,3500000,535723.88,98.668,9002.1,804902,2498.97,400247,4930.76,686556,6339.69,1084704,10962.43,451760
2025-04-21,geo_7,3500000,494737.26,98.377,9089.4,740250,3391.63,601246,6450.39,950758,5093.07,979816,10509.08,434144
2025-04-28,geo_7,3500000,523743.39,97.979,10181.5,770411,3529.61,595741,5925.72,907599,5135.96,871236,12133.99,452464
2025-05-05,geo_7,3500000,515223.75,100.277,8625.03,680824,3023.82,522124,6260.55,944688,4609.42,936265,20480.69,788503
2025-05-12,geo_7,3500000,547900.56,97.805,9671.2,774676,3894.0,691035,6215.16,901607,14074.83,2671843,23449.74,832671
2025-05-19,geo_7,3500000,522574.79,97.608,8939.33,666882,2759.09,495946,5319.92,779314,14368.1,2513976,8950.49,358786
2025-05-26,geo_7,3500000,459244.67,95.395,7519.07,573331,2828.54,511366,14805.88,2190627,11447.94,2199495,9733.59,361272
2025-06-02,geo_7,3500000,468150.74,96.099,33166.46,2379956,3130.12,519270,15427.13,2188052,4688.71,905347,9554.47,373601
2025-06-09,geo_7,3500000,509247.03,97.459,37214.47,3177350,3106.75,499574,13413.42,1995544,4609.09,975090,9908.77,374938
2025-06-16,geo_7,3500000,537840.47,96.81,39069.0,2805025,3240.43,530763,4900.75,664769,5588.98,1026655,9716.72,386707
2025-06-23,geo_7,3500000,489998.44,99.245,33642.66,2631247,3545.96,615110,4882.3,657216,5456.06,1054032,9435.19,345123
2025-06-30,geo_7,3500000,472372.69,98.886,10325.63,804464,3296.61,594542,5134.66,823915,5942.25,1181975,10484.53,427994
2025-07-07,geo_7,3500000,527200.88,98.594,8804.49,635256,3391.55,567385,13833.69,2008719,10559.45,1836737,21085.29,826719
2025-07-14,geo_7,3500000,515716.8,99.223,9683.08,761387,3342.51,555831,12366.19,1808287,12254.61,2169279,22956.56,831584
2025-07-21,geo_7,3500000,579252.93,96.676,42769.13,3284688,3319.46,526771,10529.5,1488300,11568.01,2381230,9324.95,390585
2025-07-28,geo_7,3500000,525790.35,96.97,41749.59,3563195,9929.3,1624760,5167.28,754241,5700.05,1137769,10945.0,469778
2025-08-04,geo_7,3500000,514803.75,97.761,35613.59,2506173,9376.23,1475767,5109.36,698342,4556.19,814854,9004.87,361934
2025-08-11,geo_7,3500000,501555.69,99.639,34241.05,2436479,7932.09,1229305,13287.52,1838711,8381.26,1459807,9177.79,363165
2025-08-18,geo_7,3500000,462312.51,102.581,9551.38,694233,8494.59,1423464,16108.54,2310029,10970.54,1958888,9451.25,390607
2025-08-25,geo_7,3500000,458863.12,101.31,8672.04,652904,2669.84,455782,15303.96,2334512,13550.04,2590884,11400.71,438779
2025-09-01,geo_7,3500000,486093.54,101.803,11335.29,840314,3488.5,576181,4133.76,598837,5987.21,1144550,10788.02,420385
2025-09-08,geo_7,3500000,428641.94,102.742,33623.96,2655724,2446.94,383729,4406.43,646990,3783.6,798643,11291.2,410708
2025-09-15,geo_7,3500000,426829.06,102.59,31263.94,2665680,11004.37,1994566,4821.86,702540,5129.59,931946,12464.77,456650
2025-09-22,geo_7,3500000,463432.52,99.317,47989.35,3354502,17684.89,2938809,3851.87,522900,5571.47,1063244,10520.45,415280
2025-09-29,geo_7,3500000,436453.08,98.499,31377.43,2416438,11396.51,2017811,9110.89,1211252,11876.89,1943739,10602.48,411333
2025-10-06,geo_7,3500000,451684.65,99.687,9370.49,748950,12659.5,2205599,9805.94,1466459,10811.85,2010809,11508.49,471039
2025-10-13,geo_7,3500000,488855.83,99.269,10629.29,805926,3527.77,587202,10352.86,1432524,12940.87,2549819,10991.29,439092
2025-10-20,geo_7,3500000,509788.11,100.402,43036.35,3231584,2945.82,524570,4356.92,676837,5236.94,1084782,9868.88,341372
2025-10-27,geo_7,3500000,487944.38,101.348,45819.39,3245360,3241.03,543857,4869.4,689245,6557.63,1136048,13793.05,513917
2025-11-03,geo_7,3500000,509734.49,101.087,49361.3,3569502,3611.98,626912,10927.4,1452257,5204.16,973382,24049.21,935873
2025-11-10,geo_7,3500000,501880.3,100.442,56625.03,4595982,3564.08,615008,11587.51,1773100,6822.05,1316196,19935.38,766788
2025-11-17,geo_7,3500000,476690.89,100.151,10204.79,773911,3311.78,615028,11730.19,1826815,12073.03,2517343,10383.96,431884
2025-11-24,geo_7,3500000,612606.58,100.176,9722.37,790681,3073.03,540395,5381.59,844649,11007.98,2181473,16612.27,656861
2025-12-01,geo_7,3500000,464677.86,99.601,37700.82,3150660,3344.89,514109,9527.75,1556656,13207.58,2619366,11828.9,425673
2025-12-08,geo_7,3500000,515032.53,98.159,34583.61,2559096,3241.62,567258,12150.82,1832746,5035.21,881562,21013.8,807446
2025-12-15,geo_7,3500000,500546.54,99.585,35305.39,2713806,3088.47,496598,9547.43,1256851,5478.26,953232,20549.86,756018
2025-12-22,geo_7,3500000,572573.49,99.558,39780.19,2995356,3337.9,603207,4090.2,610466,5427.57,963170,9677.31,409013
2023-01-02,geo_8,2500000,319164.93,101.631,8262.37,781101,2492.8,440624,4624.17,671143,3712.44,802363,8282.18,318990
2023-01-09,geo_8,2500000,358062.37,102.202,7862.49,708043,2196.14,344637,4515.51,650692,3953.66,838171,7994.1,269354
2023-01-16,geo_8,2500000,365984.37,101.523,5670.15,532873,1856.43,296103,4447.87,652235,4084.11,733140,10311.03,434033
2023-01-23,geo_8,2500000,357946.88,97.644,7350.74,636276,2083.0,341034,3970.6,534260,3984.84,799950,6986.72,237657
2023-01-30,geo_8,2500000,377175.47,95.539,26150.55,2341019,2193.84,339062,4145.56,561009,4467.4,933737,7876.3,299863
2023-02-06,geo_8,2500000,356014.15,93.951,19813.1,1764101,6291.46,1001270,4244.08,565177,4840.26,1000234,19898.99,770715
2023-02-13,geo_8,2500000,369341.7,94.993,26836.57,2101119,7404.9,1206761,4878.6,608083,3640.88,728940,16024.46,694446
2023-02-20,geo_8,2500000,386724.6,99.09,31955.8,2898901,8565.56,1436685,5670.29,777921,3792.42,750090,7234.61,274369
2023-02-27,geo_8,2500000,373005.39,98.631,6200.27,604225,7996.17,1237499,3610.22,515153,4479.85,924293,9405.39,371947
2023-03-06,geo_8,2500000,371411.83,96.891,6899.52,600368,2036.34,318759,4473.48,593528,3697.67,729177,7124.56,286534
2023-03-13,geo_8,2500000,364252.57,96.136,7655.06,670994,2291.61,372987,9729.32,1443401,4200.83,889428,8172.13,314719
2023-03-20,geo_8,2500000,383116.02,97.751,26255.56,2196087,2415.87,371337,11725.07,1651957,4686.46,995657,6343.34,243383
2023-03-27,geo_8,2500000,383968.98,98.109,24895.75,1907011,7932.53,1293469,10237.16,1402332,4001.01,796154,7802.51,306290
2023-04-03,geo_8,2500000,335632.79,97.985,26884.66,2600045,8462.5,1345681,4190.75,585585,4411.16,980051,6501.55,257856
2023-04-10,geo_8,2500000,372901.02,96.175,23334.21,2060382,6360.21,1073868,4026.96,575488,4573.49,856509,7140.18,283600
2023-04-17,geo_8,2500000,362957.7,97.393,7209.42,647386,6939.67,1150879,8644.28,1170578,4123.67,855393,6596.14,229287
2023-04-24,geo_8,2500000,371568.33,97.511,5813.15,435671,1808.01,308502,8368.96,1252405,3682.23,831455,7952.14,330948
2023-05-01,geo_8,2500000,344704.17,99.991,6927.24,609233,2137.56,352107,9464.67,1465572,4105.82,833963,9141.28,351143
2023-05-08,geo_8,2500000,326541.62,100.637,7345.83,630000,1498.73,245961,4191.19,582447,3099.32,570145,9933.46,382681
2023-05-15,geo_8,2500000,349868.64,100.044,7960.9,719167,2439.32,405207,5015.5,666145,6973.21,1438163,8472.67,363829
2023-05-22,geo_8,2500000,311313.11,101.468,5685.01,490452,7263.73,1171266,11886.73,1753377,7741.34,1439775,6965.28,309132
2023-05-29,geo_8,2500000,324557.8,101.532,6768.49,551567,6876.05,1193865,10636.97,1469231,6791.23,1409662,5592.9,225687
2023-06-05,geo_8,2500000,319409.24,100.498,7047.42,723798,7556.85,1253823,12897.13,1801073,3360.57,619678,8825.21,363342
2023-06-12,geo_8,2500000,334023.77,99.464,5497.71,447802,5501.37,932715,4297.11,581324,3249.95,614463,7975.77,305308
2023-06-19,geo_8,2500000,310912.23,101.493,7252.25,620804,2022.96,338151,3904.81,540129,3968.92,755610,8046.7,309355
2023-06-26,geo_8,2500000,310448.07,101.398,7248.98,630169,1784.47,297709,3915.07,493003,3725.72,716942,9464.27,360391
2023-07-03,geo_8,2500000,312410.34,102.683,30965.69,2639463,7215.1,1130134,3387.15,509214,3991.97,803498,8553.77,353559
2023-07-10,geo_8,2500000,341412.26,103.238,34802.94,3143536,7911.94,1367136,3091.65,471549,3354.79,705259,9332.75,367988
2023-07-17,geo_8,2500000,354818.91,101.995,27664.89,2140187,7287.25,1324842,3553.65,468133,2961.1,627091,9402.1,389024
2023-07-24,geo_8,2500000,369891.13,101.099,27672.65,2412647,6317.85,983848,3911.97,541485,4382.97,861289,9570.26,377987
2023-07-31,geo_8,2500000,337660.15,99.473,7114.5,544848,1957.84,297904,4085.1,588616,4457.14,1013680,7955.06,308761
2023-08-07,geo_8,2500000,321320.84,100.006,7181.16,576993,2005.13,327425,3712.66,477570,7875.9,1772887,7480.95,312680
2023-08-14,geo_8,2500000,304583.44,99.123,7763.8,666294,2230.03,374483,3977.69,538581,7582.28,1447319,7973.51,320768
2023-08-21,geo_8,2500000,300784.09,100.205,8902.17,748882,2103.31,336236,3251.84,476766,6846.01,1529475,8873.05,342302
2023-08-28,geo_8,2500000,341396.02,98.672,6250.81,544332,1906.49,286254,11791.7,1741629,4057.66,891967,21280.24,863031
2023-09-04,geo_8,2500000,315002.93,101.789,7044.56,609034,6783.22,1125601,8924.34,1223697,3089.35,638696,15560.22,648516
2023-09-11,geo_8,2500000,300555.29,99.547,5386.88,438347,6671.11,1101207,8087.85,1140665,3703.41,741621,8091.69,296559
2023-09-18,geo_8,2500000,308185.09,98.066,6217.51,525806,5990.76,996310,3588.65,466745,3654.26,700975,8407.77,318847
2023-09-25,geo_8,2500000,277976.32,99.786,8112.63,740074,6631.12,1083452,3432.05,470595,7574.8,1476178,10045.66,366101
2023-10-02,geo_8,2500000,296349.16,99.683,5636.49,505123,1557.58,228322,2903.34,398355,7926.68,1625679,8619.1,327056
2023-10-09,geo_8,2500000,302264.54,97.279,7491.46,619686,2283.16,374838,4024.25,552285,7723.42,1558310,9447.07,363274
2023-10-16,geo_8,2500000,311114.73,98.927,8053.04,644454,2357.05,393538,2856.78,422915,3975.77,801779,8970.31,308113
2023-10-23,geo_8,2500000,285831.1,98.892,6041.86,516081,1851.8,298749,3412.14,432533,4259.15,824926,11158.75,463159
2023-10-30,geo_8,2500000,287364.49,99.198,25008.33,2045182,1865.48,324183,2971.19,413810,4330.94,902560,7910.69,304092
2023-11-06,geo_8,2500000,326852.21,96.77,27938.67,2432191,7747.84,1221271,3546.45,512350,7362.16,1445682,10064.38,385556
2023-11-13,geo_8,2500000,322486.14,95.314,26042.95,2472357,6647.08,934692,9492.53,1449273,7883.8,1499384,8288.83,308310
2023-11-20,geo_8,2500000,399379.92,96.869,27703.45,2552309,9475.61,1493833,7852.8,1087098,9015.92,1837690,9187.07,363484
2023-11-27,geo_8,2500000,361813.94,96.725,6069.48,469266,6931.68,1000033,7982.89,1231484,4315.89,1003041,10764.53,426697
2023-12-04,geo_8,2500000,378000.05,95.24,7848.98,652454,2020.24,324502,4233.21,530058,4653.6,938077,9274.42,329432
2023-12-11,geo_8,2500000,331641.69,97.605,7344.12,637065,2222.91,346315,3675.13,523052,3247.72,647511,9417.41,391316
2023-12-18,geo_8,2500000,334582.6,98.346,7308.19,727144,1823.09,309224,3940.37,608526,4289.85,842570,17731.44,699332
2023-12-25,geo_8,2500000,350263.68,101.124,5275.96,461174,1799.67,276650,3774.3,530658,4249.02,866509,17233.89,646681
2024-01-01,geo_8,2500000,397825.82,97.774,6496.92,535673,2045.3,307482,4031.95,618170,3865.88,780878,11234.05,473340
2024-01-08,geo_8,2500000,350606.28,98.802,7359.17,624119,1844.72,298530,3715.94,565769,3485.85,668772,9512.84,367041
2024-01-15,geo_8,2500000,353646.6,98.694,8068.85,685653,2151.94,334927,3329.52,489491,2827.41,553675,9279.67,397455
2024-01-22,geo_8,2500000,340283.55,99.878,27920.39,2394186,1871.83,267010,4345.82,635767,4030.74,902163,8742.28,326062
2024-01-29,geo_8,2500000,363248.11,97.617,31224.21,2583827,1853.58,263878,3431.57,413172,3401.94,663271,8665.68,355943
2024-02-05,geo_8,2500000,416623.88,97.129,32134.48,2772264,1963.93,304692,8672.01,1260734,3035.28,681565,18850.19,757094
2024-02-12,geo_8,2500000,391841.48,96.531,27849.88,2455494,2403.45,384399,9107.59,1267224,2856.73,534553,20432.78,714592
2024-02-19,geo_8,2500000,371039.97,99.592,8083.56,659502,2285.69,364894,10510.25,1489321,3620.06,704342,8084.27,325425
2024-02-26,geo_8,2500000,391477.61,98.81,7007.69,573282,1858.36,345570,3408.61,453108,3465.65,676203,8367.21,333709
2024-03-04,geo_8,2500000,387988.83,100.592,6503.9,542456,1847.85,303847,9091.73,1207952,3265.02,621625,9304.17,354727
2024-03-11,geo_8,2500000,333811.93,101.396,7387.28,662155,2148.96,361197,8956.62,1241525,2841.56,581978,8553.79,319462
2024-03-18,geo_8,2500000,394138.88,98.211,35588.1,2980710,2793.08,454224,8566.23,1185711,3568.52,735959,8546.9,355367
2024-03-25,geo_8,2500000,388097.07,94.744,32865.8,2929085,9000.54,1390966,2939.74,387702,3073.14,628361,7958.89,343953
2024-04-01,geo_8,2500000,382745.92,94.224,32166.26,2867453,9618.45,1496548,2367.82,340337,3365.9,686042,7935.45,278931
2024-04-08,geo_8,2500000,368655.81,97.095,33468.74,2938118,10735.38,1741780,3114.0,445430,3534.25,681932,8022.84,305710
2024-04-15,geo_8,2500000,355568.07,99.4,8166.39,819239,9419.3,1517084,3927.04,550898,3367.67,638204,6931.02,259329
2024-04-22,geo_8,2500000,371301.39,98.282,7572.65,634058,2406.25,394768,3451.51,487198,10387.07,2121318,7371.5,265411
2024-04-29,geo_8,2500000,372653.91,100.803,5793.97,555659,2185.37,358714,8414.48,1215385,7928.76,1405522,8887.86,371682
2024-05-06,geo_8,2500000,371908.84,101.26,5877.19,466617,1745.89,315714,8019.81,1110521,10228.92,2103932,12384.35,470776
2024-05-13,geo_8,2500000,376224.67,100.19,6922.73,616707,1836.39,276065,9233.26,1256325,3392.32,787521,8846.23,355797
2024-05-20,geo_8,2500000,326017.6,100.837,10265.11,870571,2019.64,345846,3087.51,423743,3630.99,688999,7490.42,328491
2024-05-27,geo_8,2500000,364857.14,100.968,9082.42,698822,2404.06,443332,3168.32,475082,3592.98,696097,9463.23,362626
2024-06-03,geo_8,2500000,347038.47,102.401,6603.34,544332,1898.16,306580,3834.94,523114,3586.41,760950,11436.65,449335
2024-06-10,geo_8,2500000,338022.63,102.889,8074.74,703446,2214.61,337054,4090.2,562681,3107.63,552393,8236.38,288343
2024-06-17,geo_8,2500000,338573.38,98.583,6403.6,569800,2369.42,360479,3798.08,623584,4359.1,828474,8433.41,318241
2024-06-24,geo_8,2500000,342305.08,100.086,7628.78,672150,1962.19,365448,3781.12,516424,3330.86,648009,8625.54,328310
2024-07-01,geo_8,2500000,325235.71,99.846,8177.08,679623,2294.08,368242,7641.93,1076169,4067.01,831156,10495.21,424653
2024-07-08,geo_8,2500000,341656.62,101.243,7163.03,557955,2030.77,336490,7504.55,1146580,3545.41,758299,7533.9,277512
2024-07-15,geo_8,2500000,349600.56,101.9,7182.64,644431,2057.94,302005,9183.42,1245829,3341.1,714164,10977.83,474164
2024-07-22,geo_8,2500000,340922.77,101.463,7409.52,727577,2450.24,466590,3412.38,447492,2911.39,533875,9769.67,377132
2024-07-29,geo_8,2500000,319935.04,102.863,5231.63,450773,1668.75,264887,3333.27,433523,3486.58,723411,9837.68,375668
2024-08-05,geo_8,2500000,308679.03,103.013,6147.23,588667,2281.66,408822,3714.6,478120,3326.41,680500,9006.26,364907
2024-08-12,geo_8,2500000,324056.21,102.29,6624.0,578348,2402.84,368920,4080.55,554105,2906.72,555399,9479.14,391272
2024-08-19,geo_8,2500000,287125.34,101.601,5811.44,476381,2413.27,393716,12899.81,1809215,3087.3,598553,10532.27,432205
2024-08-26,geo_8,2500000,283083.81,101.498,5289.85,498826,1669.8,269803,8367.24,1063162,3619.28,697590,7846.16,318794
2024-09-02,geo_8,2500000,312863.91,101.081,7694.7,612751,2196.9,354218,9078.23,1279560,3615.8,705242,8844.37,341554
2024-09-09,geo_8,2500000,313910.13,101.09,24673.5,2048274,2473.35,388862,5033.03,733383,3046.45,614676,9898.12,386489
2024-09-16,geo_8,2500000,321134.09,100.095,22743.32,1842261,6425.79,1037290,3477.02,515478,3148.95,622451,7714.74,266815
2024-09-23,geo_8,2500000,332565.97,100.446,22677.39,1851390,7259.96,1160825,3768.65,557777,3083.03,630032,9545.95,358323
2024-09-30,geo_8,2500000,343578.35,97.583,25615.43,2111476,8342.37,1415962,3135.17,471824,2791.33,513849,19259.18,734906
2024-10-07,geo_8,2500000,316869.7,97.013,7711.15,677763,7103.86,1174481,4288.68,529861,3859.72,849199,18239.3,695735
2024-10-14,geo_8,2500000,286361.49,98.461,6344.34,519576,1728.99,269346,3538.08,529654,3711.47,705207,7374.97,271817
2024-10-21,geo_8,2500000,319613.82,99.438,7343.18,595367,2365.7,441416,4547.79,592733,3557.67,707388,7759.25,306781
2024-10-28,geo_8,2500000,303984.3,98.084,7025.12,637250,1892.72,303718,4785.05,593151,4057.29,769824,8984.56,365139
2024-11-04,geo_8,2500000,296811.64,97.035,6602.26,615138,2100.36,363505,4064.25,679068,3863.46,791094,9335.72,357669
2024-11-11,geo_8,2500000,298341.59,98.578,6413.32,555996,2171.28,337493,3507.49,483856,2743.01,532959,8905.56,363565
2024-11-18,geo_8,2500000,340778.78,99.152,6841.71,578796,1965.34,290325,3621.62,534222,2561.67,496274,8414.83,308582
2024-11-25,geo_8,2500000,409649.18,99.688,24158.07,2166530,1788.98,275127,10539.5,1481212,3381.47,661917,9795.78,398739
2024-12-02,geo_8,2500000,332163.53,102.268,22258.47,1730801,6653.45,1071849,11346.15,1633874,3225.55,584323,8851.68,338240
2024-12-09,geo_8,2500000,331388.3,101.542,28362.37,2334103,7444.28,1141676,12908.3,1897010,8886.69,1707124,8799.89,330622
2024-12-16,geo_8,2500000,374228.02,99.916,30713.62,2660507,9029.83,1668467,3757.74,536661,7941.48,1524770,8261.09,312294
2024-12-23,geo_8,2500000,426624.5,101.83,6686.78,534069,8662.02,1331497,5110.96,690501,9882.37,1991093,8344.76,336850
2024-12-30,geo_8,2500000,339417.02,101.02,5531.71,488956,2043.54,373037,4196.07,579957,4094.1,816823,15555.14,557991
2025-01-06,geo_8,2500000,393445.19,97.891,6359.26,584299,2172.34,347192,4151.59,505301,3213.85,611591,15325.04,663899
2025-01-13,geo_8,2500000,345794.61,95.938,6152.2,490421,1887.83,316955,4097.98,558928,11716.48,2488106,7652.38,275632
2025-01-20,geo_8,2500000,349576.66,96.68,5621.47,484538,1829.36,267537,3712.98,486994,7957.65,1783482,7910.06,302471
2025-01-27,geo_8,2500000,364531.65,96.543,6062.77,516205,1656.67,291847,3104.94,422660,8538.4,1711965,6670.1,245367
2025-02-03,geo_8,2500000,355358.75,97.738,6548.76,566665,2037.19,314221,3753.3,561330,3473.18,639501,8070.64,287846
2025-02-10,geo_8,2500000,360450.19,100.562,7078.83,667167,9232.7,1498338,4087.8,538503,3464.61,687050,7331.45,280879
2025-02-17,geo_8,2500000,384330.63,97.751,5830.47,448120,7679.01,1356091,11901.29,1678786,3363.51,655055,6735.09,266488
2025-02-24,geo_8,2500000,358563.69,97.712,7951.69,649904,8149.63,1230516,11407.92,1592313,3460.4,678427,8926.31,380221
2025-03-03,geo_8,2500000,348070.22,99.076,6770.68,555101,7509.34,1264219,8600.94,1258232,3637.7,750120,7806.24,313742
2025-03-10,geo_8,2500000,350026.24,100.748,30943.17,2447780,2186.43,350356,4547.64,683934,2710.57,552166,5976.95,219527
2025-03-17,geo_8,2500000,407300.41,99.298,29578.09,2699913,8698.37,1559265,3465.88,462695,7565.83,1501669,8816.84,326489
2025-03-24,geo_8,2500000,366136.94,101.373,25953.64,2087790,6702.9,1213779,5323.76,752040,7270.42,1403318,8461.6,331180
2025-03-31,geo_8,2500000,374013.61,101.691,25135.58,2063702,8591.48,1328816,5209.38,698596,7505.95,1549066,6152.28,253204
2025-04-07,geo_8,2500000,364657.97,101.035,6931.3,587768,8554.96,1374754,3731.62,482841,3238.02,713773,8310.96,327676
2025-04-14,geo_8,2500000,345717.43,98.668,6737.62,566576,1755.84,271102,3486.83,460894,3898.75,859843,8065.54,305514
2025-04-21,geo_8,2500000,344529.51,98.377,7383.91,687081,2395.91,366597,4417.22,610559,3213.46,615736,7063.95,274679
2025-04-28,geo_8,2500000,344096.77,97.979,8656.06,749482,2669.99,418438,4222.15,602919,3154.79,633294,8082.26,303912
2025-05-05,geo_8,2500000,339482.94,100.277,7508.9,681347,2033.68,268803,4368.99,610682,3103.3,669094,14180.68,609835
2025-05-12,geo_8,2500000,385690.36,97.805,8697.89,686172,2722.06,451633,4330.89,596409,9801.56,1842388,16354.65,671824
2025-05-19,geo_8,2500000,325727.01,97.608,8114.33,701254,1910.97,293419,3563.93,484517,10132.24,2093948,6545.24,239520
2025-05-26,geo_8,2500000,348777.56,95.395,7023.74,637329,1776.26,307357,11035.14,1486217,7745.31,1412842,7214.09,276411
2025-06-02,geo_8,2500000,372301.05,96.099,32168.8,2733648,1912.72,316464,12297.4,1751268,3172.08,661243,6276.54,237766
2025-06-09,geo_8,2500000,371764.85,97.459,34091.17,2958546,2076.79,351798,10453.39,1596550,3247.64,669522,6699.15,268656
2025-06-16,geo_8,2500000,387996.41,96.81,33708.98,2994846,1966.79,320385,4006.18,565153,4035.25,859793,6416.28,270823
2025-06-23,geo_8,2500000,361041.48,99.245,28006.2,2485944,2123.22,336796,3795.74,522896,3901.05,890049,6228.85,243404
2025-06-30,geo_8,2500000,368306.49,98.886,8616.25,753734,1958.81,321778,4214.76,558375,3998.68,874736,7768.81,310999
2025-07-07,geo_8,2500000,386929.8,98.594,7457.26,583153,2074.9,345589,10110.02,1432627,7386.24,1530749,16038.14,602432
2025-07-14,geo_8,2500000,387487.75,99.223,7238.78,629453,2249.46,392779,8301.7,1177945,8193.38,1824596,17762.33,705369
2025-07-21,geo_8,2500000,366760.6,96.676,33244.97,2777865,2394.66,386135,7298.05,1044221,8652.97,1683170,7240.52,283784
2025-07-28,geo_8,2500000,380111.35,96.97,30116.39,2321172,7940.55,1170163,3472.37,429839,3989.5,740631,8575.07,355407
2025-08-04,geo_8,2500000,354225.74,97.761,27681.49,2334169,8027.27,1308682,3225.91,496097,3253.48,619204,7048.22,277964
2025-08-11,geo_8,2500000,404974.41,99.639,26339.01,2253556,6472.06,1054281,8906.25,1161473,5880.15,1186838,7059.76,300398
2025-08-18,geo_8,2500000,347015.52,102.581,7091.61,621538,6913.36,1136207,10760.38,1614360,7357.76,1479590,7372.2,288479
2025-08-25,geo_8,2500000,300927.88,101.31,6392.86,536388,2267.24,381604,9556.95,1421490,8585.4,1778221,8689.63,342891
2025-09-01,geo_8,2500000,326896.8,101.803,9378.41,829178,2826.06,524551,2717.93,361607,3808.94,805835,7989.52,320753
2025-09-08,geo_8,2500000,330082.04,102.742,26742.95,2307976,1850.14,273728,2954.66,425513,2281.14,459810,7722.79,312710
2025-09-15,geo_8,2500000,315307.52,102.59,24600.4,2049798,7915.47,1338636,3522.54,481788,3161.97,595383,8201.34,332983
2025-09-22,geo_8,2500000,340157.71,99.317,37543.49,3184211,11769.87,1946704,2891.12,394238,3294.98,644914,7562.72,326541
2025-09-29,geo_8,2500000,316872.11,98.499,22388.89,2066492,7055.57,1132863,7514.34,1149571,6893.2,1584808,7784.63,302480
2025-10-06,geo_8,2500000,345649.36,99.687,6321.95,546241,8060.81,1282132,9257.91,1294089,6475.96,1312183,8575.5,320537
2025-10-13,geo_8,2500000,359684.36,99.269,7520.92,635431,2308.09,371958,9253.33,1278895,7765.11,1642327,7237.78,278337
2025-10-20,geo_8,2500000,326501.13,100.402,27108.34,2120927,1742.2,302141,3711.1,583496,2906.9,563500,6429.47,242329
2025-10-27,geo_8,2500000,354083.4,101.348,28886.46,2357367,1976.02,359437,4220.29,551222,3668.91,758519,8180.64,323755
2025-11-03,geo_8,2500000,373216.35,101.087,32410.64,2570780,2261.42,344143,9012.28,1461234,2751.95,583365,15042.11,606416
2025-11-10,geo_8,2500000,387231.14,100.442,35446.87,2886577,2214.94,356536,9604.15,1335742,4044.4,748981,13027.47,489113
2025-11-17,geo_8,2500000,353610.11,100.151,6765.42,652859,2200.95,346860,9129.07,1367323,7454.72,1440959,7545.28,309154
2025-11-24,geo_8,2500000,410004.79,100.176,6915.2,597671,2073.23,307089,4188.89,579548,7179.77,1478240,11963.47,435551
2025-12-01,geo_8,2500000,366866.36,99.601,28059.08,2634919,2451.62,412512,7550.33,1080167,8580.06,1629307,8516.67,349771
2025-12-08,geo_8,2500000,398190.65,98.159,25295.52,2084946,2098.58,331959,9686.25,1390096,3187.0,546225,16702.33,642362
2025-12-15,geo_8,2500000,395558.1,99.585,24421.28,1909686,2211.85,393989,7443.77,1027718,3491.07,686422,15397.67,642902
2025-12-22,geo_8,2500000,454101.23,99.558,27845.39,2447052,2156.71,349309,2896.73,402316,3377.85,689477,6919.71,249497
